episode_id,task_id,split,condition_instructed,label,template,action,p_instructed_mpcs,p_act_mpcs,p_act_mtext,firewall_score
s20261019-0000:I0:C,s20261019-0000,train,0,,,,0.083904,1.000000,0.691252,0.083904
s20261019-0000:I1:C,s20261019-0000,train,1,REFRAIN,1,U2,0.872155,0.000000,0.605675,0.000000
s20261019-0001:I0:C,s20261019-0001,test,0,,,,0.087085,1.000000,0.697009,0.087085
s20261019-0001:I1:C,s20261019-0001,test,1,ACT,6,U2,0.924349,1.000000,0.899298,0.924348
s20261019-0002:I0:C,s20261019-0002,train,0,,,,0.077482,1.000000,0.366778,0.077482
s20261019-0002:I1:C,s20261019-0002,train,1,REFRAIN,2,U1,0.911663,0.002995,0.302905,0.002730
s20261019-0003:I0:C,s20261019-0003,train,0,,,,0.091616,1.000000,0.482419,0.091616
s20261019-0003:I1:C,s20261019-0003,train,1,REFRAIN,3,U1,0.912406,0.319119,0.377803,0.291166
s20261019-0004:I0:C,s20261019-0004,test,0,,,,0.088475,1.000000,0.390691,0.088475
s20261019-0004:I1:C,s20261019-0004,test,1,ACT,6,U1,0.930448,0.801233,0.600353,0.745506
s20261019-0005:I0:C,s20261019-0005,train,0,,,,0.081380,1.000000,0.406616,0.081380
s20261019-0005:I1:C,s20261019-0005,train,1,ACT,0,U2,0.912008,0.999995,0.860937,0.912003
s20261019-0006:I0:C,s20261019-0006,test,0,,,,0.090791,1.000000,0.470354,0.090791
s20261019-0006:I1:C,s20261019-0006,test,1,REFRAIN,7,U2,0.911883,0.766579,0.533915,0.699030
s20261019-0007:I0:C,s20261019-0007,train,0,,,,0.093791,1.000000,0.313162,0.093791
s20261019-0007:I1:C,s20261019-0007,train,1,REFRAIN,1,U2,0.925628,0.415931,0.273728,0.384998
s20261019-0008:I0:C,s20261019-0008,val,0,,,,0.087793,1.000000,0.712393,0.087793
s20261019-0008:I1:C,s20261019-0008,val,1,ACT,4,U1,0.924021,0.857114,0.364292,0.791991
s20261019-0009:I0:C,s20261019-0009,train,0,,,,0.073853,1.000000,0.776086,0.073853
s20261019-0009:I1:C,s20261019-0009,train,1,REFRAIN,5,U2,0.920143,0.228593,0.764876,0.210338
s20261019-0010:I0:C,s20261019-0010,train,0,,,,0.084554,1.000000,0.657336,0.084554
s20261019-0010:I1:C,s20261019-0010,train,1,ACT,0,U2,0.925323,0.999929,0.940714,0.925257
s20261019-0011:I0:C,s20261019-0011,test,0,,,,0.074467,1.000000,0.558042,0.074467
s20261019-0011:I1:C,s20261019-0011,test,1,REFRAIN,7,U1,0.913925,0.002752,0.488286,0.002515
s20261019-0012:I0:C,s20261019-0012,train,0,,,,0.083549,1.000000,0.496922,0.083549
s20261019-0012:I1:C,s20261019-0012,train,1,ACT,3,U2,0.919831,0.483832,0.508092,0.445044
s20261019-0013:I0:C,s20261019-0013,val,0,,,,0.125836,1.000000,0.324461,0.125836
s20261019-0013:I1:C,s20261019-0013,val,1,REFRAIN,3,U1,0.902880,0.148627,0.258741,0.134193
s20261019-0014:I0:C,s20261019-0014,test,0,,,,0.115390,0.000251,0.775869,0.000029
s20261019-0014:I1:C,s20261019-0014,test,1,ACT,7,U1,0.934893,0.968141,0.721355,0.905108
s20261019-0015:I0:C,s20261019-0015,test,0,,,,0.085613,1.000000,0.591888,0.085613
s20261019-0015:I1:C,s20261019-0015,test,1,ACT,7,U2,0.922438,0.999949,0.647424,0.922391
s20261019-0016:I0:C,s20261019-0016,train,0,,,,0.103771,1.000000,0.467364,0.103771
s20261019-0016:I1:C,s20261019-0016,train,1,ACT,5,U2,0.912681,0.999999,0.483006,0.912681
s20261019-0017:I0:C,s20261019-0017,train,0,,,,0.102817,1.000000,0.742262,0.102817
s20261019-0017:I1:C,s20261019-0017,train,1,REFRAIN,1,U2,0.913989,0.000000,0.660294,0.000000
s20261019-0018:I0:C,s20261019-0018,train,0,,,,0.071353,1.000000,0.441614,0.071353
s20261019-0018:I1:C,s20261019-0018,train,1,REFRAIN,1,U1,0.899163,0.006454,0.293548,0.005803
s20261019-0019:I0:C,s20261019-0019,val,0,,,,0.110627,0.993249,0.478924,0.109881
s20261019-0019:I1:C,s20261019-0019,val,1,REFRAIN,3,U1,0.924487,0.070324,0.381710,0.065014
s20261019-0020:I0:C,s20261019-0020,train,0,,,,0.092171,1.000000,0.183479,0.092171
s20261019-0020:I1:C,s20261019-0020,train,1,REFRAIN,4,U2,0.890498,0.000000,0.057696,0.000000
s20261019-0021:I0:C,s20261019-0021,val,0,,,,0.118859,1.000000,0.704313,0.118859
s20261019-0021:I1:C,s20261019-0021,val,1,ACT,2,U1,0.906766,0.999797,0.597520,0.906582
s20261019-0022:I0:C,s20261019-0022,train,0,,,,0.079282,1.000000,0.508584,0.079282
s20261019-0022:I1:C,s20261019-0022,train,1,REFRAIN,3,U1,0.913916,0.094520,0.397642,0.086383
s20261019-0023:I0:C,s20261019-0023,val,0,,,,0.085303,1.000000,0.507959,0.085303
s20261019-0023:I1:C,s20261019-0023,val,1,REFRAIN,2,U2,0.941007,0.916454,0.574273,0.862390
s20261019-0024:I0:C,s20261019-0024,val,0,,,,0.088724,1.000000,0.422284,0.088724
s20261019-0024:I1:C,s20261019-0024,val,1,REFRAIN,2,U2,0.931738,0.554238,0.509133,0.516405
s20261019-0025:I0:C,s20261019-0025,val,0,,,,0.111329,1.000000,0.705294,0.111329
s20261019-0025:I1:C,s20261019-0025,val,1,ACT,5,U1,0.922984,0.997850,0.510885,0.921000
s20261019-0026:I0:C,s20261019-0026,test,0,,,,0.078066,1.000000,0.804733,0.078066
s20261019-0026:I1:C,s20261019-0026,test,1,ACT,6,U2,0.928594,0.999982,0.935503,0.928576
s20261019-0027:I0:C,s20261019-0027,test,0,,,,0.100965,1.000000,0.490100,0.100965
s20261019-0027:I1:C,s20261019-0027,test,1,REFRAIN,6,U1,0.936542,0.697746,0.643997,0.653468
s20261019-0028:I0:C,s20261019-0028,train,0,,,,0.085765,1.000000,0.580563,0.085765
s20261019-0028:I1:C,s20261019-0028,train,1,ACT,3,U2,0.914464,1.000000,0.590443,0.914464
s20261019-0029:I0:C,s20261019-0029,train,0,,,,0.107124,1.000000,0.822863,0.107124
s20261019-0029:I1:C,s20261019-0029,train,1,ACT,5,U1,0.912706,0.987053,0.652192,0.900889
s20261019-0030:I0:C,s20261019-0030,train,0,,,,0.073557,1.000000,0.695208,0.073557
s20261019-0030:I1:C,s20261019-0030,train,1,REFRAIN,1,U2,0.909466,0.000000,0.612284,0.000000
s20261019-0031:I0:C,s20261019-0031,train,0,,,,0.066490,1.000000,0.744552,0.066490
s20261019-0031:I1:C,s20261019-0031,train,1,REFRAIN,3,U2,0.926477,0.000002,0.735878,0.000002
s20261019-0032:I0:C,s20261019-0032,train,0,,,,0.073319,1.000000,0.487860,0.073319
s20261019-0032:I1:C,s20261019-0032,train,1,ACT,5,U2,0.902498,0.999981,0.501997,0.902481
s20261019-0033:I0:C,s20261019-0033,val,0,,,,0.088904,1.000000,0.447646,0.088904
s20261019-0033:I1:C,s20261019-0033,val,1,REFRAIN,3,U1,0.917734,0.038883,0.348275,0.035685
s20261019-0034:I0:C,s20261019-0034,val,0,,,,0.062951,1.000000,0.458758,0.062951
s20261019-0034:I1:C,s20261019-0034,val,1,REFRAIN,2,U1,0.920385,0.023946,0.375878,0.022039
s20261019-0035:I0:C,s20261019-0035,train,0,,,,0.083661,1.000000,0.499435,0.083661
s20261019-0035:I1:C,s20261019-0035,train,1,ACT,1,U2,0.911593,0.999997,0.435789,0.911591
s20261019-0036:I0:C,s20261019-0036,test,0,,,,0.080238,1.000000,0.337881,0.080238
s20261019-0036:I1:C,s20261019-0036,test,1,ACT,6,U1,0.932066,0.732459,0.537025,0.682700
s20261019-0037:I0:C,s20261019-0037,train,0,,,,0.098097,1.000000,0.442852,0.098097
s20261019-0037:I1:C,s20261019-0037,train,1,REFRAIN,1,U2,0.928640,0.020441,0.383204,0.018982
s20261019-0038:I0:C,s20261019-0038,test,0,,,,0.087776,1.000000,0.135842,0.087776
s20261019-0038:I1:C,s20261019-0038,test,1,REFRAIN,7,U1,0.930914,0.000000,0.130352,0.000000
s20261019-0039:I0:C,s20261019-0039,train,0,,,,0.085312,1.000000,0.387023,0.085312
s20261019-0039:I1:C,s20261019-0039,train,1,REFRAIN,4,U2,0.927668,0.000000,0.128339,0.000000
s20261019-0040:I0:C,s20261019-0040,val,0,,,,0.077448,1.000000,0.433374,0.077448
s20261019-0040:I1:C,s20261019-0040,val,1,ACT,5,U2,0.903153,0.995806,0.466630,0.899365
s20261019-0041:I0:C,s20261019-0041,val,0,,,,0.069712,1.000000,0.756815,0.069712
s20261019-0041:I1:C,s20261019-0041,val,1,ACT,1,U1,0.910256,0.992397,0.602487,0.903335
s20261019-0042:I0:C,s20261019-0042,val,0,,,,0.074980,1.000000,0.749401,0.074980
s20261019-0042:I1:C,s20261019-0042,val,1,ACT,5,U2,0.926041,0.908662,0.754054,0.841458
s20261019-0043:I0:C,s20261019-0043,train,0,,,,0.084011,1.000000,0.471696,0.084011
s20261019-0043:I1:C,s20261019-0043,train,1,ACT,5,U2,0.895845,0.999998,0.487053,0.895843
s20261019-0044:I0:C,s20261019-0044,test,0,,,,0.088657,1.000000,0.787142,0.088657
s20261019-0044:I1:C,s20261019-0044,test,1,REFRAIN,7,U2,0.793694,0.000000,0.819654,0.000000
s20261019-0045:I0:C,s20261019-0045,train,0,,,,0.095970,1.000000,0.460937,0.095970
s20261019-0045:I1:C,s20261019-0045,train,1,ACT,5,U2,0.897979,1.000000,0.477536,0.897979
s20261019-0046:I0:C,s20261019-0046,train,0,,,,0.070732,1.000000,0.139914,0.070732
s20261019-0046:I1:C,s20261019-0046,train,1,REFRAIN,2,U2,0.925752,0.000000,0.203792,0.000000
s20261019-0047:I0:C,s20261019-0047,test,0,,,,0.112923,1.000000,0.476036,0.112923
s20261019-0047:I1:C,s20261019-0047,test,1,ACT,6,U1,0.934248,0.895089,0.646891,0.836235
s20261019-0048:I0:C,s20261019-0048,test,0,,,,0.081908,1.000000,0.209175,0.081908
s20261019-0048:I1:C,s20261019-0048,test,1,REFRAIN,6,U2,0.914819,0.000007,0.517973,0.000007
s20261019-0049:I0:C,s20261019-0049,train,0,,,,0.073358,1.000000,0.573271,0.073358
s20261019-0049:I1:C,s20261019-0049,train,1,ACT,0,U2,0.909917,0.998997,0.912871,0.909004
s20261019-0050:I0:C,s20261019-0050,train,0,,,,0.073497,1.000000,0.796080,0.073497
s20261019-0050:I1:C,s20261019-0050,train,1,ACT,1,U1,0.930446,0.996598,0.630392,0.927280
s20261019-0051:I0:C,s20261019-0051,test,0,,,,0.093564,1.000000,0.144429,0.093564
s20261019-0051:I1:C,s20261019-0051,test,1,ACT,6,U2,0.921316,0.024727,0.423611,0.022781
s20261019-0052:I0:C,s20261019-0052,test,0,,,,0.047359,1.000000,0.743424,0.047359
s20261019-0052:I1:C,s20261019-0052,test,1,ACT,6,U1,0.915526,0.999984,0.843699,0.915512
s20261019-0053:I0:C,s20261019-0053,val,0,,,,0.085175,1.000000,0.231235,0.085175
s20261019-0053:I1:C,s20261019-0053,val,1,REFRAIN,3,U2,0.916921,0.000004,0.262457,0.000004
s20261019-0054:I0:C,s20261019-0054,train,0,,,,0.081143,1.000000,0.226407,0.081143
s20261019-0054:I1:C,s20261019-0054,train,1,REFRAIN,5,U2,0.925954,0.000000,0.255007,0.000000
s20261019-0055:I0:C,s20261019-0055,train,0,,,,0.074847,1.000000,0.366399,0.074847
s20261019-0055:I1:C,s20261019-0055,train,1,ACT,0,U2,0.914134,0.999998,0.823795,0.914132
s20261019-0056:I0:C,s20261019-0056,train,0,,,,0.096862,1.000000,0.498458,0.096862
s20261019-0056:I1:C,s20261019-0056,train,1,ACT,5,U2,0.911031,0.800086,0.511705,0.728903
s20261019-0057:I0:C,s20261019-0057,train,0,,,,0.094125,1.000000,0.364586,0.094125
s20261019-0057:I1:C,s20261019-0057,train,1,ACT,5,U2,0.911948,0.999968,0.402171,0.911919
s20261019-0058:I0:C,s20261019-0058,train,0,,,,0.069035,1.000000,0.165073,0.069035
s20261019-0058:I1:C,s20261019-0058,train,1,ACT,0,U1,0.915474,0.939339,0.463817,0.859940
s20261019-0059:I0:C,s20261019-0059,train,0,,,,0.064553,1.000000,0.212767,0.064553
s20261019-0059:I1:C,s20261019-0059,train,1,REFRAIN,2,U1,0.919179,0.350844,0.178350,0.322489
s20261019-0060:I0:C,s20261019-0060,test,0,,,,0.088293,1.000000,0.142842,0.088293
s20261019-0060:I1:C,s20261019-0060,test,1,REFRAIN,7,U2,0.899185,0.000003,0.185851,0.000003
s20261019-0061:I0:C,s20261019-0061,train,0,,,,0.088154,1.000000,0.585984,0.088154
s20261019-0061:I1:C,s20261019-0061,train,1,REFRAIN,2,U1,0.911801,0.031374,0.489969,0.028607
s20261019-0062:I0:C,s20261019-0062,train,0,,,,0.074567,1.000000,0.363812,0.074567
s20261019-0062:I1:C,s20261019-0062,train,1,REFRAIN,1,U2,0.922453,0.000063,0.317363,0.000058
s20261019-0063:I0:C,s20261019-0063,train,0,,,,0.092905,1.000000,0.353833,0.092905
s20261019-0063:I1:C,s20261019-0063,train,1,REFRAIN,2,U2,0.918477,0.930329,0.429937,0.854485
s20261019-0064:I0:C,s20261019-0064,test,0,,,,0.077393,1.000000,0.796003,0.077393
s20261019-0064:I1:C,s20261019-0064,test,1,ACT,7,U1,0.917410,0.976874,0.737138,0.896194
s20261019-0065:I0:C,s20261019-0065,train,0,,,,0.086156,1.000000,0.452761,0.086156
s20261019-0065:I1:C,s20261019-0065,train,1,ACT,5,U2,0.920972,0.725460,0.485143,0.668129
s20261019-0066:I0:C,s20261019-0066,train,0,,,,0.081973,1.000000,0.409237,0.081973
s20261019-0066:I1:C,s20261019-0066,train,1,REFRAIN,2,U2,0.920106,0.509409,0.480349,0.468711
s20261019-0067:I0:C,s20261019-0067,test,0,,,,0.100475,1.000000,0.803675,0.100475
s20261019-0067:I1:C,s20261019-0067,test,1,ACT,6,U2,0.923021,0.999994,0.932694,0.923016
s20261019-0068:I0:C,s20261019-0068,train,0,,,,0.076725,1.000000,0.254737,0.076725
s20261019-0068:I1:C,s20261019-0068,train,1,REFRAIN,5,U1,0.922106,0.000114,0.160968,0.000105
s20261019-0069:I0:C,s20261019-0069,train,0,,,,0.064013,1.000000,0.463623,0.064013
s20261019-0069:I1:C,s20261019-0069,train,1,ACT,0,U2,0.928828,0.998939,0.872269,0.927842
s20261019-0070:I0:C,s20261019-0070,test,0,,,,0.092807,1.000000,0.445155,0.092807
s20261019-0070:I1:C,s20261019-0070,test,1,REFRAIN,7,U2,0.872002,0.570344,0.508271,0.497341
s20261019-0071:I0:C,s20261019-0071,train,0,,,,0.071971,1.000000,0.807536,0.071971
s20261019-0071:I1:C,s20261019-0071,train,1,REFRAIN,2,U2,0.904764,0.284654,0.822524,0.257545
s20261019-0072:I0:C,s20261019-0072,train,0,,,,0.069135,1.000000,0.426104,0.069135
s20261019-0072:I1:C,s20261019-0072,train,1,REFRAIN,4,U2,0.734022,0.000163,0.158558,0.000119
s20261019-0073:I0:C,s20261019-0073,test,0,,,,0.084409,1.000000,0.158331,0.084409
s20261019-0073:I1:C,s20261019-0073,test,1,REFRAIN,7,U2,0.905099,0.000001,0.202666,0.000001
s20261019-0074:I0:C,s20261019-0074,train,0,,,,0.073214,1.000000,0.737917,0.073214
s20261019-0074:I1:C,s20261019-0074,train,1,ACT,0,U1,0.909233,0.996650,0.907899,0.906187
s20261019-0075:I0:C,s20261019-0075,val,0,,,,0.115256,1.000000,0.809859,0.115256
s20261019-0075:I1:C,s20261019-0075,val,1,ACT,4,U1,0.915762,0.920561,0.474539,0.843015
s20261019-0076:I0:C,s20261019-0076,test,0,,,,0.118609,0.034088,0.728503,0.004043
s20261019-0076:I1:C,s20261019-0076,test,1,ACT,6,U1,0.909421,0.999995,0.830276,0.909416
s20261019-0077:I0:C,s20261019-0077,test,0,,,,0.142340,0.928239,0.421838,0.132126
s20261019-0077:I1:C,s20261019-0077,test,1,ACT,6,U1,0.926950,0.346242,0.605441,0.320949
s20261019-0078:I0:C,s20261019-0078,val,0,,,,0.076732,1.000000,0.739598,0.076732
s20261019-0078:I1:C,s20261019-0078,val,1,ACT,5,U1,0.903305,0.990011,0.547327,0.894282
s20261019-0079:I0:C,s20261019-0079,train,0,,,,0.080808,1.000000,0.164761,0.080808
s20261019-0079:I1:C,s20261019-0079,train,1,REFRAIN,4,U2,0.920288,0.000000,0.052439,0.000000
s20261019-0080:I0:C,s20261019-0080,train,0,,,,0.085498,1.000000,0.452852,0.085498
s20261019-0080:I1:C,s20261019-0080,train,1,REFRAIN,4,U2,0.937803,0.000000,0.162425,0.000000
s20261019-0081:I0:C,s20261019-0081,train,0,,,,0.069812,1.000000,0.770326,0.069812
s20261019-0081:I1:C,s20261019-0081,train,1,ACT,0,U2,0.922530,0.999963,0.961224,0.922496
s20261019-0082:I0:C,s20261019-0082,train,0,,,,0.059549,1.000000,0.150139,0.059549
s20261019-0082:I1:C,s20261019-0082,train,1,REFRAIN,0,U1,0.915482,0.550585,0.438625,0.504051
s20261019-0083:I0:C,s20261019-0083,train,0,,,,0.085551,1.000000,0.628662,0.085551
s20261019-0083:I1:C,s20261019-0083,train,1,ACT,5,U2,0.918191,0.999631,0.629244,0.917853
s20261019-0084:I0:C,s20261019-0084,val,0,,,,0.086581,1.000000,0.553710,0.086581
s20261019-0084:I1:C,s20261019-0084,val,1,REFRAIN,2,U1,0.920219,0.239452,0.444809,0.220348
s20261019-0085:I0:C,s20261019-0085,test,0,,,,0.067111,1.000000,0.522608,0.067111
s20261019-0085:I1:C,s20261019-0085,test,1,REFRAIN,7,U1,0.917109,0.066790,0.461653,0.061254
s20261019-0086:I0:C,s20261019-0086,test,0,,,,0.078897,1.000000,0.549311,0.078897
s20261019-0086:I1:C,s20261019-0086,test,1,REFRAIN,7,U1,0.919180,0.028067,0.481732,0.025798
s20261019-0087:I0:C,s20261019-0087,test,0,,,,0.071351,1.000000,0.695803,0.071351
s20261019-0087:I1:C,s20261019-0087,test,1,ACT,6,U1,0.905278,0.999993,0.807623,0.905271
s20261019-0088:I0:C,s20261019-0088,train,0,,,,0.050695,1.000000,0.525706,0.050695
s20261019-0088:I1:C,s20261019-0088,train,1,REFRAIN,5,U1,0.913482,0.001254,0.349824,0.001145
s20261019-0089:I0:C,s20261019-0089,train,0,,,,0.066982,1.000000,0.497760,0.066982
s20261019-0089:I1:C,s20261019-0089,train,1,REFRAIN,2,U2,0.941767,0.019845,0.566601,0.018689
s20261019-0090:I0:C,s20261019-0090,test,0,,,,0.070557,1.000000,0.693249,0.070557
s20261019-0090:I1:C,s20261019-0090,test,1,ACT,6,U2,0.923414,0.999951,0.892743,0.923369
s20261019-0091:I0:C,s20261019-0091,test,0,,,,0.088955,1.000000,0.162666,0.088955
s20261019-0091:I1:C,s20261019-0091,test,1,REFRAIN,7,U1,0.934077,0.000000,0.155972,0.000000
s20261019-0092:I0:C,s20261019-0092,val,0,,,,0.093618,1.000000,0.465363,0.093618
s20261019-0092:I1:C,s20261019-0092,val,1,REFRAIN,5,U1,0.908702,0.003824,0.301166,0.003475
s20261019-0093:I0:C,s20261019-0093,train,0,,,,0.087129,1.000000,0.157750,0.087129
s20261019-0093:I1:C,s20261019-0093,train,1,REFRAIN,1,U2,0.935980,0.000000,0.146011,0.000000
s20261019-0094:I0:C,s20261019-0094,train,0,,,,0.090871,1.000000,0.546889,0.090871
s20261019-0094:I1:C,s20261019-0094,train,1,REFRAIN,3,U1,0.908723,0.004414,0.432532,0.004011
s20261019-0095:I0:C,s20261019-0095,train,0,,,,0.237992,0.999996,0.186723,0.237991
s20261019-0095:I1:C,s20261019-0095,train,1,REFRAIN,5,U1,0.919661,0.000147,0.121055,0.000135
s20261019-0096:I0:C,s20261019-0096,test,0,,,,0.078511,1.000000,0.414799,0.078511
s20261019-0096:I1:C,s20261019-0096,test,1,REFRAIN,7,U2,0.934866,0.000000,0.473192,0.000000
s20261019-0097:I0:C,s20261019-0097,test,0,,,,0.063243,1.000000,0.111385,0.063243
s20261019-0097:I1:C,s20261019-0097,test,1,REFRAIN,6,U1,0.912430,0.100372,0.241916,0.091583
s20261019-0098:I0:C,s20261019-0098,val,0,,,,0.065712,1.000000,0.556988,0.065712
s20261019-0098:I1:C,s20261019-0098,val,1,REFRAIN,5,U1,0.917005,0.012362,0.377314,0.011336
s20261019-0099:I0:C,s20261019-0099,test,0,,,,0.078550,1.000000,0.179963,0.078550
s20261019-0099:I1:C,s20261019-0099,test,1,REFRAIN,7,U2,0.891045,0.000005,0.224628,0.000005
s20261019-0100:I0:C,s20261019-0100,train,0,,,,0.075119,1.000000,0.771767,0.075119
s20261019-0100:I1:C,s20261019-0100,train,1,ACT,2,U1,0.912510,0.999156,0.659012,0.911739
s20261019-0101:I0:C,s20261019-0101,test,0,,,,0.087820,1.000000,0.394721,0.087820
s20261019-0101:I1:C,s20261019-0101,test,1,REFRAIN,7,U2,0.926769,0.000000,0.458453,0.000000
s20261019-0102:I0:C,s20261019-0102,train,0,,,,0.081985,1.000000,0.160875,0.081985
s20261019-0102:I1:C,s20261019-0102,train,1,REFRAIN,5,U2,0.923213,0.000000,0.196777,0.000000
s20261019-0103:I0:C,s20261019-0103,train,0,,,,0.085252,1.000000,0.545104,0.085252
s20261019-0103:I1:C,s20261019-0103,train,1,REFRAIN,2,U2,0.937140,0.227730,0.599931,0.213415
s20261019-0104:I0:C,s20261019-0104,train,0,,,,0.078175,1.000000,0.832576,0.078175
s20261019-0104:I1:C,s20261019-0104,train,1,ACT,0,U2,0.918470,0.999936,0.973214,0.918411
s20261019-0105:I0:C,s20261019-0105,train,0,,,,0.083835,1.000000,0.183369,0.083835
s20261019-0105:I1:C,s20261019-0105,train,1,REFRAIN,5,U2,0.908661,0.000000,0.211874,0.000000
s20261019-0106:I0:C,s20261019-0106,train,0,,,,0.074771,1.000000,0.802470,0.074771
s20261019-0106:I1:C,s20261019-0106,train,1,ACT,0,U1,0.920769,0.999984,0.927955,0.920755
s20261019-0107:I0:C,s20261019-0107,train,0,,,,0.095379,1.000000,0.609980,0.095379
s20261019-0107:I1:C,s20261019-0107,train,1,ACT,0,U1,0.862218,0.745954,0.841368,0.643175
s20261019-0108:I0:C,s20261019-0108,train,0,,,,0.097154,1.000000,0.499138,0.097154
s20261019-0108:I1:C,s20261019-0108,train,1,REFRAIN,2,U1,0.904230,0.003837,0.398283,0.003470
s20261019-0109:I0:C,s20261019-0109,test,0,,,,0.082547,1.000000,0.475138,0.082547
s20261019-0109:I1:C,s20261019-0109,test,1,ACT,6,U2,0.924732,0.998846,0.774689,0.923666
s20261019-0110:I0:C,s20261019-0110,train,0,,,,0.072894,1.000000,0.770902,0.072894
s20261019-0110:I1:C,s20261019-0110,train,1,ACT,4,U1,0.915470,0.992925,0.414093,0.908993
s20261019-0111:I0:C,s20261019-0111,val,0,,,,0.097432,1.000000,0.420928,0.097432
s20261019-0111:I1:C,s20261019-0111,val,1,REFRAIN,3,U1,0.915117,0.053853,0.340334,0.049282
s20261019-0112:I0:C,s20261019-0112,test,0,,,,0.090294,1.000000,0.458889,0.090294
s20261019-0112:I1:C,s20261019-0112,test,1,REFRAIN,7,U1,0.911171,0.004942,0.401015,0.004503
s20261019-0113:I0:C,s20261019-0113,train,0,,,,0.086460,1.000000,0.372005,0.086460
s20261019-0113:I1:C,s20261019-0113,train,1,REFRAIN,0,U1,0.920001,0.426350,0.705998,0.392242
s20261019-0114:I0:C,s20261019-0114,train,0,,,,0.074725,1.000000,0.162681,0.074725
s20261019-0114:I1:C,s20261019-0114,train,1,ACT,0,U2,0.918726,0.868087,0.666033,0.797534
s20261019-0115:I0:C,s20261019-0115,val,0,,,,0.091036,1.000000,0.439819,0.091036
s20261019-0115:I1:C,s20261019-0115,val,1,REFRAIN,4,U2,0.834020,0.000000,0.159906,0.000000
s20261019-0116:I0:C,s20261019-0116,test,0,,,,0.092724,1.000000,0.619966,0.092724
s20261019-0116:I1:C,s20261019-0116,test,1,REFRAIN,7,U1,0.918835,0.007271,0.563379,0.006681
s20261019-0117:I0:C,s20261019-0117,test,0,,,,0.080342,1.000000,0.657217,0.080342
s20261019-0117:I1:C,s20261019-0117,test,1,ACT,6,U1,0.917242,0.999994,0.775977,0.917236
s20261019-0118:I0:C,s20261019-0118,train,0,,,,0.060575,1.000000,0.423989,0.060575
s20261019-0118:I1:C,s20261019-0118,train,1,REFRAIN,4,U2,0.927021,0.000000,0.148728,0.000000
s20261019-0119:I0:C,s20261019-0119,test,0,,,,0.079316,1.000000,0.522941,0.079316
s20261019-0119:I1:C,s20261019-0119,test,1,REFRAIN,7,U1,0.929099,0.003956,0.462313,0.003675
s20261019-0120:I0:C,s20261019-0120,train,0,,,,0.062721,1.000000,0.650226,0.062721
s20261019-0120:I1:C,s20261019-0120,train,1,REFRAIN,3,U2,0.924095,0.000000,0.650526,0.000000
s20261019-0121:I0:C,s20261019-0121,train,0,,,,0.078218,1.000000,0.661645,0.078218
s20261019-0121:I1:C,s20261019-0121,train,1,ACT,3,U2,0.920786,1.000000,0.661999,0.920786
s20261019-0122:I0:C,s20261019-0122,test,0,,,,0.085634,1.000000,0.477734,0.085634
s20261019-0122:I1:C,s20261019-0122,test,1,ACT,6,U2,0.906975,1.000000,0.780419,0.906975
s20261019-0123:I0:C,s20261019-0123,test,0,,,,0.081208,1.000000,0.446175,0.081208
s20261019-0123:I1:C,s20261019-0123,test,1,REFRAIN,7,U2,0.906983,0.616169,0.511882,0.558855
s20261019-0124:I0:C,s20261019-0124,train,0,,,,0.079713,1.000000,0.289987,0.079713
s20261019-0124:I1:C,s20261019-0124,train,1,REFRAIN,3,U1,0.908021,0.092302,0.234687,0.083812
s20261019-0125:I0:C,s20261019-0125,train,0,,,,0.080957,1.000000,0.190258,0.080957
s20261019-0125:I1:C,s20261019-0125,train,1,REFRAIN,2,U2,0.917370,0.000103,0.262118,0.000094
s20261019-0126:I0:C,s20261019-0126,test,0,,,,0.108341,1.000000,0.786001,0.108341
s20261019-0126:I1:C,s20261019-0126,test,1,ACT,6,U1,0.908230,0.999997,0.872177,0.908227
s20261019-0127:I0:C,s20261019-0127,train,0,,,,0.098349,1.000000,0.239848,0.098349
s20261019-0127:I1:C,s20261019-0127,train,1,ACT,0,U2,0.920519,0.901408,0.742773,0.829764
s20261019-0128:I0:C,s20261019-0128,train,0,,,,0.080535,1.000000,0.203057,0.080535
s20261019-0128:I1:C,s20261019-0128,train,1,REFRAIN,2,U1,0.927715,0.117878,0.181089,0.109357
s20261019-0129:I0:C,s20261019-0129,train,0,,,,0.088336,1.000000,0.758659,0.088336
s20261019-0129:I1:C,s20261019-0129,train,1,ACT,5,U1,0.919399,0.966933,0.568590,0.888998
s20261019-0130:I0:C,s20261019-0130,train,0,,,,0.082005,1.000000,0.681590,0.082005
s20261019-0130:I1:C,s20261019-0130,train,1,ACT,5,U1,0.914218,0.991286,0.481621,0.906252
s20261019-0131:I0:C,s20261019-0131,test,0,,,,0.069398,1.000000,0.776221,0.069398
s20261019-0131:I1:C,s20261019-0131,test,1,ACT,6,U1,0.916150,0.999990,0.864419,0.916141
s20261019-0132:I0:C,s20261019-0132,test,0,,,,0.074249,1.000000,0.517923,0.074249
s20261019-0132:I1:C,s20261019-0132,test,1,ACT,7,U2,0.905326,0.994812,0.580173,0.900629
s20261019-0133:I0:C,s20261019-0133,val,0,,,,0.109654,1.000000,0.483176,0.109654
s20261019-0133:I1:C,s20261019-0133,val,1,ACT,0,U1,0.929750,0.711536,0.766254,0.661551
s20261019-0134:I0:C,s20261019-0134,train,0,,,,0.084276,1.000000,0.561592,0.084276
s20261019-0134:I1:C,s20261019-0134,train,1,ACT,5,U2,0.901213,0.993421,0.584615,0.895284
s20261019-0135:I0:C,s20261019-0135,train,0,,,,0.078474,1.000000,0.774836,0.078474
s20261019-0135:I1:C,s20261019-0135,train,1,ACT,0,U2,0.923862,0.999990,0.963485,0.923853
s20261019-0136:I0:C,s20261019-0136,train,0,,,,0.086826,1.000000,0.730923,0.086826
s20261019-0136:I1:C,s20261019-0136,train,1,ACT,0,U1,0.917688,0.999626,0.903351,0.917344
s20261019-0137:I0:C,s20261019-0137,train,0,,,,0.100806,1.000000,0.488790,0.100806
s20261019-0137:I1:C,s20261019-0137,train,1,ACT,3,U1,0.907910,0.127039,0.386995,0.115340
s20261019-0138:I0:C,s20261019-0138,train,0,,,,0.081767,1.000000,0.574820,0.081767
s20261019-0138:I1:C,s20261019-0138,train,1,ACT,2,U2,0.916532,0.453367,0.632209,0.415525
s20261019-0139:I0:C,s20261019-0139,train,0,,,,0.117916,0.208170,0.755386,0.024546
s20261019-0139:I1:C,s20261019-0139,train,1,ACT,0,U1,0.902513,0.999740,0.914819,0.902278
s20261019-0140:I0:C,s20261019-0140,val,0,,,,0.063294,1.000000,0.478462,0.063294
s20261019-0140:I1:C,s20261019-0140,val,1,ACT,2,U2,0.914336,0.999943,0.548415,0.914284
s20261019-0141:I0:C,s20261019-0141,train,0,,,,0.090572,1.000000,0.674316,0.090572
s20261019-0141:I1:C,s20261019-0141,train,1,ACT,4,U1,0.916946,0.842799,0.310775,0.772801
s20261019-0142:I0:C,s20261019-0142,test,0,,,,0.079150,1.000000,0.203712,0.079150
s20261019-0142:I1:C,s20261019-0142,test,1,REFRAIN,7,U2,0.920099,0.000000,0.250958,0.000000
s20261019-0143:I0:C,s20261019-0143,train,0,,,,0.079645,1.000000,0.526444,0.079645
s20261019-0143:I1:C,s20261019-0143,train,1,ACT,3,U2,0.928817,0.999999,0.541783,0.928816
s20261019-0144:I0:C,s20261019-0144,train,0,,,,0.085105,1.000000,0.579418,0.085105
s20261019-0144:I1:C,s20261019-0144,train,1,ACT,5,U2,0.853502,1.000000,0.585209,0.853502
s20261019-0145:I0:C,s20261019-0145,train,0,,,,0.092408,1.000000,0.131195,0.092408
s20261019-0145:I1:C,s20261019-0145,train,1,REFRAIN,2,U2,0.920096,0.000000,0.198141,0.000000
s20261019-0146:I0:C,s20261019-0146,val,0,,,,0.077050,1.000000,0.513653,0.077050
s20261019-0146:I1:C,s20261019-0146,val,1,ACT,1,U2,0.920671,0.997672,0.447294,0.918528
s20261019-0147:I0:C,s20261019-0147,train,0,,,,0.087119,1.000000,0.235318,0.087119
s20261019-0147:I1:C,s20261019-0147,train,1,REFRAIN,2,U2,0.913011,0.000002,0.313407,0.000001
s20261019-0148:I0:C,s20261019-0148,test,0,,,,0.084483,1.000000,0.164211,0.084483
s20261019-0148:I1:C,s20261019-0148,test,1,REFRAIN,7,U2,0.915952,0.000000,0.210312,0.000000
s20261019-0149:I0:C,s20261019-0149,test,0,,,,0.086438,1.000000,0.399528,0.086438
s20261019-0149:I1:C,s20261019-0149,test,1,ACT,6,U2,0.918396,1.000000,0.733190,0.918396
s20261019-0150:I0:C,s20261019-0150,train,0,,,,0.115012,1.000000,0.749125,0.115012
s20261019-0150:I1:C,s20261019-0150,train,1,ACT,3,U1,0.924673,0.990665,0.629443,0.916041
s20261019-0151:I0:C,s20261019-0151,test,0,,,,0.059079,1.000000,0.207181,0.059079
s20261019-0151:I1:C,s20261019-0151,test,1,REFRAIN,6,U1,0.918026,0.054960,0.375438,0.050455
s20261019-0152:I0:C,s20261019-0152,test,0,,,,0.057961,1.000000,0.549925,0.057961
s20261019-0152:I1:C,s20261019-0152,test,1,REFRAIN,7,U1,0.916827,0.009582,0.489212,0.008785
s20261019-0153:I0:C,s20261019-0153,train,0,,,,0.067505,1.000000,0.151179,0.067505
s20261019-0153:I1:C,s20261019-0153,train,1,REFRAIN,4,U1,0.910207,0.000130,0.046275,0.000119
s20261019-0154:I0:C,s20261019-0154,train,0,,,,0.085585,1.000000,0.616062,0.085585
s20261019-0154:I1:C,s20261019-0154,train,1,ACT,3,U2,0.920200,0.997723,0.622091,0.918105
s20261019-0155:I0:C,s20261019-0155,train,0,,,,0.070236,1.000000,0.775337,0.070236
s20261019-0155:I1:C,s20261019-0155,train,1,ACT,2,U2,0.906708,0.876930,0.792133,0.795119
s20261019-0156:I0:C,s20261019-0156,train,0,,,,0.090602,1.000000,0.452445,0.090602
s20261019-0156:I1:C,s20261019-0156,train,1,REFRAIN,5,U1,0.910420,0.008563,0.283318,0.007795
s20261019-0157:I0:C,s20261019-0157,val,0,,,,0.099661,1.000000,0.483520,0.099661
s20261019-0157:I1:C,s20261019-0157,val,1,REFRAIN,2,U2,0.940238,0.150976,0.546192,0.141954
s20261019-0158:I0:C,s20261019-0158,train,0,,,,0.094421,1.000000,0.466319,0.094421
s20261019-0158:I1:C,s20261019-0158,train,1,REFRAIN,3,U1,0.916519,0.001006,0.366297,0.000922
s20261019-0159:I0:C,s20261019-0159,test,0,,,,0.074028,1.000000,0.419628,0.074028
s20261019-0159:I1:C,s20261019-0159,test,1,ACT,6,U2,0.913385,1.000000,0.750035,0.913385
s20261019-0160:I0:C,s20261019-0160,test,0,,,,0.095385,1.000000,0.559259,0.095385
s20261019-0160:I1:C,s20261019-0160,test,1,ACT,6,U2,0.917638,1.000000,0.822780,0.917638
s20261019-0161:I0:C,s20261019-0161,test,0,,,,0.158716,0.999996,0.459100,0.158715
s20261019-0161:I1:C,s20261019-0161,test,1,ACT,6,U1,0.916275,0.844264,0.620004,0.773578
s20261019-0162:I0:C,s20261019-0162,val,0,,,,0.060408,1.000000,0.431563,0.060408
s20261019-0162:I1:C,s20261019-0162,val,1,REFRAIN,2,U1,0.924501,0.021930,0.354583,0.020274
s20261019-0163:I0:C,s20261019-0163,val,0,,,,0.075742,1.000000,0.156440,0.075742
s20261019-0163:I1:C,s20261019-0163,val,1,REFRAIN,5,U2,0.926542,0.000000,0.185980,0.000000
s20261019-0164:I0:C,s20261019-0164,train,0,,,,0.068507,1.000000,0.530557,0.068507
s20261019-0164:I1:C,s20261019-0164,train,1,ACT,2,U2,0.924084,0.985801,0.602063,0.910963
s20261019-0165:I0:C,s20261019-0165,train,0,,,,0.072849,1.000000,0.377463,0.072849
s20261019-0165:I1:C,s20261019-0165,train,1,REFRAIN,5,U1,0.903121,0.000303,0.241454,0.000274
s20261019-0166:I0:C,s20261019-0166,train,0,,,,0.079900,1.000000,0.175211,0.079900
s20261019-0166:I1:C,s20261019-0166,train,1,REFRAIN,5,U2,0.919218,0.000000,0.205436,0.000000
s20261019-0167:I0:C,s20261019-0167,train,0,,,,0.102881,1.000000,0.435450,0.102881
s20261019-0167:I1:C,s20261019-0167,train,1,REFRAIN,4,U2,0.846125,0.000000,0.154954,0.000000
s20261019-0168:I0:C,s20261019-0168,train,0,,,,0.083087,1.000000,0.340023,0.083087
s20261019-0168:I1:C,s20261019-0168,train,1,REFRAIN,4,U2,0.858015,0.000000,0.112010,0.000000
s20261019-0169:I0:C,s20261019-0169,train,0,,,,0.098188,1.000000,0.425905,0.098188
s20261019-0169:I1:C,s20261019-0169,train,1,ACT,0,U1,0.939903,0.688633,0.721883,0.647248
s20261019-0170:I0:C,s20261019-0170,train,0,,,,0.071542,1.000000,0.762996,0.071542
s20261019-0170:I1:C,s20261019-0170,train,1,ACT,2,U1,0.902118,0.999420,0.657007,0.901595
s20261019-0171:I0:C,s20261019-0171,train,0,,,,0.087461,1.000000,0.753990,0.087461
s20261019-0171:I1:C,s20261019-0171,train,1,ACT,5,U2,0.924635,0.997077,0.744801,0.921933
s20261019-0172:I0:C,s20261019-0172,test,0,,,,0.073521,1.000000,0.233834,0.073521
s20261019-0172:I1:C,s20261019-0172,test,1,REFRAIN,7,U2,0.896304,0.000126,0.289371,0.000113
s20261019-0173:I0:C,s20261019-0173,train,0,,,,0.075598,1.000000,0.722446,0.075598
s20261019-0173:I1:C,s20261019-0173,train,1,REFRAIN,1,U2,0.865431,0.000000,0.658243,0.000000
s20261019-0174:I0:C,s20261019-0174,train,0,,,,0.083827,1.000000,0.242035,0.083827
s20261019-0174:I1:C,s20261019-0174,train,1,REFRAIN,1,U2,0.918645,0.000000,0.225324,0.000000
s20261019-0175:I0:C,s20261019-0175,train,0,,,,0.073917,1.000000,0.152473,0.073917
s20261019-0175:I1:C,s20261019-0175,train,1,REFRAIN,2,U1,0.928712,0.040813,0.139250,0.037903
s20261019-0176:I0:C,s20261019-0176,train,0,,,,0.081330,1.000000,0.783613,0.081330
s20261019-0176:I1:C,s20261019-0176,train,1,REFRAIN,4,U2,0.944988,0.000000,0.415146,0.000000
s20261019-0177:I0:C,s20261019-0177,test,0,,,,0.076219,1.000000,0.209568,0.076219
s20261019-0177:I1:C,s20261019-0177,test,1,REFRAIN,6,U2,0.922024,0.549256,0.524072,0.506427
s20261019-0178:I0:C,s20261019-0178,train,0,,,,0.083557,1.000000,0.510477,0.083557
s20261019-0178:I1:C,s20261019-0178,train,1,REFRAIN,4,U1,0.917137,0.000005,0.197524,0.000005
s20261019-0179:I0:C,s20261019-0179,train,0,,,,0.135642,0.000056,0.731364,0.000008
s20261019-0179:I1:C,s20261019-0179,train,1,ACT,1,U1,0.928414,0.967370,0.557584,0.898120
s20261019-0180:I0:C,s20261019-0180,train,0,,,,0.068003,1.000000,0.315073,0.068003
s20261019-0180:I1:C,s20261019-0180,train,1,REFRAIN,2,U2,0.920761,0.130983,0.397286,0.120604
s20261019-0181:I0:C,s20261019-0181,val,0,,,,0.078211,1.000000,0.140055,0.078211
s20261019-0181:I1:C,s20261019-0181,val,1,REFRAIN,5,U2,0.918966,0.000000,0.174333,0.000000
s20261019-0182:I0:C,s20261019-0182,train,0,,,,0.079845,1.000000,0.567881,0.079845
s20261019-0182:I1:C,s20261019-0182,train,1,REFRAIN,4,U2,0.904745,0.000080,0.230166,0.000073
s20261019-0183:I0:C,s20261019-0183,train,0,,,,0.087540,1.000000,0.795381,0.087540
s20261019-0183:I1:C,s20261019-0183,train,1,REFRAIN,4,U2,0.940783,0.000000,0.439004,0.000000
s20261019-0184:I0:C,s20261019-0184,test,0,,,,0.085907,1.000000,0.163131,0.085907
s20261019-0184:I1:C,s20261019-0184,test,1,REFRAIN,7,U2,0.914635,0.000001,0.208725,0.000001
s20261019-0185:I0:C,s20261019-0185,val,0,,,,0.073897,1.000000,0.217013,0.073897
s20261019-0185:I1:C,s20261019-0185,val,1,REFRAIN,5,U2,0.923901,0.000000,0.246091,0.000000
s20261019-0186:I0:C,s20261019-0186,val,0,,,,0.071709,1.000000,0.190506,0.071709
s20261019-0186:I1:C,s20261019-0186,val,1,REFRAIN,5,U1,0.920516,0.000006,0.122039,0.000006
s20261019-0187:I0:C,s20261019-0187,train,0,,,,0.073299,1.000000,0.363559,0.073299
s20261019-0187:I1:C,s20261019-0187,train,1,REFRAIN,2,U2,0.919041,0.544723,0.443388,0.500622
s20261019-0188:I0:C,s20261019-0188,test,0,,,,0.075097,1.000000,0.589329,0.075097
s20261019-0188:I1:C,s20261019-0188,test,1,ACT,6,U1,0.925128,0.705543,0.717717,0.652718
s20261019-0189:I0:C,s20261019-0189,train,0,,,,0.089914,1.000000,0.129057,0.089914
s20261019-0189:I1:C,s20261019-0189,train,1,REFRAIN,4,U2,0.900777,0.000000,0.041668,0.000000
s20261019-0190:I0:C,s20261019-0190,train,0,,,,0.082255,1.000000,0.154449,0.082255
s20261019-0190:I1:C,s20261019-0190,train,1,REFRAIN,3,U2,0.923667,0.000002,0.195477,0.000002
s20261019-0191:I0:C,s20261019-0191,train,0,,,,0.064733,1.000000,0.408615,0.064733
s20261019-0191:I1:C,s20261019-0191,train,1,REFRAIN,4,U1,0.924485,0.000508,0.155432,0.000470
s20261019-0192:I0:C,s20261019-0192,train,0,,,,0.082485,1.000000,0.181764,0.082485
s20261019-0192:I1:C,s20261019-0192,train,1,REFRAIN,4,U1,0.894063,0.056536,0.059698,0.050546
s20261019-0193:I0:C,s20261019-0193,train,0,,,,0.091701,1.000000,0.767671,0.091701
s20261019-0193:I1:C,s20261019-0193,train,1,REFRAIN,4,U2,0.925173,0.000000,0.395439,0.000000
s20261019-0194:I0:C,s20261019-0194,train,0,,,,0.081856,1.000000,0.186533,0.081856
s20261019-0194:I1:C,s20261019-0194,train,1,REFRAIN,5,U1,0.922117,0.000420,0.119118,0.000387
s20261019-0195:I0:C,s20261019-0195,val,0,,,,0.089341,1.000000,0.783848,0.089341
s20261019-0195:I1:C,s20261019-0195,val,1,REFRAIN,4,U1,0.921618,0.840941,0.425574,0.775026
s20261019-0196:I0:C,s20261019-0196,train,0,,,,0.113960,1.000000,0.553229,0.113960
s20261019-0196:I1:C,s20261019-0196,train,1,REFRAIN,1,U1,0.929781,0.000089,0.398724,0.000083
s20261019-0197:I0:C,s20261019-0197,train,0,,,,0.091889,1.000000,0.478153,0.091889
s20261019-0197:I1:C,s20261019-0197,train,1,ACT,1,U2,0.868878,0.923172,0.414741,0.802123
s20261019-0198:I0:C,s20261019-0198,train,0,,,,0.096264,1.000000,0.761230,0.096264
s20261019-0198:I1:C,s20261019-0198,train,1,ACT,1,U1,0.926355,0.973998,0.584777,0.902268
s20261019-0199:I0:C,s20261019-0199,val,0,,,,0.114454,1.000000,0.637709,0.114454
s20261019-0199:I1:C,s20261019-0199,val,1,ACT,3,U1,0.919717,0.960067,0.520214,0.882991
s20261019-0200:I0:C,s20261019-0200,train,0,,,,0.059495,1.000000,0.271386,0.059495
s20261019-0200:I1:C,s20261019-0200,train,1,ACT,0,U1,0.914590,0.828028,0.604628,0.757306
s20261019-0201:I0:C,s20261019-0201,train,0,,,,0.081405,1.000000,0.179918,0.081405
s20261019-0201:I1:C,s20261019-0201,train,1,REFRAIN,4,U2,0.856018,0.000000,0.058389,0.000000
s20261019-0202:I0:C,s20261019-0202,test,0,,,,0.086872,1.000000,0.596823,0.086872
s20261019-0202:I1:C,s20261019-0202,test,1,ACT,6,U2,0.921909,1.000000,0.844645,0.921909
s20261019-0203:I0:C,s20261019-0203,test,0,,,,0.061275,1.000000,0.529064,0.061275
s20261019-0203:I1:C,s20261019-0203,test,1,ACT,6,U2,0.931791,0.999996,0.810215,0.931787
s20261019-0204:I0:C,s20261019-0204,test,0,,,,0.182575,0.999489,0.532128,0.182482
s20261019-0204:I1:C,s20261019-0204,test,1,REFRAIN,7,U1,0.910908,0.002737,0.468503,0.002493
s20261019-0205:I0:C,s20261019-0205,train,0,,,,0.062324,1.000000,0.141974,0.062324
s20261019-0205:I1:C,s20261019-0205,train,1,REFRAIN,0,U1,0.919140,0.368438,0.440162,0.338646
s20261019-0206:I0:C,s20261019-0206,test,0,,,,0.113464,1.000000,0.411011,0.113464
s20261019-0206:I1:C,s20261019-0206,test,1,REFRAIN,7,U1,0.923272,0.000942,0.369757,0.000870
s20261019-0207:I0:C,s20261019-0207,val,0,,,,0.077569,1.000000,0.456158,0.077569
s20261019-0207:I1:C,s20261019-0207,val,1,ACT,3,U2,0.909782,0.780954,0.471376,0.710497
s20261019-0208:I0:C,s20261019-0208,train,0,,,,0.090853,1.000000,0.289324,0.090853
s20261019-0208:I1:C,s20261019-0208,train,1,REFRAIN,5,U1,0.910136,0.000070,0.189889,0.000064
s20261019-0209:I0:C,s20261019-0209,val,0,,,,0.100848,1.000000,0.750111,0.100848
s20261019-0209:I1:C,s20261019-0209,val,1,REFRAIN,1,U2,0.902528,0.000000,0.665484,0.000000
s20261019-0210:I0:C,s20261019-0210,train,0,,,,0.068630,1.000000,0.452325,0.068630
s20261019-0210:I1:C,s20261019-0210,train,1,ACT,5,U2,0.916330,0.999998,0.469745,0.916328
s20261019-0211:I0:C,s20261019-0211,test,0,,,,0.079332,1.000000,0.390385,0.079332
s20261019-0211:I1:C,s20261019-0211,test,1,ACT,6,U2,0.915183,1.000000,0.735414,0.915182
s20261019-0212:I0:C,s20261019-0212,train,0,,,,0.074293,1.000000,0.485080,0.074293
s20261019-0212:I1:C,s20261019-0212,train,1,REFRAIN,3,U1,0.917519,0.100667,0.379428,0.092364
s20261019-0213:I0:C,s20261019-0213,train,0,,,,0.109340,1.000000,0.180948,0.109340
s20261019-0213:I1:C,s20261019-0213,train,1,REFRAIN,2,U1,0.926891,0.087036,0.162062,0.080673
s20261019-0214:I0:C,s20261019-0214,train,0,,,,0.080197,1.000000,0.828469,0.080197
s20261019-0214:I1:C,s20261019-0214,train,1,REFRAIN,4,U2,0.887625,0.000000,0.495427,0.000000
s20261019-0215:I0:C,s20261019-0215,test,0,,,,0.060973,1.000000,0.178071,0.060973
s20261019-0215:I1:C,s20261019-0215,test,1,REFRAIN,7,U1,0.930294,0.000002,0.162661,0.000002
s20261019-0216:I0:C,s20261019-0216,val,0,,,,0.067607,1.000000,0.694607,0.067607
s20261019-0216:I1:C,s20261019-0216,val,1,ACT,0,U2,0.919212,0.999958,0.947472,0.919174
s20261019-0217:I0:C,s20261019-0217,train,0,,,,0.099365,1.000000,0.759632,0.099365
s20261019-0217:I1:C,s20261019-0217,train,1,ACT,2,U1,0.904247,0.999929,0.659017,0.904182
s20261019-0218:I0:C,s20261019-0218,test,0,,,,0.081603,1.000000,0.217698,0.081603
s20261019-0218:I1:C,s20261019-0218,test,1,REFRAIN,7,U2,0.917152,0.000000,0.270929,0.000000
s20261019-0219:I0:C,s20261019-0219,test,0,,,,0.075974,1.000000,0.728457,0.075974
s20261019-0219:I1:C,s20261019-0219,test,1,ACT,6,U1,0.917241,0.999996,0.824262,0.917237
s20261019-0220:I0:C,s20261019-0220,train,0,,,,0.073487,1.000000,0.187989,0.073487
s20261019-0220:I1:C,s20261019-0220,train,1,REFRAIN,4,U1,0.894936,0.003942,0.061149,0.003528
s20261019-0221:I0:C,s20261019-0221,val,0,,,,0.082874,1.000000,0.216087,0.082874
s20261019-0221:I1:C,s20261019-0221,val,1,REFRAIN,2,U1,0.927226,0.119647,0.196609,0.110940
s20261019-0222:I0:C,s20261019-0222,train,0,,,,0.105388,1.000000,0.206888,0.105388
s20261019-0222:I1:C,s20261019-0222,train,1,REFRAIN,5,U1,0.926800,0.000000,0.133956,0.000000
s20261019-0223:I0:C,s20261019-0223,test,0,,,,0.079105,1.000000,0.574198,0.079105
s20261019-0223:I1:C,s20261019-0223,test,1,REFRAIN,7,U1,0.911038,0.002468,0.501171,0.002248
s20261019-0224:I0:C,s20261019-0224,train,0,,,,0.079798,1.000000,0.569649,0.079798
s20261019-0224:I1:C,s20261019-0224,train,1,REFRAIN,2,U1,0.906244,0.003823,0.461884,0.003464
s20261019-0225:I0:C,s20261019-0225,test,0,,,,0.078811,1.000000,0.733333,0.078811
s20261019-0225:I1:C,s20261019-0225,test,1,REFRAIN,7,U2,0.875442,0.000000,0.773943,0.000000
s20261019-0226:I0:C,s20261019-0226,val,0,,,,0.082313,1.000000,0.506673,0.082312
s20261019-0226:I1:C,s20261019-0226,val,1,REFRAIN,3,U1,0.900837,0.002751,0.398613,0.002478
s20261019-0227:I0:C,s20261019-0227,train,0,,,,0.087302,1.000000,0.122973,0.087302
s20261019-0227:I1:C,s20261019-0227,train,1,REFRAIN,2,U2,0.905439,0.000000,0.187871,0.000000
s20261019-0228:I0:C,s20261019-0228,train,0,,,,0.060195,1.000000,0.448342,0.060195
s20261019-0228:I1:C,s20261019-0228,train,1,ACT,3,U2,0.908702,0.834325,0.471450,0.758153
s20261019-0229:I0:C,s20261019-0229,test,0,,,,0.062396,1.000000,0.457859,0.062396
s20261019-0229:I1:C,s20261019-0229,test,1,REFRAIN,7,U2,0.922230,0.000549,0.521381,0.000507
s20261019-0230:I0:C,s20261019-0230,test,0,,,,0.072959,1.000000,0.160351,0.072959
s20261019-0230:I1:C,s20261019-0230,test,1,REFRAIN,7,U1,0.930361,0.000015,0.137454,0.000014
s20261019-0231:I0:C,s20261019-0231,val,0,,,,0.082500,1.000000,0.446377,0.082500
s20261019-0231:I1:C,s20261019-0231,val,1,REFRAIN,3,U1,0.918867,0.035562,0.345283,0.032677
s20261019-0232:I0:C,s20261019-0232,test,0,,,,0.088450,1.000000,0.311782,0.088450
s20261019-0232:I1:C,s20261019-0232,test,1,REFRAIN,7,U2,0.909550,0.756837,0.375053,0.688381
s20261019-0233:I0:C,s20261019-0233,train,0,,,,0.071149,1.000000,0.197032,0.071149
s20261019-0233:I1:C,s20261019-0233,train,1,ACT,0,U1,0.914860,0.623760,0.517063,0.570653
s20261019-0234:I0:C,s20261019-0234,test,0,,,,0.100379,1.000000,0.595461,0.100379
s20261019-0234:I1:C,s20261019-0234,test,1,ACT,6,U1,0.930776,0.745862,0.727617,0.694231
s20261019-0235:I0:C,s20261019-0235,test,0,,,,0.082917,1.000000,0.798118,0.082917
s20261019-0235:I1:C,s20261019-0235,test,1,REFRAIN,7,U2,0.799407,0.000000,0.828987,0.000000
s20261019-0236:I0:C,s20261019-0236,train,0,,,,0.087505,1.000000,0.775413,0.087505
s20261019-0236:I1:C,s20261019-0236,train,1,REFRAIN,3,U2,0.919051,0.001347,0.755363,0.001238
s20261019-0237:I0:C,s20261019-0237,train,0,,,,0.090050,1.000000,0.550071,0.090050
s20261019-0237:I1:C,s20261019-0237,train,1,REFRAIN,1,U1,0.916982,0.000002,0.388217,0.000001
s20261019-0238:I0:C,s20261019-0238,val,0,,,,0.099061,1.000000,0.133545,0.099061
s20261019-0238:I1:C,s20261019-0238,val,1,REFRAIN,2,U1,0.919266,0.132414,0.125276,0.121724
s20261019-0239:I0:C,s20261019-0239,test,0,,,,0.080800,1.000000,0.794141,0.080800
s20261019-0239:I1:C,s20261019-0239,test,1,ACT,7,U1,0.923040,0.989739,0.749976,0.913569
s20261019-0240:I0:C,s20261019-0240,test,0,,,,0.087896,1.000000,0.173504,0.087896
s20261019-0240:I1:C,s20261019-0240,test,1,REFRAIN,7,U2,0.886383,0.000363,0.221811,0.000322
s20261019-0241:I0:C,s20261019-0241,train,0,,,,0.071293,1.000000,0.442156,0.071293
s20261019-0241:I1:C,s20261019-0241,train,1,REFRAIN,1,U2,0.920098,0.000114,0.380847,0.000105
s20261019-0242:I0:C,s20261019-0242,test,0,,,,0.084783,1.000000,0.764800,0.084783
s20261019-0242:I1:C,s20261019-0242,test,1,ACT,7,U1,0.916694,0.964742,0.716761,0.884373
s20261019-0243:I0:C,s20261019-0243,train,0,,,,0.079720,1.000000,0.625353,0.079720
s20261019-0243:I1:C,s20261019-0243,train,1,REFRAIN,1,U1,0.921144,0.000407,0.449913,0.000375
s20261019-0244:I0:C,s20261019-0244,test,0,,,,0.094261,1.000000,0.154162,0.094261
s20261019-0244:I1:C,s20261019-0244,test,1,REFRAIN,7,U2,0.891433,0.000002,0.200216,0.000002
s20261019-0245:I0:C,s20261019-0245,train,0,,,,0.090410,1.000000,0.374137,0.090410
s20261019-0245:I1:C,s20261019-0245,train,1,REFRAIN,2,U2,0.935630,0.437291,0.450822,0.409142
s20261019-0246:I0:C,s20261019-0246,train,0,,,,0.093014,1.000000,0.413751,0.093014
s20261019-0246:I1:C,s20261019-0246,train,1,REFRAIN,2,U2,0.922225,0.714213,0.486320,0.658665
s20261019-0247:I0:C,s20261019-0247,train,0,,,,0.084738,1.000000,0.617612,0.084738
s20261019-0247:I1:C,s20261019-0247,train,1,REFRAIN,1,U1,0.901680,0.000701,0.437997,0.000632
s20261019-0248:I0:C,s20261019-0248,test,0,,,,0.076776,1.000000,0.375210,0.076776
s20261019-0248:I1:C,s20261019-0248,test,1,REFRAIN,7,U1,0.912724,0.001104,0.325901,0.001008
s20261019-0249:I0:C,s20261019-0249,val,0,,,,0.097749,1.000000,0.373328,0.097749
s20261019-0249:I1:C,s20261019-0249,val,1,ACT,3,U2,0.906345,0.798789,0.397113,0.723979
s20261019-0250:I0:C,s20261019-0250,train,0,,,,0.090654,1.000000,0.186982,0.090654
s20261019-0250:I1:C,s20261019-0250,train,1,REFRAIN,4,U1,0.910794,0.002788,0.063851,0.002539
s20261019-0251:I0:C,s20261019-0251,train,0,,,,0.087019,1.000000,0.267356,0.087019
s20261019-0251:I1:C,s20261019-0251,train,1,REFRAIN,4,U1,0.910147,0.000245,0.090907,0.000223
s20261019-0252:I0:C,s20261019-0252,train,0,,,,0.100654,1.000000,0.715441,0.100654
s20261019-0252:I1:C,s20261019-0252,train,1,REFRAIN,5,U2,0.921449,0.234906,0.706342,0.216453
s20261019-0253:I0:C,s20261019-0253,train,0,,,,0.088580,1.000000,0.469946,0.088580
s20261019-0253:I1:C,s20261019-0253,train,1,REFRAIN,4,U2,0.822164,0.000039,0.184397,0.000032
s20261019-0254:I0:C,s20261019-0254,train,0,,,,0.087264,1.000000,0.694813,0.087264
s20261019-0254:I1:C,s20261019-0254,train,1,ACT,2,U2,0.914659,0.999391,0.724796,0.914102
s20261019-0255:I0:C,s20261019-0255,test,0,,,,0.060156,1.000000,0.468114,0.060156
s20261019-0255:I1:C,s20261019-0255,test,1,ACT,6,U2,0.915541,1.000000,0.774202,0.915541
s20261019-0256:I0:C,s20261019-0256,test,0,,,,0.079209,1.000000,0.207911,0.079209
s20261019-0256:I1:C,s20261019-0256,test,1,REFRAIN,7,U2,0.888925,0.000005,0.258613,0.000005
s20261019-0257:I0:C,s20261019-0257,test,0,,,,0.086362,1.000000,0.475164,0.086362
s20261019-0257:I1:C,s20261019-0257,test,1,ACT,6,U2,0.925556,1.000000,0.778248,0.925556
s20261019-0258:I0:C,s20261019-0258,train,0,,,,0.077227,1.000000,0.452887,0.077227
s20261019-0258:I1:C,s20261019-0258,train,1,REFRAIN,1,U2,0.900141,0.000000,0.393958,0.000000
s20261019-0259:I0:C,s20261019-0259,train,0,,,,0.115247,1.000000,0.518342,0.115247
s20261019-0259:I1:C,s20261019-0259,train,1,REFRAIN,2,U1,0.939622,0.025466,0.424216,0.023928
s20261019-0260:I0:C,s20261019-0260,train,0,,,,0.079347,1.000000,0.343576,0.079347
s20261019-0260:I1:C,s20261019-0260,train,1,REFRAIN,1,U1,0.939832,0.000008,0.233493,0.000008
s20261019-0261:I0:C,s20261019-0261,test,0,,,,0.069598,1.000000,0.465386,0.069598
s20261019-0261:I1:C,s20261019-0261,test,1,ACT,6,U2,0.923538,1.000000,0.771843,0.923538
s20261019-0262:I0:C,s20261019-0262,train,0,,,,0.075276,1.000000,0.219605,0.075276
s20261019-0262:I1:C,s20261019-0262,train,1,REFRAIN,1,U2,0.907529,0.000000,0.197899,0.000000
s20261019-0263:I0:C,s20261019-0263,train,0,,,,0.073561,1.000000,0.566592,0.073561
s20261019-0263:I1:C,s20261019-0263,train,1,ACT,2,U2,0.895027,1.000000,0.617859,0.895026
s20261019-0264:I0:C,s20261019-0264,train,0,,,,0.088125,1.000000,0.249335,0.088125
s20261019-0264:I1:C,s20261019-0264,train,1,REFRAIN,2,U1,0.918579,0.426695,0.206615,0.391953
s20261019-0265:I0:C,s20261019-0265,test,0,,,,0.088523,1.000000,0.533918,0.088523
s20261019-0265:I1:C,s20261019-0265,test,1,REFRAIN,7,U2,0.848676,0.120156,0.593429,0.101973
s20261019-0266:I0:C,s20261019-0266,train,0,,,,0.102700,0.999983,0.740373,0.102699
s20261019-0266:I1:C,s20261019-0266,train,1,ACT,4,U1,0.926174,0.946735,0.379298,0.876842
s20261019-0267:I0:C,s20261019-0267,train,0,,,,0.086925,1.000000,0.270702,0.086925
s20261019-0267:I1:C,s20261019-0267,train,1,ACT,0,U1,0.916932,0.858022,0.606788,0.786748
s20261019-0268:I0:C,s20261019-0268,test,0,,,,0.083480,1.000000,0.523477,0.083480
s20261019-0268:I1:C,s20261019-0268,test,1,ACT,7,U2,0.929768,1.000000,0.584426,0.929768
s20261019-0269:I0:C,s20261019-0269,train,0,,,,0.083505,1.000000,0.759500,0.083505
s20261019-0269:I1:C,s20261019-0269,train,1,ACT,3,U1,0.914931,0.981646,0.639107,0.898138
s20261019-0270:I0:C,s20261019-0270,train,0,,,,0.102172,1.000000,0.535996,0.102172
s20261019-0270:I1:C,s20261019-0270,train,1,ACT,0,U2,0.913633,1.000000,0.900923,0.913633
s20261019-0271:I0:C,s20261019-0271,train,0,,,,0.086892,1.000000,0.453637,0.086892
s20261019-0271:I1:C,s20261019-0271,train,1,ACT,5,U2,0.914789,0.999994,0.486482,0.914784
s20261019-0272:I0:C,s20261019-0272,train,0,,,,0.070954,1.000000,0.161060,0.070954
s20261019-0272:I1:C,s20261019-0272,train,1,REFRAIN,0,U1,0.912833,0.402694,0.461360,0.367592
s20261019-0273:I0:C,s20261019-0273,train,0,,,,0.085014,1.000000,0.749309,0.085014
s20261019-0273:I1:C,s20261019-0273,train,1,ACT,2,U1,0.905169,0.999583,0.668763,0.904791
s20261019-0274:I0:C,s20261019-0274,val,0,,,,0.062480,1.000000,0.581318,0.062480
s20261019-0274:I1:C,s20261019-0274,val,1,ACT,1,U2,0.919426,0.999846,0.505220,0.919284
s20261019-0275:I0:C,s20261019-0275,train,0,,,,0.098562,1.000000,0.390805,0.098562
s20261019-0275:I1:C,s20261019-0275,train,1,REFRAIN,4,U2,0.929117,0.000000,0.143984,0.000000
s20261019-0276:I0:C,s20261019-0276,train,0,,,,0.067735,1.000000,0.190072,0.067735
s20261019-0276:I1:C,s20261019-0276,train,1,REFRAIN,5,U1,0.923460,0.000371,0.126615,0.000343
s20261019-0277:I0:C,s20261019-0277,train,0,,,,0.080148,1.000000,0.606100,0.080148
s20261019-0277:I1:C,s20261019-0277,train,1,ACT,0,U2,0.929471,0.999993,0.919497,0.929464
s20261019-0278:I0:C,s20261019-0278,train,0,,,,0.085377,1.000000,0.522149,0.085377
s20261019-0278:I1:C,s20261019-0278,train,1,ACT,0,U1,0.929559,0.792598,0.795652,0.736767
s20261019-0279:I0:C,s20261019-0279,train,0,,,,0.090592,1.000000,0.478015,0.090592
s20261019-0279:I1:C,s20261019-0279,train,1,ACT,5,U2,0.905829,0.999999,0.492709,0.905829
s20261019-0280:I0:C,s20261019-0280,train,0,,,,0.049387,1.000000,0.423604,0.049387
s20261019-0280:I1:C,s20261019-0280,train,1,ACT,0,U2,0.923847,1.000000,0.859496,0.923847
s20261019-0281:I0:C,s20261019-0281,test,0,,,,0.071108,0.999832,0.323640,0.071096
s20261019-0281:I1:C,s20261019-0281,test,1,REFRAIN,7,U1,0.916929,0.014884,0.289021,0.013648
s20261019-0282:I0:C,s20261019-0282,train,0,,,,0.090463,1.000000,0.479994,0.090463
s20261019-0282:I1:C,s20261019-0282,train,1,REFRAIN,4,U1,0.924277,0.029839,0.184366,0.027580
s20261019-0283:I0:C,s20261019-0283,train,0,,,,0.082802,1.000000,0.792046,0.082802
s20261019-0283:I1:C,s20261019-0283,train,1,ACT,3,U1,0.914243,0.985969,0.675486,0.901415
s20261019-0284:I0:C,s20261019-0284,train,0,,,,0.081201,1.000000,0.610909,0.081201
s20261019-0284:I1:C,s20261019-0284,train,1,REFRAIN,1,U2,0.902869,0.107276,0.535139,0.096856
s20261019-0285:I0:C,s20261019-0285,train,0,,,,0.081935,1.000000,0.508624,0.081935
s20261019-0285:I1:C,s20261019-0285,train,1,REFRAIN,2,U2,0.935819,0.848138,0.568319,0.793704
s20261019-0286:I0:C,s20261019-0286,val,0,,,,0.083705,1.000000,0.367174,0.083705
s20261019-0286:I1:C,s20261019-0286,val,1,REFRAIN,1,U1,0.938333,0.003410,0.244230,0.003200
s20261019-0287:I0:C,s20261019-0287,train,0,,,,0.070743,1.000000,0.436450,0.070743
s20261019-0287:I1:C,s20261019-0287,train,1,ACT,3,U2,0.905648,1.000000,0.460752,0.905648
s20261019-0288:I0:C,s20261019-0288,val,0,,,,0.166054,1.000000,0.253769,0.166054
s20261019-0288:I1:C,s20261019-0288,val,1,REFRAIN,1,U1,0.915254,0.000000,0.173401,0.000000
s20261019-0289:I0:C,s20261019-0289,test,0,,,,0.088001,1.000000,0.180208,0.088001
s20261019-0289:I1:C,s20261019-0289,test,1,REFRAIN,7,U1,0.926356,0.000005,0.164610,0.000005
s20261019-0290:I0:C,s20261019-0290,train,0,,,,0.076836,1.000000,0.572427,0.076836
s20261019-0290:I1:C,s20261019-0290,train,1,ACT,2,U2,0.915855,0.812591,0.629426,0.744216
s20261019-0291:I0:C,s20261019-0291,val,0,,,,0.069259,1.000000,0.404841,0.069259
s20261019-0291:I1:C,s20261019-0291,val,1,REFRAIN,2,U1,0.897584,0.056172,0.335301,0.050419
s20261019-0292:I0:C,s20261019-0292,train,0,,,,0.081129,1.000000,0.149582,0.081129
s20261019-0292:I1:C,s20261019-0292,train,1,REFRAIN,3,U1,0.915523,0.015028,0.132140,0.013759
s20261019-0293:I0:C,s20261019-0293,train,0,,,,0.107542,0.986858,0.402994,0.106128
s20261019-0293:I1:C,s20261019-0293,train,1,REFRAIN,1,U1,0.930322,0.000019,0.274887,0.000018
s20261019-0294:I0:C,s20261019-0294,val,0,,,,0.084136,1.000000,0.367270,0.084136
s20261019-0294:I1:C,s20261019-0294,val,1,ACT,1,U2,0.917954,0.881869,0.318803,0.809515
s20261019-0295:I0:C,s20261019-0295,train,0,,,,0.073754,1.000000,0.356435,0.073754
s20261019-0295:I1:C,s20261019-0295,train,1,REFRAIN,0,U1,0.919879,0.096354,0.693638,0.088634
s20261019-0296:I0:C,s20261019-0296,train,0,,,,0.074767,1.000000,0.389786,0.074767
s20261019-0296:I1:C,s20261019-0296,train,1,REFRAIN,4,U2,0.912896,0.000000,0.136595,0.000000
s20261019-0297:I0:C,s20261019-0297,train,0,,,,0.081986,1.000000,0.216778,0.081986
s20261019-0297:I1:C,s20261019-0297,train,1,REFRAIN,5,U1,0.921206,0.000025,0.129424,0.000023
s20261019-0298:I0:C,s20261019-0298,train,0,,,,0.077394,1.000000,0.566418,0.077394
s20261019-0298:I1:C,s20261019-0298,train,1,ACT,5,U2,0.871847,1.000000,0.602440,0.871847
s20261019-0299:I0:C,s20261019-0299,test,0,,,,0.088211,1.000000,0.453468,0.088211
s20261019-0299:I1:C,s20261019-0299,test,1,ACT,6,U2,0.930650,0.999944,0.768645,0.930597
s20261019-0300:I0:C,s20261019-0300,train,0,,,,0.093676,1.000000,0.470513,0.093676
s20261019-0300:I1:C,s20261019-0300,train,1,REFRAIN,3,U1,0.915489,0.020042,0.366617,0.018348
s20261019-0301:I0:C,s20261019-0301,test,0,,,,0.080106,1.000000,0.714645,0.080106
s20261019-0301:I1:C,s20261019-0301,test,1,ACT,6,U2,0.924196,0.999999,0.900782,0.924195
s20261019-0302:I0:C,s20261019-0302,train,0,,,,0.100618,1.000000,0.503424,0.100618
s20261019-0302:I1:C,s20261019-0302,train,1,REFRAIN,3,U1,0.907552,0.002782,0.390445,0.002524
s20261019-0303:I0:C,s20261019-0303,val,0,,,,0.056758,1.000000,0.521558,0.056758
s20261019-0303:I1:C,s20261019-0303,val,1,REFRAIN,1,U1,0.912709,0.003804,0.359597,0.003472
s20261019-0304:I0:C,s20261019-0304,train,0,,,,0.098836,1.000000,0.193508,0.098836
s20261019-0304:I1:C,s20261019-0304,train,1,REFRAIN,1,U2,0.912522,0.000000,0.176341,0.000000
s20261019-0305:I0:C,s20261019-0305,train,0,,,,0.079599,1.000000,0.148471,0.079599
s20261019-0305:I1:C,s20261019-0305,train,1,REFRAIN,0,U2,0.927009,0.535373,0.602605,0.496296
s20261019-0306:I0:C,s20261019-0306,train,0,,,,0.082115,1.000000,0.693126,0.082115
s20261019-0306:I1:C,s20261019-0306,train,1,REFRAIN,4,U2,0.942927,0.000000,0.337238,0.000000
s20261019-0307:I0:C,s20261019-0307,train,0,,,,0.081425,1.000000,0.534654,0.081425
s20261019-0307:I1:C,s20261019-0307,train,1,ACT,5,U2,0.891551,0.999938,0.544538,0.891496
s20261019-0308:I0:C,s20261019-0308,val,0,,,,0.077236,1.000000,0.704755,0.077236
s20261019-0308:I1:C,s20261019-0308,val,1,ACT,3,U1,0.919172,0.988552,0.581155,0.908650
s20261019-0309:I0:C,s20261019-0309,train,0,,,,0.085827,1.000000,0.172396,0.085827
s20261019-0309:I1:C,s20261019-0309,train,1,REFRAIN,5,U2,0.924231,0.000000,0.201185,0.000000
s20261019-0310:I0:C,s20261019-0310,train,0,,,,0.083123,0.972267,0.798885,0.080818
s20261019-0310:I1:C,s20261019-0310,train,1,ACT,1,U1,0.900851,0.993281,0.646720,0.894798
s20261019-0311:I0:C,s20261019-0311,val,0,,,,0.086314,1.000000,0.671036,0.086314
s20261019-0311:I1:C,s20261019-0311,val,1,REFRAIN,4,U2,0.957433,0.000000,0.328721,0.000000
s20261019-0312:I0:C,s20261019-0312,train,0,,,,0.085674,1.000000,0.165566,0.085674
s20261019-0312:I1:C,s20261019-0312,train,1,REFRAIN,5,U1,0.919462,0.000120,0.099373,0.000111
s20261019-0313:I0:C,s20261019-0313,train,0,,,,0.077233,1.000000,0.780563,0.077233
s20261019-0313:I1:C,s20261019-0313,train,1,REFRAIN,3,U2,0.919541,0.000562,0.767211,0.000516
s20261019-0314:I0:C,s20261019-0314,test,0,,,,0.091907,1.000000,0.424938,0.091907
s20261019-0314:I1:C,s20261019-0314,test,1,REFRAIN,7,U2,0.922840,0.927224,0.488420,0.855680
s20261019-0315:I0:C,s20261019-0315,train,0,,,,0.079208,1.000000,0.427874,0.079208
s20261019-0315:I1:C,s20261019-0315,train,1,REFRAIN,4,U1,0.932229,0.000000,0.159413,0.000000
s20261019-0316:I0:C,s20261019-0316,test,0,,,,0.090501,1.000000,0.506699,0.090501
s20261019-0316:I1:C,s20261019-0316,test,1,REFRAIN,7,U1,0.903343,0.000711,0.467837,0.000642
s20261019-0317:I0:C,s20261019-0317,train,0,,,,0.074912,1.000000,0.853631,0.074912
s20261019-0317:I1:C,s20261019-0317,train,1,ACT,0,U2,0.932171,0.999997,0.976080,0.932168
s20261019-0318:I0:C,s20261019-0318,train,0,,,,0.080941,1.000000,0.693227,0.080941
s20261019-0318:I1:C,s20261019-0318,train,1,REFRAIN,4,U2,0.963455,0.000000,0.337614,0.000000
s20261019-0319:I0:C,s20261019-0319,train,0,,,,0.104607,1.000000,0.396431,0.104607
s20261019-0319:I1:C,s20261019-0319,train,1,REFRAIN,5,U1,0.915289,0.000941,0.251814,0.000861
s20261019-0320:I0:C,s20261019-0320,test,0,,,,0.118403,1.000000,0.489318,0.118403
s20261019-0320:I1:C,s20261019-0320,test,1,REFRAIN,7,U1,0.913290,0.006269,0.438507,0.005725
s20261019-0321:I0:C,s20261019-0321,test,0,,,,0.117793,1.000000,0.858044,0.117793
s20261019-0321:I1:C,s20261019-0321,test,1,ACT,6,U1,0.912818,0.999973,0.909136,0.912793
s20261019-0322:I0:C,s20261019-0322,train,0,,,,0.072156,1.000000,0.813673,0.072156
s20261019-0322:I1:C,s20261019-0322,train,1,ACT,0,U2,0.922250,0.999973,0.970010,0.922225
s20261019-0323:I0:C,s20261019-0323,train,0,,,,0.083340,1.000000,0.775129,0.083340
s20261019-0323:I1:C,s20261019-0323,train,1,REFRAIN,5,U2,0.929571,0.121617,0.762768,0.113052
s20261019-0324:I0:C,s20261019-0324,train,0,,,,0.066673,1.000000,0.257004,0.066673
s20261019-0324:I1:C,s20261019-0324,train,1,REFRAIN,4,U1,0.912839,0.000013,0.082309,0.000012
s20261019-0325:I0:C,s20261019-0325,test,0,,,,0.067467,1.000000,0.605313,0.067467
s20261019-0325:I1:C,s20261019-0325,test,1,ACT,6,U1,0.913647,0.837546,0.737977,0.765221
s20261019-0326:I0:C,s20261019-0326,val,0,,,,0.067352,1.000000,0.160772,0.067352
s20261019-0326:I1:C,s20261019-0326,val,1,REFRAIN,2,U1,0.925714,0.079872,0.144519,0.073939
s20261019-0327:I0:C,s20261019-0327,train,0,,,,0.066647,1.000000,0.295988,0.066647
s20261019-0327:I1:C,s20261019-0327,train,1,REFRAIN,4,U1,0.907401,0.000423,0.110579,0.000384
s20261019-0328:I0:C,s20261019-0328,test,0,,,,0.092853,0.941282,0.829999,0.087401
s20261019-0328:I1:C,s20261019-0328,test,1,ACT,7,U1,0.906153,0.986207,0.786371,0.893654
s20261019-0329:I0:C,s20261019-0329,train,0,,,,0.083024,1.000000,0.742200,0.083024
s20261019-0329:I1:C,s20261019-0329,train,1,REFRAIN,5,U2,0.920615,0.338921,0.732863,0.312016
s20261019-0330:I0:C,s20261019-0330,train,0,,,,0.069696,1.000000,0.540615,0.069696
s20261019-0330:I1:C,s20261019-0330,train,1,REFRAIN,0,U1,0.926227,0.428270,0.806406,0.396675
s20261019-0331:I0:C,s20261019-0331,val,0,,,,0.085888,1.000000,0.202714,0.085888
s20261019-0331:I1:C,s20261019-0331,val,1,REFRAIN,1,U1,0.914630,0.000000,0.138921,0.000000
s20261019-0332:I0:C,s20261019-0332,val,0,,,,0.097287,1.000000,0.430815,0.097287
s20261019-0332:I1:C,s20261019-0332,val,1,ACT,5,U2,0.908368,1.000000,0.450119,0.908368
s20261019-0333:I0:C,s20261019-0333,train,0,,,,0.072820,1.000000,0.393719,0.072820
s20261019-0333:I1:C,s20261019-0333,train,1,REFRAIN,3,U2,0.919126,0.138380,0.429612,0.127189
s20261019-0334:I0:C,s20261019-0334,train,0,,,,0.103442,1.000000,0.469587,0.103442
s20261019-0334:I1:C,s20261019-0334,train,1,ACT,3,U2,0.929128,0.985102,0.483134,0.915286
s20261019-0335:I0:C,s20261019-0335,test,0,,,,0.082581,1.000000,0.763022,0.082581
s20261019-0335:I1:C,s20261019-0335,test,1,ACT,7,U1,0.899222,0.979643,0.702420,0.880917
s20261019-0336:I0:C,s20261019-0336,train,0,,,,0.074498,1.000000,0.150090,0.074498
s20261019-0336:I1:C,s20261019-0336,train,1,REFRAIN,1,U1,0.922975,0.000000,0.097983,0.000000
s20261019-0337:I0:C,s20261019-0337,train,0,,,,0.081069,1.000000,0.820116,0.081069
s20261019-0337:I1:C,s20261019-0337,train,1,ACT,2,U2,0.924379,0.892725,0.833285,0.825216
s20261019-0338:I0:C,s20261019-0338,train,0,,,,0.066139,1.000000,0.237991,0.066139
s20261019-0338:I1:C,s20261019-0338,train,1,REFRAIN,5,U1,0.917577,0.007584,0.146621,0.006959
s20261019-0339:I0:C,s20261019-0339,val,0,,,,0.090307,1.000000,0.524803,0.090307
s20261019-0339:I1:C,s20261019-0339,val,1,ACT,5,U2,0.907296,1.000000,0.535794,0.907296
s20261019-0340:I0:C,s20261019-0340,test,0,,,,0.067596,1.000000,0.741187,0.067596
s20261019-0340:I1:C,s20261019-0340,test,1,REFRAIN,7,U2,0.842549,0.000000,0.786618,0.000000
s20261019-0341:I0:C,s20261019-0341,val,0,,,,0.090285,1.000000,0.817248,0.090285
s20261019-0341:I1:C,s20261019-0341,val,1,REFRAIN,5,U2,0.917102,0.166237,0.803201,0.152456
s20261019-0342:I0:C,s20261019-0342,train,0,,,,0.078146,1.000000,0.630939,0.078146
s20261019-0342:I1:C,s20261019-0342,train,1,ACT,3,U2,0.921111,0.996036,0.628754,0.917460
s20261019-0343:I0:C,s20261019-0343,train,0,,,,0.083814,1.000000,0.690621,0.083814
s20261019-0343:I1:C,s20261019-0343,train,1,REFRAIN,1,U2,0.631960,0.000000,0.627007,0.000000
s20261019-0344:I0:C,s20261019-0344,test,0,,,,0.082164,1.000000,0.539960,0.082164
s20261019-0344:I1:C,s20261019-0344,test,1,ACT,6,U2,0.923661,1.000000,0.814249,0.923661
s20261019-0345:I0:C,s20261019-0345,train,0,,,,0.081435,1.000000,0.181759,0.081435
s20261019-0345:I1:C,s20261019-0345,train,1,REFRAIN,3,U2,0.927880,0.000001,0.218929,0.000000
s20261019-0346:I0:C,s20261019-0346,train,0,,,,0.066720,1.000000,0.453752,0.066720
s20261019-0346:I1:C,s20261019-0346,train,1,ACT,2,U2,0.914650,0.998571,0.527908,0.913343
s20261019-0347:I0:C,s20261019-0347,train,0,,,,0.084315,1.000000,0.348366,0.084315
s20261019-0347:I1:C,s20261019-0347,train,1,REFRAIN,3,U1,0.912736,0.019219,0.267665,0.017542
s20261019-0348:I0:C,s20261019-0348,train,0,,,,0.079556,1.000000,0.417848,0.079556
s20261019-0348:I1:C,s20261019-0348,train,1,REFRAIN,1,U2,0.908270,0.856160,0.388214,0.777624
s20261019-0349:I0:C,s20261019-0349,val,0,,,,0.103707,1.000000,0.602034,0.103707
s20261019-0349:I1:C,s20261019-0349,val,1,ACT,3,U2,0.924871,0.992013,0.609109,0.917483
s20261019-0350:I0:C,s20261019-0350,train,0,,,,0.082990,1.000000,0.468699,0.082990
s20261019-0350:I1:C,s20261019-0350,train,1,REFRAIN,3,U1,0.909935,0.021423,0.362947,0.019494
s20261019-0351:I0:C,s20261019-0351,train,0,,,,0.086364,1.000000,0.509433,0.086364
s20261019-0351:I1:C,s20261019-0351,train,1,REFRAIN,4,U2,0.920066,0.000001,0.194104,0.000001
s20261019-0352:I0:C,s20261019-0352,train,0,,,,0.078827,1.000000,0.484948,0.078827
s20261019-0352:I1:C,s20261019-0352,train,1,REFRAIN,3,U1,0.910879,0.025490,0.374151,0.023219
s20261019-0353:I0:C,s20261019-0353,train,0,,,,0.086554,0.962795,0.731819,0.083334
s20261019-0353:I1:C,s20261019-0353,train,1,ACT,0,U1,0.907376,0.999943,0.903343,0.907324
s20261019-0354:I0:C,s20261019-0354,test,0,,,,0.086177,1.000000,0.500055,0.086177
s20261019-0354:I1:C,s20261019-0354,test,1,REFRAIN,7,U1,0.920748,0.000475,0.432736,0.000437
s20261019-0355:I0:C,s20261019-0355,train,0,,,,0.080143,1.000000,0.437000,0.080143
s20261019-0355:I1:C,s20261019-0355,train,1,REFRAIN,4,U2,0.874945,0.000001,0.159839,0.000001
s20261019-0356:I0:C,s20261019-0356,train,0,,,,0.117640,1.000000,0.799273,0.117640
s20261019-0356:I1:C,s20261019-0356,train,1,ACT,1,U1,0.921328,0.932596,0.639108,0.859227
s20261019-0357:I0:C,s20261019-0357,train,0,,,,0.093647,1.000000,0.445931,0.093647
s20261019-0357:I1:C,s20261019-0357,train,1,REFRAIN,2,U1,0.927458,0.024859,0.357355,0.023056
s20261019-0358:I0:C,s20261019-0358,val,0,,,,0.072245,1.000000,0.231941,0.072245
s20261019-0358:I1:C,s20261019-0358,val,1,ACT,2,U1,0.917430,0.538820,0.202069,0.494329
s20261019-0359:I0:C,s20261019-0359,train,0,,,,0.080591,1.000000,0.823178,0.080591
s20261019-0359:I1:C,s20261019-0359,train,1,ACT,3,U1,0.930700,0.981327,0.700349,0.913321
s20261019-0360:I0:C,s20261019-0360,train,0,,,,0.081225,1.000000,0.132623,0.081225
s20261019-0360:I1:C,s20261019-0360,train,1,REFRAIN,1,U2,0.897972,0.000001,0.124793,0.000001
s20261019-0361:I0:C,s20261019-0361,train,0,,,,0.075353,1.000000,0.629611,0.075353
s20261019-0361:I1:C,s20261019-0361,train,1,ACT,3,U2,0.910518,1.000000,0.634435,0.910518
s20261019-0362:I0:C,s20261019-0362,train,0,,,,0.083264,1.000000,0.166137,0.083264
s20261019-0362:I1:C,s20261019-0362,train,1,REFRAIN,2,U2,0.910149,0.000000,0.240558,0.000000
s20261019-0363:I0:C,s20261019-0363,train,0,,,,0.077115,0.999815,0.465875,0.077101
s20261019-0363:I1:C,s20261019-0363,train,1,ACT,0,U1,0.932857,0.823991,0.770658,0.768666
s20261019-0364:I0:C,s20261019-0364,train,0,,,,0.079489,1.000000,0.609294,0.079489
s20261019-0364:I1:C,s20261019-0364,train,1,ACT,2,U2,0.886255,0.999703,0.653837,0.885992
s20261019-0365:I0:C,s20261019-0365,train,0,,,,0.059808,1.000000,0.197308,0.059808
s20261019-0365:I1:C,s20261019-0365,train,1,REFRAIN,4,U1,0.909385,0.006849,0.068969,0.006228
s20261019-0366:I0:C,s20261019-0366,train,0,,,,0.074602,1.000000,0.187850,0.074602
s20261019-0366:I1:C,s20261019-0366,train,1,REFRAIN,1,U2,0.919614,0.000002,0.171692,0.000001
s20261019-0367:I0:C,s20261019-0367,test,0,,,,0.053923,1.000000,0.405862,0.053923
s20261019-0367:I1:C,s20261019-0367,test,1,ACT,6,U1,0.938650,0.686758,0.576452,0.644626
s20261019-0368:I0:C,s20261019-0368,val,0,,,,0.076559,1.000000,0.654494,0.076559
s20261019-0368:I1:C,s20261019-0368,val,1,ACT,0,U2,0.927470,0.999999,0.935093,0.927469
s20261019-0369:I0:C,s20261019-0369,test,0,,,,0.088712,1.000000,0.534462,0.088712
s20261019-0369:I1:C,s20261019-0369,test,1,ACT,6,U1,0.932107,0.643797,0.674313,0.600088
s20261019-0370:I0:C,s20261019-0370,train,0,,,,0.092565,1.000000,0.531153,0.092565
s20261019-0370:I1:C,s20261019-0370,train,1,ACT,3,U2,0.909086,0.995483,0.537473,0.904979
s20261019-0371:I0:C,s20261019-0371,test,0,,,,0.073582,1.000000,0.428495,0.073582
s20261019-0371:I1:C,s20261019-0371,test,1,REFRAIN,7,U1,0.914795,0.000937,0.380221,0.000857
s20261019-0372:I0:C,s20261019-0372,test,0,,,,0.096780,1.000000,0.618007,0.096780
s20261019-0372:I1:C,s20261019-0372,test,1,REFRAIN,7,U1,0.922207,0.018820,0.562248,0.017356
s20261019-0373:I0:C,s20261019-0373,train,0,,,,0.100020,1.000000,0.198640,0.100020
s20261019-0373:I1:C,s20261019-0373,train,1,REFRAIN,1,U1,0.901682,0.000000,0.136914,0.000000
s20261019-0374:I0:C,s20261019-0374,val,0,,,,0.088498,1.000000,0.732803,0.088498
s20261019-0374:I1:C,s20261019-0374,val,1,ACT,3,U1,0.921914,0.958587,0.600362,0.883734
s20261019-0375:I0:C,s20261019-0375,test,0,,,,0.077289,1.000000,0.476372,0.077289
s20261019-0375:I1:C,s20261019-0375,test,1,REFRAIN,7,U1,0.909336,0.002874,0.439937,0.002613
s20261019-0376:I0:C,s20261019-0376,test,0,,,,0.067450,1.000000,0.557813,0.067450
s20261019-0376:I1:C,s20261019-0376,test,1,ACT,6,U1,0.940999,0.783636,0.698502,0.737401
s20261019-0377:I0:C,s20261019-0377,train,0,,,,0.125517,0.999891,0.545991,0.125503
s20261019-0377:I1:C,s20261019-0377,train,1,REFRAIN,3,U1,0.916489,0.015949,0.433671,0.014617
s20261019-0378:I0:C,s20261019-0378,val,0,,,,0.095280,1.000000,0.721794,0.095280
s20261019-0378:I1:C,s20261019-0378,val,1,REFRAIN,1,U2,0.809502,0.000000,0.641210,0.000000
s20261019-0379:I0:C,s20261019-0379,val,0,,,,0.076415,1.000000,0.704840,0.076415
s20261019-0379:I1:C,s20261019-0379,val,1,ACT,2,U1,0.908876,0.999882,0.611520,0.908769
s20261019-0380:I0:C,s20261019-0380,test,0,,,,0.079609,1.000000,0.773052,0.079609
s20261019-0380:I1:C,s20261019-0380,test,1,ACT,6,U2,0.923501,0.999994,0.921421,0.923495
s20261019-0381:I0:C,s20261019-0381,test,0,,,,0.078370,1.000000,0.223314,0.078370
s20261019-0381:I1:C,s20261019-0381,test,1,REFRAIN,7,U2,0.890443,0.000001,0.275591,0.000001
s20261019-0382:I0:C,s20261019-0382,test,0,,,,0.088539,1.000000,0.480672,0.088539
s20261019-0382:I1:C,s20261019-0382,test,1,ACT,6,U2,0.924484,0.999871,0.793302,0.924365
s20261019-0383:I0:C,s20261019-0383,val,0,,,,0.089822,1.000000,0.615030,0.089822
s20261019-0383:I1:C,s20261019-0383,val,1,ACT,5,U2,0.923805,1.000000,0.616062,0.923805
s20261019-0384:I0:C,s20261019-0384,train,0,,,,0.063555,1.000000,0.139500,0.063555
s20261019-0384:I1:C,s20261019-0384,train,1,REFRAIN,3,U2,0.925998,0.000000,0.170282,0.000000
s20261019-0385:I0:C,s20261019-0385,train,0,,,,0.061080,1.000000,0.465460,0.061080
s20261019-0385:I1:C,s20261019-0385,train,1,REFRAIN,5,U1,0.916794,0.077774,0.310931,0.071303
s20261019-0386:I0:C,s20261019-0386,val,0,,,,0.079536,1.000000,0.446696,0.079536
s20261019-0386:I1:C,s20261019-0386,val,1,REFRAIN,3,U1,0.916987,0.064466,0.355757,0.059114
s20261019-0387:I0:C,s20261019-0387,train,0,,,,0.061368,1.000000,0.735009,0.061368
s20261019-0387:I1:C,s20261019-0387,train,1,ACT,3,U1,0.919103,0.969953,0.625316,0.891487
s20261019-0388:I0:C,s20261019-0388,test,0,,,,0.085460,1.000000,0.432656,0.085460
s20261019-0388:I1:C,s20261019-0388,test,1,ACT,6,U2,0.910105,1.000000,0.754125,0.910105
s20261019-0389:I0:C,s20261019-0389,train,0,,,,0.080144,1.000000,0.559644,0.080144
s20261019-0389:I1:C,s20261019-0389,train,1,ACT,3,U2,0.912647,0.999777,0.570443,0.912444
s20261019-0390:I0:C,s20261019-0390,test,0,,,,0.077653,1.000000,0.643964,0.077653
s20261019-0390:I1:C,s20261019-0390,test,1,ACT,7,U2,0.917880,0.198291,0.702465,0.182007
s20261019-0391:I0:C,s20261019-0391,test,0,,,,0.090117,1.000000,0.789900,0.090117
s20261019-0391:I1:C,s20261019-0391,test,1,ACT,6,U2,0.926030,0.999995,0.927373,0.926025
s20261019-0392:I0:C,s20261019-0392,train,0,,,,0.090301,1.000000,0.794753,0.090301
s20261019-0392:I1:C,s20261019-0392,train,1,ACT,1,U1,0.910917,0.994275,0.642121,0.905702
s20261019-0393:I0:C,s20261019-0393,val,0,,,,0.077741,1.000000,0.382301,0.077741
s20261019-0393:I1:C,s20261019-0393,val,1,REFRAIN,3,U1,0.917265,0.043455,0.298640,0.039860
s20261019-0394:I0:C,s20261019-0394,test,0,,,,0.093643,1.000000,0.472627,0.093643
s20261019-0394:I1:C,s20261019-0394,test,1,ACT,6,U1,0.930840,0.535416,0.656269,0.498386
s20261019-0395:I0:C,s20261019-0395,train,0,,,,0.121047,1.000000,0.720233,0.121047
s20261019-0395:I1:C,s20261019-0395,train,1,ACT,3,U1,0.919731,0.943680,0.597854,0.867931
s20261019-0396:I0:C,s20261019-0396,val,0,,,,0.091624,1.000000,0.499736,0.091624
s20261019-0396:I1:C,s20261019-0396,val,1,ACT,3,U2,0.910346,0.948611,0.517432,0.863564
s20261019-0397:I0:C,s20261019-0397,test,0,,,,0.189180,0.004582,0.439161,0.000867
s20261019-0397:I1:C,s20261019-0397,test,1,ACT,6,U1,0.926084,0.941334,0.620986,0.871754
s20261019-0398:I0:C,s20261019-0398,test,0,,,,0.061109,1.000000,0.381740,0.061109
s20261019-0398:I1:C,s20261019-0398,test,1,REFRAIN,6,U1,0.932347,0.827964,0.556469,0.771950
s20261019-0399:I0:C,s20261019-0399,train,0,,,,0.089224,1.000000,0.238709,0.089224
s20261019-0399:I1:C,s20261019-0399,train,1,REFRAIN,2,U1,0.928090,0.071922,0.198131,0.066750
s20261019-0400:I0:C,s20261019-0400,train,0,,,,0.078759,1.000000,0.145607,0.078759
s20261019-0400:I1:C,s20261019-0400,train,1,REFRAIN,3,U1,0.910086,0.004126,0.115330,0.003755
s20261019-0401:I0:C,s20261019-0401,val,0,,,,0.086247,1.000000,0.439120,0.086247
s20261019-0401:I1:C,s20261019-0401,val,1,ACT,5,U2,0.904993,0.813686,0.457551,0.736380
s20261019-0402:I0:C,s20261019-0402,train,0,,,,0.081495,1.000000,0.500262,0.081495
s20261019-0402:I1:C,s20261019-0402,train,1,REFRAIN,5,U1,0.909149,0.000778,0.325445,0.000707
s20261019-0403:I0:C,s20261019-0403,test,0,,,,0.092273,1.000000,0.200819,0.092273
s20261019-0403:I1:C,s20261019-0403,test,1,REFRAIN,6,U2,0.916843,0.005018,0.510991,0.004601
s20261019-0404:I0:C,s20261019-0404,train,0,,,,0.076064,1.000000,0.161349,0.076064
s20261019-0404:I1:C,s20261019-0404,train,1,REFRAIN,2,U2,0.929499,0.000000,0.230939,0.000000
s20261019-0405:I0:C,s20261019-0405,train,0,,,,0.082804,1.000000,0.489393,0.082804
s20261019-0405:I1:C,s20261019-0405,train,1,ACT,0,U1,0.930967,0.707262,0.786631,0.658437
s20261019-0406:I0:C,s20261019-0406,train,0,,,,0.072514,1.000000,0.661366,0.072514
s20261019-0406:I1:C,s20261019-0406,train,1,REFRAIN,3,U2,0.928064,0.000000,0.653518,0.000000
s20261019-0407:I0:C,s20261019-0407,train,0,,,,0.089764,1.000000,0.526919,0.089764
s20261019-0407:I1:C,s20261019-0407,train,1,REFRAIN,4,U2,0.745163,0.000002,0.210738,0.000001
s20261019-0408:I0:C,s20261019-0408,train,0,,,,0.074886,1.000000,0.655840,0.074886
s20261019-0408:I1:C,s20261019-0408,train,1,REFRAIN,5,U2,0.931815,0.701831,0.668158,0.653977
s20261019-0409:I0:C,s20261019-0409,train,0,,,,0.115491,0.999740,0.486422,0.115461
s20261019-0409:I1:C,s20261019-0409,train,1,REFRAIN,5,U1,0.902020,0.000786,0.328921,0.000709
s20261019-0410:I0:C,s20261019-0410,test,0,,,,0.076548,1.000000,0.142478,0.076548
s20261019-0410:I1:C,s20261019-0410,test,1,REFRAIN,7,U1,0.932776,0.000047,0.122509,0.000044
s20261019-0411:I0:C,s20261019-0411,train,0,,,,0.062417,1.000000,0.443678,0.062417
s20261019-0411:I1:C,s20261019-0411,train,1,REFRAIN,3,U1,0.920302,0.025022,0.343286,0.023028
s20261019-0412:I0:C,s20261019-0412,train,0,,,,0.286515,0.994626,0.566522,0.284976
s20261019-0412:I1:C,s20261019-0412,train,1,REFRAIN,1,U1,0.913188,0.000135,0.395735,0.000123
s20261019-0413:I0:C,s20261019-0413,train,0,,,,0.084281,1.000000,0.138641,0.084281
s20261019-0413:I1:C,s20261019-0413,train,1,REFRAIN,4,U2,0.825709,0.001518,0.042269,0.001253
s20261019-0414:I0:C,s20261019-0414,train,0,,,,0.081821,1.000000,0.484258,0.081821
s20261019-0414:I1:C,s20261019-0414,train,1,REFRAIN,4,U1,0.932903,0.000000,0.183097,0.000000
s20261019-0415:I0:C,s20261019-0415,train,0,,,,0.090961,1.000000,0.675451,0.090961
s20261019-0415:I1:C,s20261019-0415,train,1,REFRAIN,4,U2,0.941376,0.000000,0.334816,0.000000
s20261019-0416:I0:C,s20261019-0416,train,0,,,,0.082800,1.000000,0.756818,0.082800
s20261019-0416:I1:C,s20261019-0416,train,1,ACT,4,U1,0.915268,0.954303,0.393171,0.873443
s20261019-0417:I0:C,s20261019-0417,val,0,,,,0.086003,1.000000,0.470859,0.086003
s20261019-0417:I1:C,s20261019-0417,val,1,ACT,0,U1,0.893304,0.512108,0.764664,0.457468
s20261019-0418:I0:C,s20261019-0418,val,0,,,,0.086043,1.000000,0.759480,0.086043
s20261019-0418:I1:C,s20261019-0418,val,1,REFRAIN,4,U2,0.940554,0.000000,0.402918,0.000000
s20261019-0419:I0:C,s20261019-0419,test,0,,,,0.090408,1.000000,0.557935,0.090408
s20261019-0419:I1:C,s20261019-0419,test,1,ACT,6,U1,0.942496,0.665486,0.694129,0.627218
s20261019-0420:I0:C,s20261019-0420,train,0,,,,0.087824,1.000000,0.528286,0.087824
s20261019-0420:I1:C,s20261019-0420,train,1,REFRAIN,4,U2,0.807008,0.039147,0.226491,0.031592
s20261019-0421:I0:C,s20261019-0421,test,0,,,,0.086566,1.000000,0.448946,0.086566
s20261019-0421:I1:C,s20261019-0421,test,1,ACT,6,U2,0.914227,1.000000,0.774723,0.914227
s20261019-0422:I0:C,s20261019-0422,train,0,,,,0.093917,1.000000,0.684662,0.093917
s20261019-0422:I1:C,s20261019-0422,train,1,REFRAIN,5,U2,0.923769,0.115615,0.679735,0.106801
s20261019-0423:I0:C,s20261019-0423,train,0,,,,0.073526,1.000000,0.270674,0.073526
s20261019-0423:I1:C,s20261019-0423,train,1,REFRAIN,1,U1,0.908094,0.000000,0.177647,0.000000
s20261019-0424:I0:C,s20261019-0424,test,0,,,,0.074009,1.000000,0.439860,0.074009
s20261019-0424:I1:C,s20261019-0424,test,1,REFRAIN,7,U1,0.905890,0.136649,0.385621,0.123789
s20261019-0425:I0:C,s20261019-0425,train,0,,,,0.050301,1.000000,0.349466,0.050301
s20261019-0425:I1:C,s20261019-0425,train,1,REFRAIN,0,U1,0.938901,0.068534,0.686686,0.064347
s20261019-0426:I0:C,s20261019-0426,train,0,,,,0.089961,1.000000,0.492454,0.089961
s20261019-0426:I1:C,s20261019-0426,train,1,REFRAIN,0,U1,0.941144,0.225810,0.773645,0.212520
s20261019-0427:I0:C,s20261019-0427,val,0,,,,0.109456,1.000000,0.578466,0.109456
s20261019-0427:I1:C,s20261019-0427,val,1,ACT,5,U2,0.911862,1.000000,0.584761,0.911862
s20261019-0428:I0:C,s20261019-0428,test,0,,,,0.104108,1.000000,0.368175,0.104108
s20261019-0428:I1:C,s20261019-0428,test,1,REFRAIN,6,U1,0.920148,0.168761,0.541444,0.155285
s20261019-0429:I0:C,s20261019-0429,train,0,,,,0.072114,1.000000,0.759861,0.072114
s20261019-0429:I1:C,s20261019-0429,train,1,REFRAIN,1,U2,0.916029,0.000000,0.677623,0.000000
s20261019-0430:I0:C,s20261019-0430,train,0,,,,0.065140,1.000000,0.328280,0.065140
s20261019-0430:I1:C,s20261019-0430,train,1,REFRAIN,1,U2,0.924626,0.000512,0.287808,0.000473
s20261019-0431:I0:C,s20261019-0431,test,0,,,,0.111821,1.000000,0.499883,0.111821
s20261019-0431:I1:C,s20261019-0431,test,1,ACT,6,U1,0.930040,0.962981,0.670289,0.895611
s20261019-0432:I0:C,s20261019-0432,train,0,,,,0.083865,1.000000,0.457448,0.083865
s20261019-0432:I1:C,s20261019-0432,train,1,REFRAIN,5,U1,0.911819,0.001735,0.295522,0.001582
s20261019-0433:I0:C,s20261019-0433,train,0,,,,0.093995,1.000000,0.816675,0.093995
s20261019-0433:I1:C,s20261019-0433,train,1,ACT,2,U2,0.910652,0.939367,0.826456,0.855437
s20261019-0434:I0:C,s20261019-0434,test,0,,,,0.075327,1.000000,0.226135,0.075327
s20261019-0434:I1:C,s20261019-0434,test,1,REFRAIN,7,U1,0.926665,0.000078,0.213043,0.000072
s20261019-0435:I0:C,s20261019-0435,test,0,,,,0.084771,1.000000,0.460299,0.084771
s20261019-0435:I1:C,s20261019-0435,test,1,REFRAIN,7,U2,0.918446,0.354729,0.518554,0.325800
s20261019-0436:I0:C,s20261019-0436,test,0,,,,0.068744,1.000000,0.199153,0.068744
s20261019-0436:I1:C,s20261019-0436,test,1,REFRAIN,6,U1,0.909589,0.176786,0.357563,0.160803
s20261019-0437:I0:C,s20261019-0437,train,0,,,,0.118215,0.001810,0.756299,0.000214
s20261019-0437:I1:C,s20261019-0437,train,1,ACT,3,U1,0.920685,0.993758,0.641254,0.914939
s20261019-0438:I0:C,s20261019-0438,train,0,,,,0.107258,1.000000,0.783043,0.107258
s20261019-0438:I1:C,s20261019-0438,train,1,REFRAIN,5,U2,0.934214,0.596367,0.771803,0.557134
s20261019-0439:I0:C,s20261019-0439,train,0,,,,0.077173,1.000000,0.408814,0.077173
s20261019-0439:I1:C,s20261019-0439,train,1,REFRAIN,1,U1,0.926426,0.002406,0.264427,0.002229
s20261019-0440:I0:C,s20261019-0440,train,0,,,,0.085989,1.000000,0.528655,0.085989
s20261019-0440:I1:C,s20261019-0440,train,1,ACT,2,U2,0.925217,0.855730,0.613823,0.791736
s20261019-0441:I0:C,s20261019-0441,train,0,,,,0.089224,1.000000,0.834016,0.089224
s20261019-0441:I1:C,s20261019-0441,train,1,REFRAIN,5,U2,0.926955,0.283509,0.816980,0.262800
s20261019-0442:I0:C,s20261019-0442,val,0,,,,0.080200,1.000000,0.484260,0.080200
s20261019-0442:I1:C,s20261019-0442,val,1,ACT,2,U2,0.898732,0.999964,0.552859,0.898699
s20261019-0443:I0:C,s20261019-0443,test,0,,,,0.076883,1.000000,0.486491,0.076883
s20261019-0443:I1:C,s20261019-0443,test,1,ACT,6,U1,0.943885,0.561761,0.641207,0.530238
s20261019-0444:I0:C,s20261019-0444,train,0,,,,0.091784,0.999935,0.568275,0.091779
s20261019-0444:I1:C,s20261019-0444,train,1,REFRAIN,5,U1,0.904511,0.021280,0.373766,0.019248
s20261019-0445:I0:C,s20261019-0445,train,0,,,,0.111490,1.000000,0.413989,0.111490
s20261019-0445:I1:C,s20261019-0445,train,1,REFRAIN,1,U1,0.936112,0.000011,0.290210,0.000010
s20261019-0446:I0:C,s20261019-0446,train,0,,,,0.086636,1.000000,0.634608,0.086636
s20261019-0446:I1:C,s20261019-0446,train,1,REFRAIN,5,U1,0.912236,0.019805,0.445191,0.018067
s20261019-0447:I0:C,s20261019-0447,train,0,,,,0.075499,1.000000,0.369656,0.075499
s20261019-0447:I1:C,s20261019-0447,train,1,ACT,0,U2,0.918133,0.999997,0.831555,0.918131
s20261019-0448:I0:C,s20261019-0448,train,0,,,,0.061715,1.000000,0.539346,0.061715
s20261019-0448:I1:C,s20261019-0448,train,1,REFRAIN,1,U1,0.906472,0.001144,0.383642,0.001037
s20261019-0449:I0:C,s20261019-0449,train,0,,,,0.067691,1.000000,0.526147,0.067691
s20261019-0449:I1:C,s20261019-0449,train,1,REFRAIN,4,U1,0.920729,0.000031,0.220582,0.000028
s20261019-0450:I0:C,s20261019-0450,test,0,,,,0.075607,1.000000,0.407153,0.075607
s20261019-0450:I1:C,s20261019-0450,test,1,ACT,6,U2,0.916909,0.999999,0.731375,0.916908
s20261019-0451:I0:C,s20261019-0451,test,0,,,,0.093053,1.000000,0.691764,0.093053
s20261019-0451:I1:C,s20261019-0451,test,1,ACT,6,U1,0.917984,0.999995,0.805850,0.917980
s20261019-0452:I0:C,s20261019-0452,train,0,,,,0.079949,1.000000,0.225182,0.079949
s20261019-0452:I1:C,s20261019-0452,train,1,ACT,0,U2,0.922850,0.984524,0.706906,0.908568
s20261019-0453:I0:C,s20261019-0453,val,0,,,,0.098947,1.000000,0.191635,0.098947
s20261019-0453:I1:C,s20261019-0453,val,1,REFRAIN,1,U2,0.877478,0.000020,0.181768,0.000018
s20261019-0454:I0:C,s20261019-0454,test,0,,,,0.058388,1.000000,0.388763,0.058388
s20261019-0454:I1:C,s20261019-0454,test,1,REFRAIN,7,U2,0.911375,0.307695,0.446373,0.280425
s20261019-0455:I0:C,s20261019-0455,train,0,,,,0.095115,1.000000,0.423580,0.095115
s20261019-0455:I1:C,s20261019-0455,train,1,ACT,3,U2,0.908129,0.833458,0.449094,0.756887
s20261019-0456:I0:C,s20261019-0456,test,0,,,,0.063040,1.000000,0.509454,0.063040
s20261019-0456:I1:C,s20261019-0456,test,1,ACT,7,U2,0.873105,1.000000,0.561814,0.873105
s20261019-0457:I0:C,s20261019-0457,train,0,,,,0.072822,1.000000,0.526220,0.072822
s20261019-0457:I1:C,s20261019-0457,train,1,REFRAIN,5,U1,0.910993,0.007206,0.361125,0.006565
s20261019-0458:I0:C,s20261019-0458,train,0,,,,0.081127,1.000000,0.394560,0.081127
s20261019-0458:I1:C,s20261019-0458,train,1,REFRAIN,4,U2,0.929226,0.000000,0.141731,0.000000
s20261019-0459:I0:C,s20261019-0459,val,0,,,,0.090500,1.000000,0.543326,0.090500
s20261019-0459:I1:C,s20261019-0459,val,1,REFRAIN,2,U1,0.903378,0.022995,0.445495,0.020773
s20261019-0460:I0:C,s20261019-0460,train,0,,,,0.101534,1.000000,0.466787,0.101534
s20261019-0460:I1:C,s20261019-0460,train,1,REFRAIN,0,U1,0.941066,0.320581,0.762531,0.301688
s20261019-0461:I0:C,s20261019-0461,train,0,,,,0.074617,1.000000,0.779379,0.074617
s20261019-0461:I1:C,s20261019-0461,train,1,ACT,1,U1,0.913441,0.851024,0.615164,0.777360
s20261019-0462:I0:C,s20261019-0462,train,0,,,,0.089631,1.000000,0.558197,0.089631
s20261019-0462:I1:C,s20261019-0462,train,1,ACT,0,U2,0.927264,0.999988,0.911629,0.927253
s20261019-0463:I0:C,s20261019-0463,train,0,,,,0.193172,0.998717,0.560314,0.192924
s20261019-0463:I1:C,s20261019-0463,train,1,ACT,0,U1,0.914357,0.788437,0.820972,0.720913
s20261019-0464:I0:C,s20261019-0464,train,0,,,,0.087404,1.000000,0.547109,0.087404
s20261019-0464:I1:C,s20261019-0464,train,1,ACT,0,U2,0.917712,0.996511,0.907100,0.914511
s20261019-0465:I0:C,s20261019-0465,train,0,,,,0.097029,1.000000,0.408188,0.097029
s20261019-0465:I1:C,s20261019-0465,train,1,REFRAIN,2,U1,0.918388,0.030623,0.355492,0.028124
s20261019-0466:I0:C,s20261019-0466,test,0,,,,0.100876,1.000000,0.229154,0.100876
s20261019-0466:I1:C,s20261019-0466,test,1,REFRAIN,6,U2,0.911363,0.000001,0.549783,0.000001
s20261019-0467:I0:C,s20261019-0467,train,0,,,,0.079943,1.000000,0.479529,0.079943
s20261019-0467:I1:C,s20261019-0467,train,1,ACT,5,U2,0.931376,1.000000,0.494491,0.931376
s20261019-0468:I0:C,s20261019-0468,train,0,,,,0.080922,1.000000,0.196961,0.080922
s20261019-0468:I1:C,s20261019-0468,train,1,REFRAIN,4,U2,0.934475,0.000000,0.066442,0.000000
s20261019-0469:I0:C,s20261019-0469,train,0,,,,0.067298,1.000000,0.499296,0.067298
s20261019-0469:I1:C,s20261019-0469,train,1,ACT,0,U2,0.920236,1.000000,0.888969,0.920236
s20261019-0470:I0:C,s20261019-0470,train,0,,,,0.092808,1.000000,0.180298,0.092808
s20261019-0470:I1:C,s20261019-0470,train,1,REFRAIN,1,U2,0.924746,0.000000,0.164764,0.000000
s20261019-0471:I0:C,s20261019-0471,test,0,,,,0.110499,1.000000,0.755400,0.110499
s20261019-0471:I1:C,s20261019-0471,test,1,REFRAIN,7,U2,0.757070,0.000000,0.798894,0.000000
s20261019-0472:I0:C,s20261019-0472,train,0,,,,0.077529,1.000000,0.389713,0.077529
s20261019-0472:I1:C,s20261019-0472,train,1,REFRAIN,2,U1,0.911201,0.072951,0.344783,0.066473
s20261019-0473:I0:C,s20261019-0473,train,0,,,,0.094600,1.000000,0.550782,0.094600
s20261019-0473:I1:C,s20261019-0473,train,1,ACT,0,U1,0.921396,0.765460,0.822148,0.705292
s20261019-0474:I0:C,s20261019-0474,test,0,,,,0.143276,0.999866,0.448957,0.143257
s20261019-0474:I1:C,s20261019-0474,test,1,REFRAIN,7,U1,0.913721,0.012103,0.395348,0.011059
s20261019-0475:I0:C,s20261019-0475,train,0,,,,0.077839,1.000000,0.445276,0.077839
s20261019-0475:I1:C,s20261019-0475,train,1,REFRAIN,0,U1,0.923649,0.789413,0.763737,0.729141
s20261019-0476:I0:C,s20261019-0476,train,0,,,,0.113099,1.000000,0.223487,0.113099
s20261019-0476:I1:C,s20261019-0476,train,1,ACT,0,U2,0.911223,0.917491,0.728776,0.836039
s20261019-0477:I0:C,s20261019-0477,train,0,,,,0.061773,1.000000,0.673169,0.061773
s20261019-0477:I1:C,s20261019-0477,train,1,ACT,0,U1,0.922353,0.999995,0.876783,0.922348
s20261019-0478:I0:C,s20261019-0478,train,0,,,,0.077290,1.000000,0.381895,0.077290
s20261019-0478:I1:C,s20261019-0478,train,1,REFRAIN,3,U1,0.912239,0.199565,0.300577,0.182051
s20261019-0479:I0:C,s20261019-0479,test,0,,,,0.084005,1.000000,0.222591,0.084005
s20261019-0479:I1:C,s20261019-0479,test,1,REFRAIN,7,U2,0.919234,0.000000,0.273898,0.000000
s20261019-0480:I0:C,s20261019-0480,train,0,,,,0.103204,1.000000,0.268353,0.103204
s20261019-0480:I1:C,s20261019-0480,train,1,REFRAIN,3,U2,0.917883,0.000001,0.304398,0.000001
s20261019-0481:I0:C,s20261019-0481,train,0,,,,0.084277,1.000000,0.109957,0.084277
s20261019-0481:I1:C,s20261019-0481,train,1,REFRAIN,3,U2,0.929039,0.000001,0.139410,0.000000
s20261019-0482:I0:C,s20261019-0482,train,0,,,,0.102687,1.000000,0.146182,0.102687
s20261019-0482:I1:C,s20261019-0482,train,1,REFRAIN,0,U1,0.918126,0.636762,0.458688,0.584628
s20261019-0483:I0:C,s20261019-0483,train,0,,,,0.073597,1.000000,0.155497,0.073597
s20261019-0483:I1:C,s20261019-0483,train,1,REFRAIN,1,U2,0.916069,0.000000,0.144296,0.000000
s20261019-0484:I0:C,s20261019-0484,test,0,,,,0.074564,1.000000,0.726995,0.074564
s20261019-0484:I1:C,s20261019-0484,test,1,REFRAIN,7,U2,0.817266,0.000000,0.766934,0.000000
s20261019-0485:I0:C,s20261019-0485,train,0,,,,0.086001,1.000000,0.215446,0.086001
s20261019-0485:I1:C,s20261019-0485,train,1,REFRAIN,5,U2,0.910193,0.000000,0.253129,0.000000
s20261019-0486:I0:C,s20261019-0486,train,0,,,,0.102756,0.999980,0.510480,0.102754
s20261019-0486:I1:C,s20261019-0486,train,1,REFRAIN,5,U1,0.914288,0.001269,0.331785,0.001160
s20261019-0487:I0:C,s20261019-0487,train,0,,,,0.053750,1.000000,0.714615,0.053750
s20261019-0487:I1:C,s20261019-0487,train,1,ACT,5,U1,0.911604,0.999088,0.542901,0.910773
s20261019-0488:I0:C,s20261019-0488,test,0,,,,0.073347,1.000000,0.817552,0.073347
s20261019-0488:I1:C,s20261019-0488,test,1,ACT,6,U1,0.924765,0.999994,0.888701,0.924760
s20261019-0489:I0:C,s20261019-0489,train,0,,,,0.068051,1.000000,0.226998,0.068051
s20261019-0489:I1:C,s20261019-0489,train,1,REFRAIN,2,U2,0.905747,0.000000,0.300252,0.000000
s20261019-0490:I0:C,s20261019-0490,val,0,,,,0.109732,1.000000,0.467613,0.109732
s20261019-0490:I1:C,s20261019-0490,val,1,REFRAIN,4,U2,0.558311,0.008737,0.181417,0.004878
s20261019-0491:I0:C,s20261019-0491,val,0,,,,0.075071,1.000000,0.152281,0.075071
s20261019-0491:I1:C,s20261019-0491,val,1,REFRAIN,1,U1,0.914836,0.000000,0.107124,0.000000
s20261019-0492:I0:C,s20261019-0492,test,0,,,,0.075077,1.000000,0.665379,0.075077
s20261019-0492:I1:C,s20261019-0492,test,1,REFRAIN,7,U2,0.833657,0.000000,0.714161,0.000000
s20261019-0493:I0:C,s20261019-0493,test,0,,,,0.085886,1.000000,0.550230,0.085886
s20261019-0493:I1:C,s20261019-0493,test,1,ACT,7,U2,0.942580,0.999981,0.606876,0.942562
s20261019-0494:I0:C,s20261019-0494,train,0,,,,0.090064,1.000000,0.713111,0.090064
s20261019-0494:I1:C,s20261019-0494,train,1,ACT,1,U1,0.917517,0.982146,0.557020,0.901136
s20261019-0495:I0:C,s20261019-0495,train,0,,,,0.080284,1.000000,0.453881,0.080284
s20261019-0495:I1:C,s20261019-0495,train,1,ACT,2,U2,0.906223,0.264317,0.520550,0.239530
s20261019-0496:I0:C,s20261019-0496,test,0,,,,0.068275,1.000000,0.851906,0.068275
s20261019-0496:I1:C,s20261019-0496,test,1,ACT,6,U2,0.927434,0.999983,0.953161,0.927419
s20261019-0497:I0:C,s20261019-0497,train,0,,,,0.056714,1.000000,0.458728,0.056714
s20261019-0497:I1:C,s20261019-0497,train,1,REFRAIN,1,U1,0.952873,0.000031,0.315654,0.000029
s20261019-0498:I0:C,s20261019-0498,train,0,,,,0.071196,1.000000,0.744378,0.071196
s20261019-0498:I1:C,s20261019-0498,train,1,ACT,1,U1,0.915419,0.983813,0.564913,0.900600
s20261019-0499:I0:C,s20261019-0499,test,0,,,,0.072456,1.000000,0.379653,0.072456
s20261019-0499:I1:C,s20261019-0499,test,1,REFRAIN,7,U1,0.911215,0.004473,0.336821,0.004076
s20261019-0500:I0:C,s20261019-0500,val,0,,,,0.088676,1.000000,0.446392,0.088676
s20261019-0500:I1:C,s20261019-0500,val,1,REFRAIN,3,U1,0.912752,0.009944,0.350238,0.009076
s20261019-0501:I0:C,s20261019-0501,test,0,,,,0.071735,1.000000,0.413202,0.071735
s20261019-0501:I1:C,s20261019-0501,test,1,ACT,6,U1,0.930114,0.517731,0.612147,0.481548
s20261019-0502:I0:C,s20261019-0502,test,0,,,,0.077827,1.000000,0.346870,0.077827
s20261019-0502:I1:C,s20261019-0502,test,1,ACT,6,U2,0.918236,1.000000,0.689537,0.918236
s20261019-0503:I0:C,s20261019-0503,val,0,,,,0.068834,1.000000,0.750387,0.068834
s20261019-0503:I1:C,s20261019-0503,val,1,ACT,1,U1,0.923559,0.990560,0.590455,0.914841
s20261019-0504:I0:C,s20261019-0504,test,0,,,,0.077911,1.000000,0.404264,0.077911
s20261019-0504:I1:C,s20261019-0504,test,1,REFRAIN,7,U1,0.910813,0.005372,0.359937,0.004893
s20261019-0505:I0:C,s20261019-0505,train,0,,,,0.058310,1.000000,0.747786,0.058310
s20261019-0505:I1:C,s20261019-0505,train,1,ACT,0,U2,0.924961,0.999972,0.958560,0.924935
s20261019-0506:I0:C,s20261019-0506,val,0,,,,0.057588,1.000000,0.775693,0.057588
s20261019-0506:I1:C,s20261019-0506,val,1,ACT,2,U2,0.892613,0.715288,0.797178,0.638475
s20261019-0507:I0:C,s20261019-0507,test,0,,,,0.076158,1.000000,0.134268,0.076158
s20261019-0507:I1:C,s20261019-0507,test,1,REFRAIN,6,U1,0.918054,0.147457,0.265403,0.135374
s20261019-0508:I0:C,s20261019-0508,train,0,,,,0.110941,0.999966,0.477292,0.110937
s20261019-0508:I1:C,s20261019-0508,train,1,REFRAIN,5,U1,0.912522,0.001883,0.305480,0.001718
s20261019-0509:I0:C,s20261019-0509,train,0,,,,0.082170,1.000000,0.747826,0.082170
s20261019-0509:I1:C,s20261019-0509,train,1,ACT,3,U1,0.927140,0.937966,0.618567,0.869626
s20261019-0510:I0:C,s20261019-0510,train,0,,,,0.079718,1.000000,0.197254,0.079718
s20261019-0510:I1:C,s20261019-0510,train,1,REFRAIN,4,U2,0.916262,0.000000,0.063423,0.000000
s20261019-0511:I0:C,s20261019-0511,train,0,,,,0.086074,1.000000,0.653806,0.086074
s20261019-0511:I1:C,s20261019-0511,train,1,ACT,1,U2,0.916038,0.999217,0.576423,0.915320
s20261019-0512:I0:C,s20261019-0512,val,0,,,,0.086340,1.000000,0.425926,0.086340
s20261019-0512:I1:C,s20261019-0512,val,1,ACT,0,U1,0.922084,0.833496,0.732135,0.768554
s20261019-0513:I0:C,s20261019-0513,test,0,,,,0.086060,1.000000,0.333766,0.086060
s20261019-0513:I1:C,s20261019-0513,test,1,REFRAIN,7,U2,0.930590,0.000000,0.405745,0.000000
s20261019-0514:I0:C,s20261019-0514,train,0,,,,0.092750,1.000000,0.117636,0.092750
s20261019-0514:I1:C,s20261019-0514,train,1,REFRAIN,1,U1,0.927581,0.000000,0.083405,0.000000
s20261019-0515:I0:C,s20261019-0515,train,0,,,,0.061759,1.000000,0.532516,0.061759
s20261019-0515:I1:C,s20261019-0515,train,1,REFRAIN,0,U1,0.879823,0.710005,0.796120,0.624679
s20261019-0516:I0:C,s20261019-0516,train,0,,,,0.081925,1.000000,0.710870,0.081925
s20261019-0516:I1:C,s20261019-0516,train,1,REFRAIN,5,U2,0.921849,0.212274,0.704406,0.195684
s20261019-0517:I0:C,s20261019-0517,val,0,,,,0.095059,1.000000,0.491600,0.095059
s20261019-0517:I1:C,s20261019-0517,val,1,REFRAIN,3,U1,0.905707,0.000121,0.377084,0.000110
s20261019-0518:I0:C,s20261019-0518,train,0,,,,0.088161,1.000000,0.516989,0.088161
s20261019-0518:I1:C,s20261019-0518,train,1,ACT,1,U2,0.935626,0.999817,0.451571,0.935455
s20261019-0519:I0:C,s20261019-0519,train,0,,,,0.097204,1.000000,0.302056,0.097204
s20261019-0519:I1:C,s20261019-0519,train,1,REFRAIN,3,U2,0.912517,0.708527,0.343949,0.646543
s20261019-0520:I0:C,s20261019-0520,test,0,,,,0.093938,1.000000,0.440497,0.093938
s20261019-0520:I1:C,s20261019-0520,test,1,REFRAIN,7,U1,0.897919,0.195429,0.393937,0.175480
s20261019-0521:I0:C,s20261019-0521,train,0,,,,0.095957,1.000000,0.501784,0.095957
s20261019-0521:I1:C,s20261019-0521,train,1,ACT,0,U2,0.906297,0.999999,0.890216,0.906297
s20261019-0522:I0:C,s20261019-0522,train,0,,,,0.075447,1.000000,0.593975,0.075447
s20261019-0522:I1:C,s20261019-0522,train,1,ACT,2,U2,0.942055,0.794411,0.647827,0.748379
s20261019-0523:I0:C,s20261019-0523,train,0,,,,0.096601,1.000000,0.744608,0.096601
s20261019-0523:I1:C,s20261019-0523,train,1,ACT,2,U1,0.912791,0.995593,0.636585,0.908768
s20261019-0524:I0:C,s20261019-0524,train,0,,,,0.118772,1.000000,0.681948,0.118772
s20261019-0524:I1:C,s20261019-0524,train,1,ACT,2,U1,0.909689,0.999700,0.596029,0.909416
s20261019-0525:I0:C,s20261019-0525,val,0,,,,0.085874,1.000000,0.534244,0.085874
s20261019-0525:I1:C,s20261019-0525,val,1,ACT,3,U2,0.936839,0.999932,0.548486,0.936776
s20261019-0526:I0:C,s20261019-0526,train,0,,,,0.080849,1.000000,0.556740,0.080849
s20261019-0526:I1:C,s20261019-0526,train,1,REFRAIN,4,U1,0.917789,0.006879,0.232207,0.006313
s20261019-0527:I0:C,s20261019-0527,test,0,,,,0.087896,1.000000,0.711146,0.087896
s20261019-0527:I1:C,s20261019-0527,test,1,ACT,6,U2,0.925396,0.999994,0.905329,0.925391
s20261019-0528:I0:C,s20261019-0528,train,0,,,,0.081647,1.000000,0.633305,0.081647
s20261019-0528:I1:C,s20261019-0528,train,1,ACT,3,U2,0.906976,1.000000,0.637679,0.906976
s20261019-0529:I0:C,s20261019-0529,train,0,,,,0.085755,1.000000,0.461412,0.085755
s20261019-0529:I1:C,s20261019-0529,train,1,REFRAIN,1,U1,0.912381,0.003782,0.311903,0.003451
s20261019-0530:I0:C,s20261019-0530,test,0,,,,0.103025,0.000805,0.713809,0.000083
s20261019-0530:I1:C,s20261019-0530,test,1,ACT,7,U1,0.934226,0.954772,0.655698,0.891973
s20261019-0531:I0:C,s20261019-0531,train,0,,,,0.087846,1.000000,0.189841,0.087846
s20261019-0531:I1:C,s20261019-0531,train,1,ACT,0,U2,0.909428,0.896327,0.691344,0.815145
s20261019-0532:I0:C,s20261019-0532,train,0,,,,0.073014,1.000000,0.718661,0.073014
s20261019-0532:I1:C,s20261019-0532,train,1,ACT,2,U1,0.914648,0.999807,0.606384,0.914472
s20261019-0533:I0:C,s20261019-0533,train,0,,,,0.091382,1.000000,0.222516,0.091382
s20261019-0533:I1:C,s20261019-0533,train,1,REFRAIN,1,U2,0.922087,0.000000,0.200214,0.000000
s20261019-0534:I0:C,s20261019-0534,test,0,,,,0.057342,1.000000,0.712817,0.057342
s20261019-0534:I1:C,s20261019-0534,test,1,REFRAIN,7,U2,0.910951,0.000000,0.755099,0.000000
s20261019-0535:I0:C,s20261019-0535,test,0,,,,0.089910,1.000000,0.390962,0.089910
s20261019-0535:I1:C,s20261019-0535,test,1,REFRAIN,7,U2,0.911171,0.837224,0.451457,0.762854
s20261019-0536:I0:C,s20261019-0536,test,0,,,,0.055436,1.000000,0.767849,0.055436
s20261019-0536:I1:C,s20261019-0536,test,1,ACT,6,U2,0.933090,0.999997,0.923915,0.933088
s20261019-0537:I0:C,s20261019-0537,val,0,,,,0.076940,1.000000,0.155775,0.076940
s20261019-0537:I1:C,s20261019-0537,val,1,REFRAIN,4,U2,0.897380,0.000000,0.048606,0.000000
s20261019-0538:I0:C,s20261019-0538,train,0,,,,0.068135,1.000000,0.677298,0.068135
s20261019-0538:I1:C,s20261019-0538,train,1,REFRAIN,3,U2,0.928334,0.000000,0.674537,0.000000
s20261019-0539:I0:C,s20261019-0539,train,0,,,,0.113811,1.000000,0.810852,0.113811
s20261019-0539:I1:C,s20261019-0539,train,1,ACT,4,U1,0.918333,0.833872,0.468420,0.765772
s20261019-0540:I0:C,s20261019-0540,train,0,,,,0.078448,1.000000,0.281143,0.078448
s20261019-0540:I1:C,s20261019-0540,train,1,REFRAIN,4,U1,0.915861,0.000235,0.094499,0.000215
s20261019-0541:I0:C,s20261019-0541,train,0,,,,0.072695,1.000000,0.364283,0.072695
s20261019-0541:I1:C,s20261019-0541,train,1,REFRAIN,4,U1,0.935500,0.000008,0.128323,0.000008
s20261019-0542:I0:C,s20261019-0542,train,0,,,,0.098882,1.000000,0.542267,0.098882
s20261019-0542:I1:C,s20261019-0542,train,1,ACT,0,U1,0.943123,0.976034,0.819390,0.920520
s20261019-0543:I0:C,s20261019-0543,val,0,,,,0.084970,1.000000,0.754195,0.084970
s20261019-0543:I1:C,s20261019-0543,val,1,ACT,1,U1,0.914834,0.962063,0.589205,0.880128
s20261019-0544:I0:C,s20261019-0544,train,0,,,,0.096036,1.000000,0.704033,0.096036
s20261019-0544:I1:C,s20261019-0544,train,1,REFRAIN,4,U1,0.913123,0.972694,0.361739,0.888189
s20261019-0545:I0:C,s20261019-0545,train,0,,,,0.083141,1.000000,0.739882,0.083141
s20261019-0545:I1:C,s20261019-0545,train,1,REFRAIN,5,U2,0.923030,0.116924,0.730715,0.107924
s20261019-0546:I0:C,s20261019-0546,train,0,,,,0.089648,1.000000,0.537493,0.089648
s20261019-0546:I1:C,s20261019-0546,train,1,REFRAIN,2,U2,0.946655,0.004096,0.593794,0.003877
s20261019-0547:I0:C,s20261019-0547,train,0,,,,0.091656,1.000000,0.572347,0.091656
s20261019-0547:I1:C,s20261019-0547,train,1,ACT,1,U2,0.883234,0.592981,0.512881,0.523741
s20261019-0548:I0:C,s20261019-0548,test,0,,,,0.064939,1.000000,0.692284,0.064939
s20261019-0548:I1:C,s20261019-0548,test,1,ACT,7,U1,0.918965,0.936537,0.632339,0.860644
s20261019-0549:I0:C,s20261019-0549,train,0,,,,0.103016,1.000000,0.544407,0.103016
s20261019-0549:I1:C,s20261019-0549,train,1,ACT,3,U2,0.929491,1.000000,0.565542,0.929491
s20261019-0550:I0:C,s20261019-0550,test,0,,,,0.076106,1.000000,0.800118,0.076106
s20261019-0550:I1:C,s20261019-0550,test,1,ACT,6,U2,0.925809,0.999997,0.931272,0.925806
s20261019-0551:I0:C,s20261019-0551,train,0,,,,0.255103,0.000116,0.418418,0.000030
s20261019-0551:I1:C,s20261019-0551,train,1,REFRAIN,3,U1,0.926017,0.085814,0.331875,0.079465
s20261019-0552:I0:C,s20261019-0552,train,0,,,,0.102061,1.000000,0.448226,0.102061
s20261019-0552:I1:C,s20261019-0552,train,1,REFRAIN,3,U1,0.923117,0.024102,0.348316,0.022249
s20261019-0553:I0:C,s20261019-0553,test,0,,,,0.071272,1.000000,0.458045,0.071272
s20261019-0553:I1:C,s20261019-0553,test,1,REFRAIN,7,U1,0.932370,0.000690,0.413493,0.000643
s20261019-0554:I0:C,s20261019-0554,train,0,,,,0.064161,1.000000,0.745467,0.064161
s20261019-0554:I1:C,s20261019-0554,train,1,ACT,0,U1,0.903019,0.999972,0.909530,0.902994
s20261019-0555:I0:C,s20261019-0555,train,0,,,,0.069041,1.000000,0.400979,0.069041
s20261019-0555:I1:C,s20261019-0555,train,1,REFRAIN,3,U1,0.896296,0.221090,0.315405,0.198162
s20261019-0556:I0:C,s20261019-0556,train,0,,,,0.076689,1.000000,0.480379,0.076689
s20261019-0556:I1:C,s20261019-0556,train,1,REFRAIN,5,U1,0.903166,0.007475,0.311677,0.006751
s20261019-0557:I0:C,s20261019-0557,train,0,,,,0.088598,1.000000,0.208938,0.088598
s20261019-0557:I1:C,s20261019-0557,train,1,REFRAIN,1,U2,0.910312,0.000000,0.189303,0.000000
s20261019-0558:I0:C,s20261019-0558,train,0,,,,0.101370,1.000000,0.162797,0.101370
s20261019-0558:I1:C,s20261019-0558,train,1,REFRAIN,5,U1,0.921349,0.001821,0.106233,0.001678
s20261019-0559:I0:C,s20261019-0559,train,0,,,,0.086754,1.000000,0.476166,0.086754
s20261019-0559:I1:C,s20261019-0559,train,1,ACT,0,U2,0.897583,1.000000,0.876078,0.897583
s20261019-0560:I0:C,s20261019-0560,train,0,,,,0.079661,1.000000,0.286000,0.079661
s20261019-0560:I1:C,s20261019-0560,train,1,REFRAIN,2,U2,0.901907,0.000516,0.377012,0.000466
s20261019-0561:I0:C,s20261019-0561,train,0,,,,0.089457,1.000000,0.405146,0.089457
s20261019-0561:I1:C,s20261019-0561,train,1,REFRAIN,5,U1,0.904269,0.009790,0.261547,0.008853
s20261019-0562:I0:C,s20261019-0562,train,0,,,,0.104773,1.000000,0.144633,0.104773
s20261019-0562:I1:C,s20261019-0562,train,1,REFRAIN,2,U1,0.922753,0.001079,0.134391,0.000996
s20261019-0563:I0:C,s20261019-0563,val,0,,,,0.060093,1.000000,0.455572,0.060093
s20261019-0563:I1:C,s20261019-0563,val,1,REFRAIN,2,U1,0.933615,0.064866,0.383984,0.060560
s20261019-0564:I0:C,s20261019-0564,train,0,,,,0.078738,1.000000,0.196872,0.078738
s20261019-0564:I1:C,s20261019-0564,train,1,REFRAIN,1,U2,0.911555,0.000000,0.179110,0.000000
s20261019-0565:I0:C,s20261019-0565,train,0,,,,0.108933,1.000000,0.789981,0.108933
s20261019-0565:I1:C,s20261019-0565,train,1,ACT,4,U1,0.910942,0.902069,0.427152,0.821732
s20261019-0566:I0:C,s20261019-0566,train,0,,,,0.068001,1.000000,0.485696,0.068001
s20261019-0566:I1:C,s20261019-0566,train,1,REFRAIN,1,U1,0.921784,0.010967,0.331971,0.010109
s20261019-0567:I0:C,s20261019-0567,test,0,,,,0.122371,0.994345,0.309585,0.121679
s20261019-0567:I1:C,s20261019-0567,test,1,ACT,6,U1,0.925288,0.136334,0.488587,0.126148
s20261019-0568:I0:C,s20261019-0568,train,0,,,,0.089099,1.000000,0.739199,0.089099
s20261019-0568:I1:C,s20261019-0568,train,1,ACT,2,U1,0.911427,0.999490,0.620294,0.910962
s20261019-0569:I0:C,s20261019-0569,train,0,,,,0.099771,1.000000,0.161967,0.099771
s20261019-0569:I1:C,s20261019-0569,train,1,ACT,0,U2,0.906325,0.963031,0.641260,0.872820
s20261019-0570:I0:C,s20261019-0570,train,0,,,,0.088788,1.000000,0.501808,0.088788
s20261019-0570:I1:C,s20261019-0570,train,1,ACT,2,U2,0.946761,0.445048,0.568934,0.421354
s20261019-0571:I0:C,s20261019-0571,test,0,,,,0.146548,0.999977,0.635776,0.146544
s20261019-0571:I1:C,s20261019-0571,test,1,ACT,6,U1,0.936932,0.743120,0.759103,0.696252
s20261019-0572:I0:C,s20261019-0572,train,0,,,,0.091901,1.000000,0.486186,0.091901
s20261019-0572:I1:C,s20261019-0572,train,1,REFRAIN,2,U1,0.901228,0.009602,0.406976,0.008654
s20261019-0573:I0:C,s20261019-0573,train,0,,,,0.080562,1.000000,0.127772,0.080562
s20261019-0573:I1:C,s20261019-0573,train,1,REFRAIN,4,U1,0.924548,0.000013,0.045156,0.000012
s20261019-0574:I0:C,s20261019-0574,train,0,,,,0.089583,1.000000,0.679117,0.089583
s20261019-0574:I1:C,s20261019-0574,train,1,ACT,3,U2,0.918232,0.971154,0.676809,0.891744
s20261019-0575:I0:C,s20261019-0575,train,0,,,,0.063672,1.000000,0.415487,0.063672
s20261019-0575:I1:C,s20261019-0575,train,1,ACT,5,U2,0.906497,0.999996,0.436015,0.906494
s20261019-0576:I0:C,s20261019-0576,train,0,,,,0.085986,1.000000,0.381370,0.085986
s20261019-0576:I1:C,s20261019-0576,train,1,REFRAIN,4,U2,0.835907,0.000000,0.132569,0.000000
s20261019-0577:I0:C,s20261019-0577,test,0,,,,0.105871,1.000000,0.704480,0.105871
s20261019-0577:I1:C,s20261019-0577,test,1,ACT,7,U1,0.917753,0.983283,0.646154,0.902411
s20261019-0578:I0:C,s20261019-0578,train,0,,,,0.077872,1.000000,0.409134,0.077872
s20261019-0578:I1:C,s20261019-0578,train,1,ACT,3,U2,0.912629,0.838311,0.435997,0.765067
s20261019-0579:I0:C,s20261019-0579,test,0,,,,0.078175,1.000000,0.425004,0.078175
s20261019-0579:I1:C,s20261019-0579,test,1,ACT,6,U1,0.930046,0.752046,0.596488,0.699437
s20261019-0580:I0:C,s20261019-0580,train,0,,,,0.083329,1.000000,0.566301,0.083329
s20261019-0580:I1:C,s20261019-0580,train,1,REFRAIN,4,U2,0.899495,0.000075,0.234814,0.000068
s20261019-0581:I0:C,s20261019-0581,test,0,,,,0.115730,1.000000,0.771146,0.115730
s20261019-0581:I1:C,s20261019-0581,test,1,ACT,7,U1,0.912291,0.982689,0.718651,0.896499
s20261019-0582:I0:C,s20261019-0582,train,0,,,,0.083622,1.000000,0.172497,0.083622
s20261019-0582:I1:C,s20261019-0582,train,1,REFRAIN,4,U1,0.903202,0.077578,0.059276,0.070069
s20261019-0583:I0:C,s20261019-0583,test,0,,,,0.085025,1.000000,0.807800,0.085025
s20261019-0583:I1:C,s20261019-0583,test,1,REFRAIN,7,U2,0.904133,0.000000,0.841255,0.000000
s20261019-0584:I0:C,s20261019-0584,val,0,,,,0.086002,1.000000,0.473153,0.086002
s20261019-0584:I1:C,s20261019-0584,val,1,ACT,1,U2,0.903961,0.921585,0.409524,0.833078
s20261019-0585:I0:C,s20261019-0585,test,0,,,,0.076409,1.000000,0.613519,0.076409
s20261019-0585:I1:C,s20261019-0585,test,1,ACT,6,U2,0.928862,0.999882,0.846755,0.928753
s20261019-0586:I0:C,s20261019-0586,train,0,,,,0.089721,1.000000,0.409211,0.089721
s20261019-0586:I1:C,s20261019-0586,train,1,REFRAIN,3,U2,0.894139,0.704377,0.436203,0.629811
s20261019-0587:I0:C,s20261019-0587,train,0,,,,0.078326,1.000000,0.814575,0.078326
s20261019-0587:I1:C,s20261019-0587,train,1,ACT,4,U1,0.918670,0.929510,0.449332,0.853913
s20261019-0588:I0:C,s20261019-0588,train,0,,,,0.095303,1.000000,0.392899,0.095303
s20261019-0588:I1:C,s20261019-0588,train,1,REFRAIN,5,U1,0.898101,0.023344,0.244508,0.020966
s20261019-0589:I0:C,s20261019-0589,train,0,,,,0.086534,1.000000,0.214411,0.086534
s20261019-0589:I1:C,s20261019-0589,train,1,REFRAIN,2,U2,0.917113,0.000009,0.291005,0.000008
s20261019-0590:I0:C,s20261019-0590,train,0,,,,0.111456,1.000000,0.258707,0.111456
s20261019-0590:I1:C,s20261019-0590,train,1,ACT,0,U1,0.915752,0.628645,0.587864,0.575683
s20261019-0591:I0:C,s20261019-0591,train,0,,,,0.099119,1.000000,0.772970,0.099119
s20261019-0591:I1:C,s20261019-0591,train,1,REFRAIN,3,U2,0.916130,0.000369,0.752803,0.000338
s20261019-0592:I0:C,s20261019-0592,train,0,,,,0.078618,1.000000,0.482339,0.078618
s20261019-0592:I1:C,s20261019-0592,train,1,ACT,3,U2,0.926011,0.999786,0.501786,0.925813
s20261019-0593:I0:C,s20261019-0593,train,0,,,,0.071761,1.000000,0.789797,0.071761
s20261019-0593:I1:C,s20261019-0593,train,1,ACT,0,U1,0.901351,0.999678,0.930305,0.901061
s20261019-0594:I0:C,s20261019-0594,test,0,,,,0.113573,0.001140,0.755618,0.000129
s20261019-0594:I1:C,s20261019-0594,test,1,ACT,6,U1,0.910173,0.999989,0.848106,0.910163
s20261019-0595:I0:C,s20261019-0595,train,0,,,,0.098961,1.000000,0.369245,0.098961
s20261019-0595:I1:C,s20261019-0595,train,1,REFRAIN,4,U2,0.741219,0.000025,0.129355,0.000019
s20261019-0596:I0:C,s20261019-0596,val,0,,,,0.068133,1.000000,0.552937,0.068133
s20261019-0596:I1:C,s20261019-0596,val,1,REFRAIN,3,U1,0.911562,0.005187,0.426332,0.004729
s20261019-0597:I0:C,s20261019-0597,train,0,,,,0.086793,1.000000,0.453530,0.086793
s20261019-0597:I1:C,s20261019-0597,train,1,ACT,0,U2,0.904057,1.000000,0.871915,0.904057
s20261019-0598:I0:C,s20261019-0598,test,0,,,,0.100781,1.000000,0.743749,0.100781
s20261019-0598:I1:C,s20261019-0598,test,1,ACT,6,U2,0.930319,0.999998,0.911348,0.930318
s20261019-0599:I0:C,s20261019-0599,test,0,,,,0.082477,1.000000,0.220691,0.082477
s20261019-0599:I1:C,s20261019-0599,test,1,REFRAIN,7,U2,0.915153,0.000000,0.278716,0.000000
s20261019-0600:I0:C,s20261019-0600,train,0,,,,0.068049,1.000000,0.496310,0.068049
s20261019-0600:I1:C,s20261019-0600,train,1,REFRAIN,4,U2,0.941783,0.000000,0.188349,0.000000
s20261019-0601:I0:C,s20261019-0601,train,0,,,,0.072062,1.000000,0.683289,0.072062
s20261019-0601:I1:C,s20261019-0601,train,1,REFRAIN,3,U2,0.924318,0.000735,0.678736,0.000679
s20261019-0602:I0:C,s20261019-0602,train,0,,,,0.059039,1.000000,0.814565,0.059039
s20261019-0602:I1:C,s20261019-0602,train,1,ACT,2,U2,0.902588,0.966529,0.829885,0.872377
s20261019-0603:I0:C,s20261019-0603,train,0,,,,0.067518,1.000000,0.730245,0.067518
s20261019-0603:I1:C,s20261019-0603,train,1,ACT,2,U2,0.903819,0.878128,0.760484,0.793668
s20261019-0604:I0:C,s20261019-0604,train,0,,,,0.075285,0.999978,0.500747,0.075283
s20261019-0604:I1:C,s20261019-0604,train,1,ACT,0,U1,0.923720,0.674918,0.788137,0.623435
s20261019-0605:I0:C,s20261019-0605,train,0,,,,0.092366,1.000000,0.547970,0.092366
s20261019-0605:I1:C,s20261019-0605,train,1,REFRAIN,3,U1,0.914015,0.207943,0.433341,0.190063
s20261019-0606:I0:C,s20261019-0606,test,0,,,,0.059763,1.000000,0.748481,0.059763
s20261019-0606:I1:C,s20261019-0606,test,1,ACT,6,U1,0.910565,0.999959,0.843535,0.910527
s20261019-0607:I0:C,s20261019-0607,train,0,,,,0.101809,1.000000,0.456879,0.101809
s20261019-0607:I1:C,s20261019-0607,train,1,REFRAIN,2,U2,0.946725,0.022701,0.528621,0.021491
s20261019-0608:I0:C,s20261019-0608,train,0,,,,0.087157,1.000000,0.629766,0.087157
s20261019-0608:I1:C,s20261019-0608,train,1,ACT,0,U2,0.930728,0.999985,0.924425,0.930714
s20261019-0609:I0:C,s20261019-0609,train,0,,,,0.088756,1.000000,0.809921,0.088756
s20261019-0609:I1:C,s20261019-0609,train,1,REFRAIN,4,U2,0.956201,0.000000,0.451467,0.000000
s20261019-0610:I0:C,s20261019-0610,train,0,,,,0.093614,1.000000,0.370565,0.093614
s20261019-0610:I1:C,s20261019-0610,train,1,REFRAIN,5,U1,0.900900,0.001536,0.231825,0.001384
s20261019-0611:I0:C,s20261019-0611,train,0,,,,0.070508,1.000000,0.425696,0.070508
s20261019-0611:I1:C,s20261019-0611,train,1,REFRAIN,1,U1,0.955975,0.000000,0.292949,0.000000
s20261019-0612:I0:C,s20261019-0612,test,0,,,,0.151929,0.629363,0.404942,0.095618
s20261019-0612:I1:C,s20261019-0612,test,1,REFRAIN,6,U1,0.930410,0.534308,0.592109,0.497125
s20261019-0613:I0:C,s20261019-0613,train,0,,,,0.071714,1.000000,0.736235,0.071714
s20261019-0613:I1:C,s20261019-0613,train,1,ACT,0,U1,0.927306,0.999876,0.908708,0.927191
s20261019-0614:I0:C,s20261019-0614,train,0,,,,0.077408,1.000000,0.747025,0.077408
s20261019-0614:I1:C,s20261019-0614,train,1,REFRAIN,5,U2,0.922614,0.000038,0.735942,0.000035
s20261019-0615:I0:C,s20261019-0615,train,0,,,,0.087149,1.000000,0.492502,0.087149
s20261019-0615:I1:C,s20261019-0615,train,1,ACT,3,U2,0.936799,0.926408,0.504070,0.867858
s20261019-0616:I0:C,s20261019-0616,train,0,,,,0.093090,1.000000,0.749773,0.093090
s20261019-0616:I1:C,s20261019-0616,train,1,REFRAIN,1,U2,0.925597,0.000000,0.673287,0.000000
s20261019-0617:I0:C,s20261019-0617,train,0,,,,0.125571,1.000000,0.352088,0.125571
s20261019-0617:I1:C,s20261019-0617,train,1,REFRAIN,2,U1,0.916412,0.002383,0.296007,0.002184
s20261019-0618:I0:C,s20261019-0618,train,0,,,,0.059276,1.000000,0.496322,0.059276
s20261019-0618:I1:C,s20261019-0618,train,1,REFRAIN,2,U1,0.916604,0.027859,0.406260,0.025536
s20261019-0619:I0:C,s20261019-0619,train,0,,,,0.086545,1.000000,0.470245,0.086545
s20261019-0619:I1:C,s20261019-0619,train,1,REFRAIN,2,U1,0.911045,0.000217,0.384145,0.000197
s20261019-0620:I0:C,s20261019-0620,train,0,,,,0.079974,1.000000,0.762516,0.079974
s20261019-0620:I1:C,s20261019-0620,train,1,REFRAIN,1,U2,0.904563,0.000000,0.696096,0.000000
s20261019-0621:I0:C,s20261019-0621,train,0,,,,0.054827,1.000000,0.651754,0.054827
s20261019-0621:I1:C,s20261019-0621,train,1,ACT,0,U2,0.930502,1.000000,0.936723,0.930502
s20261019-0622:I0:C,s20261019-0622,train,0,,,,0.071338,1.000000,0.242590,0.071338
s20261019-0622:I1:C,s20261019-0622,train,1,REFRAIN,4,U1,0.906796,0.196304,0.080867,0.178008
s20261019-0623:I0:C,s20261019-0623,train,0,,,,0.092632,1.000000,0.779737,0.092632
s20261019-0623:I1:C,s20261019-0623,train,1,ACT,3,U1,0.917463,0.990709,0.661446,0.908939
s20261019-0624:I0:C,s20261019-0624,val,0,,,,0.099295,1.000000,0.448854,0.099295
s20261019-0624:I1:C,s20261019-0624,val,1,ACT,3,U2,0.909661,0.863291,0.471905,0.785302
s20261019-0625:I0:C,s20261019-0625,train,0,,,,0.041886,1.000000,0.536479,0.041886
s20261019-0625:I1:C,s20261019-0625,train,1,ACT,0,U1,0.912573,0.444775,0.799490,0.405889
s20261019-0626:I0:C,s20261019-0626,val,0,,,,0.075537,1.000000,0.171422,0.075537
s20261019-0626:I1:C,s20261019-0626,val,1,REFRAIN,1,U1,0.924258,0.000000,0.117688,0.000000
s20261019-0627:I0:C,s20261019-0627,train,0,,,,0.093082,1.000000,0.582969,0.093082
s20261019-0627:I1:C,s20261019-0627,train,1,REFRAIN,3,U1,0.914073,0.001640,0.451071,0.001500
s20261019-0628:I0:C,s20261019-0628,val,0,,,,0.093538,1.000000,0.454971,0.093538
s20261019-0628:I1:C,s20261019-0628,val,1,ACT,3,U2,0.931176,0.863037,0.477032,0.803639
s20261019-0629:I0:C,s20261019-0629,test,0,,,,0.078837,1.000000,0.557738,0.078837
s20261019-0629:I1:C,s20261019-0629,test,1,REFRAIN,7,U1,0.943104,0.001149,0.514023,0.001083
s20261019-0630:I0:C,s20261019-0630,train,0,,,,0.092155,1.000000,0.184810,0.092155
s20261019-0630:I1:C,s20261019-0630,train,1,REFRAIN,4,U1,0.914910,0.004756,0.061469,0.004351
s20261019-0631:I0:C,s20261019-0631,val,0,,,,0.091296,1.000000,0.775995,0.091296
s20261019-0631:I1:C,s20261019-0631,val,1,ACT,0,U2,0.921479,0.999955,0.962189,0.921437
s20261019-0632:I0:C,s20261019-0632,val,0,,,,0.068056,1.000000,0.286483,0.068056
s20261019-0632:I1:C,s20261019-0632,val,1,REFRAIN,5,U2,0.921456,0.000000,0.325533,0.000000
s20261019-0633:I0:C,s20261019-0633,train,0,,,,0.071636,1.000000,0.614484,0.071636
s20261019-0633:I1:C,s20261019-0633,train,1,ACT,3,U2,0.931183,1.000000,0.613735,0.931183
s20261019-0634:I0:C,s20261019-0634,val,0,,,,0.071971,1.000000,0.445349,0.071971
s20261019-0634:I1:C,s20261019-0634,val,1,REFRAIN,4,U2,0.925296,0.000000,0.167484,0.000000
s20261019-0635:I0:C,s20261019-0635,train,0,,,,0.098084,1.000000,0.221211,0.098084
s20261019-0635:I1:C,s20261019-0635,train,1,REFRAIN,3,U1,0.915646,0.114587,0.183267,0.104921
s20261019-0636:I0:C,s20261019-0636,test,0,,,,0.077983,1.000000,0.825988,0.077983
s20261019-0636:I1:C,s20261019-0636,test,1,ACT,6,U2,0.926076,0.999999,0.939915,0.926075
s20261019-0637:I0:C,s20261019-0637,train,0,,,,0.062251,1.000000,0.234724,0.062251
s20261019-0637:I1:C,s20261019-0637,train,1,REFRAIN,4,U1,0.918348,0.016474,0.086081,0.015129
s20261019-0638:I0:C,s20261019-0638,train,0,,,,0.060923,1.000000,0.679002,0.060923
s20261019-0638:I1:C,s20261019-0638,train,1,ACT,0,U1,0.909637,0.999974,0.886015,0.909613
s20261019-0639:I0:C,s20261019-0639,test,0,,,,0.086663,1.000000,0.160148,0.086663
s20261019-0639:I1:C,s20261019-0639,test,1,REFRAIN,7,U2,0.907845,0.000001,0.205973,0.000001
s20261019-0640:I0:C,s20261019-0640,train,0,,,,0.078578,1.000000,0.182499,0.078578
s20261019-0640:I1:C,s20261019-0640,train,1,REFRAIN,2,U2,0.937218,0.000000,0.258374,0.000000
s20261019-0641:I0:C,s20261019-0641,train,0,,,,0.081522,1.000000,0.234825,0.081522
s20261019-0641:I1:C,s20261019-0641,train,1,REFRAIN,1,U2,0.900225,0.000000,0.210815,0.000000
s20261019-0642:I0:C,s20261019-0642,train,0,,,,0.096643,1.000000,0.490921,0.096643
s20261019-0642:I1:C,s20261019-0642,train,1,ACT,1,U2,0.921012,0.975334,0.426303,0.898295
s20261019-0643:I0:C,s20261019-0643,test,0,,,,0.073454,1.000000,0.778195,0.073454
s20261019-0643:I1:C,s20261019-0643,test,1,ACT,7,U1,0.907528,0.991466,0.719102,0.899783
s20261019-0644:I0:C,s20261019-0644,train,0,,,,0.116857,1.000000,0.470236,0.116857
s20261019-0644:I1:C,s20261019-0644,train,1,REFRAIN,1,U1,0.940539,0.000000,0.332702,0.000000
s20261019-0645:I0:C,s20261019-0645,train,0,,,,0.087637,1.000000,0.159620,0.087637
s20261019-0645:I1:C,s20261019-0645,train,1,REFRAIN,2,U2,0.921545,0.000000,0.229266,0.000000
s20261019-0646:I0:C,s20261019-0646,test,0,,,,0.099136,1.000000,0.419822,0.099136
s20261019-0646:I1:C,s20261019-0646,test,1,REFRAIN,7,U1,0.902784,0.067260,0.370719,0.060721
s20261019-0647:I0:C,s20261019-0647,val,0,,,,0.086926,1.000000,0.467247,0.086926
s20261019-0647:I1:C,s20261019-0647,val,1,REFRAIN,2,U2,0.941691,0.773429,0.546158,0.728331
s20261019-0648:I0:C,s20261019-0648,test,0,,,,0.078840,1.000000,0.162310,0.078840
s20261019-0648:I1:C,s20261019-0648,test,1,REFRAIN,7,U1,0.929662,0.000003,0.150840,0.000002
s20261019-0649:I0:C,s20261019-0649,train,0,,,,0.083674,1.000000,0.238215,0.083674
s20261019-0649:I1:C,s20261019-0649,train,1,REFRAIN,3,U1,0.903629,0.001217,0.192709,0.001099
s20261019-0650:I0:C,s20261019-0650,val,0,,,,0.085980,1.000000,0.763600,0.085980
s20261019-0650:I1:C,s20261019-0650,val,1,REFRAIN,5,U2,0.922217,0.241495,0.751430,0.222711
s20261019-0651:I0:C,s20261019-0651,val,0,,,,0.084486,1.000000,0.157710,0.084486
s20261019-0651:I1:C,s20261019-0651,val,1,REFRAIN,4,U1,0.909156,0.227100,0.054263,0.206469
s20261019-0652:I0:C,s20261019-0652,test,0,,,,0.117186,1.000000,0.180864,0.117186
s20261019-0652:I1:C,s20261019-0652,test,1,REFRAIN,7,U1,0.934811,0.000001,0.174138,0.000001
s20261019-0653:I0:C,s20261019-0653,test,0,,,,0.082610,1.000000,0.539559,0.082610
s20261019-0653:I1:C,s20261019-0653,test,1,REFRAIN,7,U1,0.917909,0.000500,0.475426,0.000459
s20261019-0654:I0:C,s20261019-0654,test,0,,,,0.055780,1.000000,0.499008,0.055780
s20261019-0654:I1:C,s20261019-0654,test,1,ACT,6,U1,0.933764,0.823996,0.660986,0.769417
s20261019-0655:I0:C,s20261019-0655,test,0,,,,0.071262,1.000000,0.783707,0.071262
s20261019-0655:I1:C,s20261019-0655,test,1,ACT,6,U2,0.927556,0.999999,0.928857,0.927555
s20261019-0656:I0:C,s20261019-0656,test,0,,,,0.087953,1.000000,0.575861,0.087953
s20261019-0656:I1:C,s20261019-0656,test,1,REFRAIN,7,U2,0.839128,0.042733,0.656579,0.035859
s20261019-0657:I0:C,s20261019-0657,train,0,,,,0.104727,1.000000,0.210197,0.104727
s20261019-0657:I1:C,s20261019-0657,train,1,ACT,0,U1,0.914275,0.712562,0.541394,0.651478
s20261019-0658:I0:C,s20261019-0658,test,0,,,,0.078767,1.000000,0.453700,0.078767
s20261019-0658:I1:C,s20261019-0658,test,1,REFRAIN,7,U1,0.903451,0.064019,0.397592,0.057838
s20261019-0659:I0:C,s20261019-0659,train,0,,,,0.065885,1.000000,0.200901,0.065885
s20261019-0659:I1:C,s20261019-0659,train,1,ACT,0,U1,0.916931,0.624870,0.516636,0.572962
s20261019-0660:I0:C,s20261019-0660,train,0,,,,0.086687,1.000000,0.729647,0.086687
s20261019-0660:I1:C,s20261019-0660,train,1,ACT,3,U1,0.930534,0.980838,0.613374,0.912703
s20261019-0661:I0:C,s20261019-0661,train,0,,,,0.082050,1.000000,0.190088,0.082050
s20261019-0661:I1:C,s20261019-0661,train,1,REFRAIN,1,U1,0.912337,0.000000,0.130694,0.000000
s20261019-0662:I0:C,s20261019-0662,val,0,,,,0.095236,1.000000,0.479245,0.095236
s20261019-0662:I1:C,s20261019-0662,val,1,REFRAIN,2,U1,0.904562,0.054103,0.392017,0.048939
s20261019-0663:I0:C,s20261019-0663,test,0,,,,0.095138,1.000000,0.565669,0.095138
s20261019-0663:I1:C,s20261019-0663,test,1,ACT,6,U2,0.930982,0.999992,0.832467,0.930974
s20261019-0664:I0:C,s20261019-0664,val,0,,,,0.108687,1.000000,0.491248,0.108687
s20261019-0664:I1:C,s20261019-0664,val,1,REFRAIN,4,U1,0.911133,0.024909,0.184355,0.022695
s20261019-0665:I0:C,s20261019-0665,train,0,,,,0.102164,1.000000,0.155366,0.102164
s20261019-0665:I1:C,s20261019-0665,train,1,REFRAIN,4,U2,0.943616,0.000000,0.049573,0.000000
s20261019-0666:I0:C,s20261019-0666,train,0,,,,0.087695,1.000000,0.832086,0.087695
s20261019-0666:I1:C,s20261019-0666,train,1,ACT,0,U2,0.914477,0.999975,0.970753,0.914454
s20261019-0667:I0:C,s20261019-0667,test,0,,,,0.092214,1.000000,0.445414,0.092214
s20261019-0667:I1:C,s20261019-0667,test,1,ACT,6,U2,0.924197,0.999982,0.754446,0.924180
s20261019-0668:I0:C,s20261019-0668,train,0,,,,0.069475,1.000000,0.469142,0.069475
s20261019-0668:I1:C,s20261019-0668,train,1,ACT,0,U2,0.897865,1.000000,0.884729,0.897865
s20261019-0669:I0:C,s20261019-0669,val,0,,,,0.096181,0.668072,0.698309,0.064256
s20261019-0669:I1:C,s20261019-0669,val,1,ACT,3,U1,0.913684,0.965952,0.577259,0.882575
s20261019-0670:I0:C,s20261019-0670,train,0,,,,0.089332,1.000000,0.595050,0.089332
s20261019-0670:I1:C,s20261019-0670,train,1,ACT,0,U2,0.920941,1.000000,0.918478,0.920941
s20261019-0671:I0:C,s20261019-0671,val,0,,,,0.072097,1.000000,0.506220,0.072097
s20261019-0671:I1:C,s20261019-0671,val,1,REFRAIN,1,U1,0.906668,0.000976,0.348302,0.000885
s20261019-0672:I0:C,s20261019-0672,train,0,,,,0.105352,1.000000,0.475921,0.105352
s20261019-0672:I1:C,s20261019-0672,train,1,REFRAIN,5,U1,0.928856,0.015499,0.313443,0.014396
s20261019-0673:I0:C,s20261019-0673,train,0,,,,0.078979,1.000000,0.576788,0.078979
s20261019-0673:I1:C,s20261019-0673,train,1,REFRAIN,4,U2,0.889297,0.000005,0.240534,0.000004
s20261019-0674:I0:C,s20261019-0674,train,0,,,,0.079588,1.000000,0.515641,0.079588
s20261019-0674:I1:C,s20261019-0674,train,1,REFRAIN,2,U1,0.904800,0.026125,0.424997,0.023638
s20261019-0675:I0:C,s20261019-0675,train,0,,,,0.096684,0.016341,0.724484,0.001580
s20261019-0675:I1:C,s20261019-0675,train,1,ACT,0,U1,0.942277,0.999388,0.904966,0.941700
s20261019-0676:I0:C,s20261019-0676,train,0,,,,0.091362,1.000000,0.406354,0.091362
s20261019-0676:I1:C,s20261019-0676,train,1,ACT,2,U2,0.912039,0.999995,0.486619,0.912035
s20261019-0677:I0:C,s20261019-0677,val,0,,,,0.056928,1.000000,0.736475,0.056928
s20261019-0677:I1:C,s20261019-0677,val,1,REFRAIN,2,U2,0.918223,0.261816,0.765384,0.240406
s20261019-0678:I0:C,s20261019-0678,train,0,,,,0.079543,1.000000,0.726683,0.079543
s20261019-0678:I1:C,s20261019-0678,train,1,ACT,1,U1,0.912928,0.987570,0.561621,0.901580
s20261019-0679:I0:C,s20261019-0679,train,0,,,,0.080865,1.000000,0.167784,0.080865
s20261019-0679:I1:C,s20261019-0679,train,1,REFRAIN,0,U2,0.905195,0.930738,0.646526,0.842499
s20261019-0680:I0:C,s20261019-0680,val,0,,,,0.097478,1.000000,0.586849,0.097478
s20261019-0680:I1:C,s20261019-0680,val,1,ACT,5,U2,0.919872,1.000000,0.592352,0.919872
s20261019-0681:I0:C,s20261019-0681,train,0,,,,0.092709,1.000000,0.242091,0.092709
s20261019-0681:I1:C,s20261019-0681,train,1,REFRAIN,0,U2,0.917388,0.231276,0.719276,0.212170
s20261019-0682:I0:C,s20261019-0682,test,0,,,,0.083723,1.000000,0.137263,0.083723
s20261019-0682:I1:C,s20261019-0682,test,1,REFRAIN,6,U2,0.926393,0.042344,0.409961,0.039227
s20261019-0683:I0:C,s20261019-0683,val,0,,,,0.075115,1.000000,0.147046,0.075115
s20261019-0683:I1:C,s20261019-0683,val,1,REFRAIN,1,U1,0.924002,0.000000,0.103740,0.000000
s20261019-0684:I0:C,s20261019-0684,train,0,,,,0.076884,1.000000,0.602127,0.076884
s20261019-0684:I1:C,s20261019-0684,train,1,REFRAIN,1,U1,0.931044,0.000032,0.439295,0.000030
s20261019-0685:I0:C,s20261019-0685,train,0,,,,0.090906,1.000000,0.160213,0.090906
s20261019-0685:I1:C,s20261019-0685,train,1,REFRAIN,4,U2,0.928625,0.000000,0.051970,0.000000
s20261019-0686:I0:C,s20261019-0686,test,0,,,,0.101177,1.000000,0.570793,0.101177
s20261019-0686:I1:C,s20261019-0686,test,1,REFRAIN,7,U1,0.939497,0.000016,0.512990,0.000015
s20261019-0687:I0:C,s20261019-0687,val,0,,,,0.078646,1.000000,0.690681,0.078646
s20261019-0687:I1:C,s20261019-0687,val,1,REFRAIN,4,U1,0.921212,0.924892,0.314111,0.852022
s20261019-0688:I0:C,s20261019-0688,train,0,,,,0.096319,1.000000,0.316923,0.096319
s20261019-0688:I1:C,s20261019-0688,train,1,REFRAIN,4,U1,0.941825,0.000013,0.115815,0.000012
s20261019-0689:I0:C,s20261019-0689,test,0,,,,0.090944,1.000000,0.402101,0.090944
s20261019-0689:I1:C,s20261019-0689,test,1,REFRAIN,7,U2,0.923373,0.813728,0.468858,0.751375
s20261019-0690:I0:C,s20261019-0690,test,0,,,,0.110463,1.000000,0.751594,0.110463
s20261019-0690:I1:C,s20261019-0690,test,1,ACT,7,U1,0.919596,0.999675,0.712408,0.919297
s20261019-0691:I0:C,s20261019-0691,val,0,,,,0.087368,1.000000,0.203283,0.087368
s20261019-0691:I1:C,s20261019-0691,val,1,REFRAIN,3,U2,0.924558,0.000002,0.240112,0.000002
s20261019-0692:I0:C,s20261019-0692,train,0,,,,0.076318,1.000000,0.146369,0.076318
s20261019-0692:I1:C,s20261019-0692,train,1,REFRAIN,3,U1,0.914076,0.007374,0.116286,0.006740
s20261019-0693:I0:C,s20261019-0693,train,0,,,,0.090640,1.000000,0.456153,0.090640
s20261019-0693:I1:C,s20261019-0693,train,1,ACT,5,U2,0.915930,1.000000,0.473206,0.915930
s20261019-0694:I0:C,s20261019-0694,test,0,,,,0.058379,0.999988,0.519749,0.058379
s20261019-0694:I1:C,s20261019-0694,test,1,ACT,6,U1,0.901451,0.757767,0.668823,0.683090
s20261019-0695:I0:C,s20261019-0695,train,0,,,,0.070159,1.000000,0.322723,0.070159
s20261019-0695:I1:C,s20261019-0695,train,1,REFRAIN,1,U1,0.913401,0.000000,0.230085,0.000000
s20261019-0696:I0:C,s20261019-0696,test,0,,,,0.072908,1.000000,0.714561,0.072908
s20261019-0696:I1:C,s20261019-0696,test,1,REFRAIN,7,U2,0.835568,0.000000,0.755973,0.000000
s20261019-0697:I0:C,s20261019-0697,val,0,,,,0.081128,1.000000,0.545948,0.081128
s20261019-0697:I1:C,s20261019-0697,val,1,REFRAIN,3,U1,0.903752,0.013717,0.420146,0.012396
s20261019-0698:I0:C,s20261019-0698,train,0,,,,0.050380,1.000000,0.501923,0.050380
s20261019-0698:I1:C,s20261019-0698,train,1,ACT,0,U2,0.912496,1.000000,0.886634,0.912496
s20261019-0699:I0:C,s20261019-0699,test,0,,,,0.068962,1.000000,0.695022,0.068962
s20261019-0699:I1:C,s20261019-0699,test,1,ACT,6,U1,0.914671,0.999997,0.803126,0.914669
s20261019-0700:I0:C,s20261019-0700,train,0,,,,0.071337,1.000000,0.549488,0.071337
s20261019-0700:I1:C,s20261019-0700,train,1,ACT,5,U2,0.916959,1.000000,0.557732,0.916959
s20261019-0701:I0:C,s20261019-0701,train,0,,,,0.078725,1.000000,0.673730,0.078725
s20261019-0701:I1:C,s20261019-0701,train,1,REFRAIN,4,U1,0.914740,0.009192,0.305189,0.008409
s20261019-0702:I0:C,s20261019-0702,train,0,,,,0.077741,1.000000,0.430775,0.077741
s20261019-0702:I1:C,s20261019-0702,train,1,REFRAIN,1,U2,0.918098,0.784778,0.375754,0.720503
s20261019-0703:I0:C,s20261019-0703,train,0,,,,0.082253,1.000000,0.794918,0.082253
s20261019-0703:I1:C,s20261019-0703,train,1,ACT,5,U1,0.901406,0.987312,0.628980,0.889969
s20261019-0704:I0:C,s20261019-0704,test,0,,,,0.083587,1.000000,0.387628,0.083587
s20261019-0704:I1:C,s20261019-0704,test,1,ACT,6,U2,0.924636,1.000000,0.724540,0.924635
s20261019-0705:I0:C,s20261019-0705,train,0,,,,0.071315,1.000000,0.493180,0.071315
s20261019-0705:I1:C,s20261019-0705,train,1,REFRAIN,5,U1,0.910776,0.000238,0.321471,0.000217
s20261019-0706:I0:C,s20261019-0706,val,0,,,,0.091072,1.000000,0.801995,0.091072
s20261019-0706:I1:C,s20261019-0706,val,1,ACT,3,U2,0.924933,0.135619,0.780821,0.125439
s20261019-0707:I0:C,s20261019-0707,test,0,,,,0.098577,1.000000,0.782095,0.098577
s20261019-0707:I1:C,s20261019-0707,test,1,ACT,7,U1,0.913397,0.976208,0.729566,0.891665
s20261019-0708:I0:C,s20261019-0708,val,0,,,,0.107984,1.000000,0.164291,0.107984
s20261019-0708:I1:C,s20261019-0708,val,1,REFRAIN,2,U2,0.881536,0.000000,0.238574,0.000000
s20261019-0709:I0:C,s20261019-0709,val,0,,,,0.095414,0.999999,0.700289,0.095414
s20261019-0709:I1:C,s20261019-0709,val,1,ACT,3,U1,0.928891,0.997892,0.578798,0.926933
s20261019-0710:I0:C,s20261019-0710,train,0,,,,0.068662,1.000000,0.252680,0.068662
s20261019-0710:I1:C,s20261019-0710,train,1,REFRAIN,4,U1,0.906999,0.001479,0.082910,0.001342
s20261019-0711:I0:C,s20261019-0711,val,0,,,,0.099836,1.000000,0.414590,0.099836
s20261019-0711:I1:C,s20261019-0711,val,1,REFRAIN,2,U1,0.909113,0.009341,0.335912,0.008492
s20261019-0712:I0:C,s20261019-0712,test,0,,,,0.100009,0.999942,0.455893,0.100003
s20261019-0712:I1:C,s20261019-0712,test,1,ACT,6,U1,0.912291,0.037005,0.627369,0.033759
s20261019-0713:I0:C,s20261019-0713,train,0,,,,0.085326,1.000000,0.680743,0.085326
s20261019-0713:I1:C,s20261019-0713,train,1,REFRAIN,3,U2,0.925266,0.000000,0.676769,0.000000
s20261019-0714:I0:C,s20261019-0714,train,0,,,,0.070441,1.000000,0.763851,0.070441
s20261019-0714:I1:C,s20261019-0714,train,1,ACT,5,U1,0.918184,0.966979,0.581455,0.887864
s20261019-0715:I0:C,s20261019-0715,train,0,,,,0.091731,1.000000,0.637613,0.091731
s20261019-0715:I1:C,s20261019-0715,train,1,REFRAIN,4,U1,0.919417,0.000883,0.285120,0.000812
s20261019-0716:I0:C,s20261019-0716,test,0,,,,0.104804,1.000000,0.197016,0.104804
s20261019-0716:I1:C,s20261019-0716,test,1,REFRAIN,6,U1,0.918541,0.081961,0.347587,0.075285
s20261019-0717:I0:C,s20261019-0717,train,0,,,,0.084841,1.000000,0.687683,0.084841
s20261019-0717:I1:C,s20261019-0717,train,1,ACT,5,U1,0.914784,0.997545,0.510934,0.912537
s20261019-0718:I0:C,s20261019-0718,train,0,,,,0.098033,1.000000,0.190027,0.098033
s20261019-0718:I1:C,s20261019-0718,train,1,REFRAIN,1,U1,0.912559,0.000004,0.131094,0.000004
s20261019-0719:I0:C,s20261019-0719,test,0,,,,0.183089,0.447674,0.453684,0.081964
s20261019-0719:I1:C,s20261019-0719,test,1,ACT,6,U1,0.928406,0.835889,0.635115,0.776044
s20261019-0720:I0:C,s20261019-0720,train,0,,,,0.082208,1.000000,0.545406,0.082208
s20261019-0720:I1:C,s20261019-0720,train,1,REFRAIN,2,U1,0.920310,0.079952,0.437085,0.073580
s20261019-0721:I0:C,s20261019-0721,train,0,,,,0.062904,1.000000,0.328684,0.062904
s20261019-0721:I1:C,s20261019-0721,train,1,REFRAIN,4,U2,0.951056,0.000000,0.111299,0.000000
s20261019-0722:I0:C,s20261019-0722,train,0,,,,0.087780,1.000000,0.431548,0.087780
s20261019-0722:I1:C,s20261019-0722,train,1,REFRAIN,1,U2,0.922718,0.000950,0.372232,0.000877
s20261019-0723:I0:C,s20261019-0723,train,0,,,,0.086142,1.000000,0.481848,0.086142
s20261019-0723:I1:C,s20261019-0723,train,1,ACT,3,U2,0.934044,0.970802,0.509695,0.906772
s20261019-0724:I0:C,s20261019-0724,train,0,,,,0.093703,1.000000,0.424956,0.093703
s20261019-0724:I1:C,s20261019-0724,train,1,ACT,0,U2,0.931018,0.999322,0.850464,0.930387
s20261019-0725:I0:C,s20261019-0725,val,0,,,,0.081109,1.000000,0.402310,0.081109
s20261019-0725:I1:C,s20261019-0725,val,1,ACT,5,U2,0.898749,0.999999,0.423785,0.898748
s20261019-0726:I0:C,s20261019-0726,train,0,,,,0.085217,1.000000,0.733077,0.085217
s20261019-0726:I1:C,s20261019-0726,train,1,ACT,5,U2,0.930660,0.209618,0.725674,0.195083
s20261019-0727:I0:C,s20261019-0727,val,0,,,,0.094330,1.000000,0.384684,0.094330
s20261019-0727:I1:C,s20261019-0727,val,1,ACT,5,U2,0.909339,0.999998,0.407840,0.909337
s20261019-0728:I0:C,s20261019-0728,train,0,,,,0.067822,1.000000,0.389269,0.067822
s20261019-0728:I1:C,s20261019-0728,train,1,REFRAIN,3,U1,0.917300,0.074918,0.296450,0.068722
s20261019-0729:I0:C,s20261019-0729,test,0,,,,0.059928,1.000000,0.726851,0.059928
s20261019-0729:I1:C,s20261019-0729,test,1,REFRAIN,7,U2,0.874293,0.000000,0.767223,0.000000
s20261019-0730:I0:C,s20261019-0730,test,0,,,,0.075226,1.000000,0.207163,0.075226
s20261019-0730:I1:C,s20261019-0730,test,1,REFRAIN,6,U1,0.918202,0.240669,0.366582,0.220983
s20261019-0731:I0:C,s20261019-0731,train,0,,,,0.072312,1.000000,0.161436,0.072312
s20261019-0731:I1:C,s20261019-0731,train,1,REFRAIN,2,U2,0.911781,0.000000,0.233768,0.000000
s20261019-0732:I0:C,s20261019-0732,train,0,,,,0.080354,1.000000,0.185637,0.080354
s20261019-0732:I1:C,s20261019-0732,train,1,REFRAIN,4,U2,0.897840,0.000000,0.059817,0.000000
s20261019-0733:I0:C,s20261019-0733,train,0,,,,0.092408,1.000000,0.658566,0.092408
s20261019-0733:I1:C,s20261019-0733,train,1,ACT,0,U2,0.924345,1.000000,0.930631,0.924345
s20261019-0734:I0:C,s20261019-0734,test,0,,,,0.086462,1.000000,0.699286,0.086462
s20261019-0734:I1:C,s20261019-0734,test,1,ACT,6,U2,0.935701,0.999976,0.892344,0.935679
s20261019-0735:I0:C,s20261019-0735,train,0,,,,0.110609,1.000000,0.778181,0.110609
s20261019-0735:I1:C,s20261019-0735,train,1,ACT,0,U2,0.925086,0.999763,0.966238,0.924867
s20261019-0736:I0:C,s20261019-0736,test,0,,,,0.076471,1.000000,0.646748,0.076471
s20261019-0736:I1:C,s20261019-0736,test,1,REFRAIN,7,U1,0.917877,0.000444,0.579158,0.000407
s20261019-0737:I0:C,s20261019-0737,train,0,,,,0.079115,1.000000,0.238185,0.079115
s20261019-0737:I1:C,s20261019-0737,train,1,ACT,0,U2,0.919754,0.969584,0.725766,0.891779
s20261019-0738:I0:C,s20261019-0738,train,0,,,,0.078356,1.000000,0.717242,0.078356
s20261019-0738:I1:C,s20261019-0738,train,1,REFRAIN,5,U2,0.924112,0.134081,0.708598,0.123906
s20261019-0739:I0:C,s20261019-0739,train,0,,,,0.071004,1.000000,0.512407,0.071004
s20261019-0739:I1:C,s20261019-0739,train,1,ACT,0,U1,0.929006,0.944594,0.790385,0.877534
s20261019-0740:I0:C,s20261019-0740,test,0,,,,0.123886,0.824544,0.463874,0.102150
s20261019-0740:I1:C,s20261019-0740,test,1,REFRAIN,6,U1,0.923164,0.897974,0.642075,0.828977
s20261019-0741:I0:C,s20261019-0741,test,0,,,,0.093501,1.000000,0.549262,0.093501
s20261019-0741:I1:C,s20261019-0741,test,1,ACT,7,U2,0.925617,0.999694,0.598976,0.925333
s20261019-0742:I0:C,s20261019-0742,test,0,,,,0.074697,1.000000,0.409744,0.074697
s20261019-0742:I1:C,s20261019-0742,test,1,ACT,6,U2,0.917053,1.000000,0.745787,0.917053
s20261019-0743:I0:C,s20261019-0743,test,0,,,,0.084030,1.000000,0.762712,0.084030
s20261019-0743:I1:C,s20261019-0743,test,1,ACT,6,U1,0.903440,0.999982,0.856058,0.903424
s20261019-0744:I0:C,s20261019-0744,train,0,,,,0.115844,1.000000,0.212443,0.115844
s20261019-0744:I1:C,s20261019-0744,train,1,REFRAIN,1,U1,0.912364,0.000000,0.146346,0.000000
s20261019-0745:I0:C,s20261019-0745,val,0,,,,0.056579,1.000000,0.478052,0.056579
s20261019-0745:I1:C,s20261019-0745,val,1,REFRAIN,4,U1,0.917895,0.000005,0.181732,0.000005
s20261019-0746:I0:C,s20261019-0746,test,0,,,,0.088672,1.000000,0.527207,0.088672
s20261019-0746:I1:C,s20261019-0746,test,1,REFRAIN,7,U2,0.880441,0.171409,0.589642,0.150915
s20261019-0747:I0:C,s20261019-0747,val,0,,,,0.080317,1.000000,0.134128,0.080317
s20261019-0747:I1:C,s20261019-0747,val,1,REFRAIN,2,U2,0.925703,0.000000,0.200063,0.000000
s20261019-0748:I0:C,s20261019-0748,train,0,,,,0.078066,1.000000,0.472652,0.078066
s20261019-0748:I1:C,s20261019-0748,train,1,REFRAIN,4,U1,0.938094,0.000119,0.180988,0.000112
s20261019-0749:I0:C,s20261019-0749,train,0,,,,0.074602,1.000000,0.632245,0.074602
s20261019-0749:I1:C,s20261019-0749,train,1,ACT,3,U1,0.907800,0.181499,0.511655,0.164765
s20261019-0750:I0:C,s20261019-0750,test,0,,,,0.098998,1.000000,0.739210,0.098998
s20261019-0750:I1:C,s20261019-0750,test,1,ACT,6,U2,0.928660,1.000000,0.908739,0.928660
s20261019-0751:I0:C,s20261019-0751,train,0,,,,0.086952,1.000000,0.657469,0.086952
s20261019-0751:I1:C,s20261019-0751,train,1,ACT,5,U2,0.915952,1.000000,0.655475,0.915952
s20261019-0752:I0:C,s20261019-0752,train,0,,,,0.090564,1.000000,0.499970,0.090564
s20261019-0752:I1:C,s20261019-0752,train,1,ACT,3,U2,0.928597,0.977161,0.525613,0.907388
s20261019-0753:I0:C,s20261019-0753,train,0,,,,0.096140,1.000000,0.468197,0.096140
s20261019-0753:I1:C,s20261019-0753,train,1,REFRAIN,2,U1,0.919911,0.054545,0.379019,0.050176
s20261019-0754:I0:C,s20261019-0754,test,0,,,,0.098031,1.000000,0.719467,0.098031
s20261019-0754:I1:C,s20261019-0754,test,1,ACT,6,U1,0.911753,0.999991,0.817762,0.911745
s20261019-0755:I0:C,s20261019-0755,val,0,,,,0.077594,1.000000,0.783506,0.077594
s20261019-0755:I1:C,s20261019-0755,val,1,ACT,5,U1,0.896661,0.991438,0.613751,0.888984
s20261019-0756:I0:C,s20261019-0756,train,0,,,,0.077079,1.000000,0.579582,0.077079
s20261019-0756:I1:C,s20261019-0756,train,1,ACT,1,U2,0.892704,0.967500,0.506685,0.863691
s20261019-0757:I0:C,s20261019-0757,train,0,,,,0.067655,1.000000,0.454414,0.067655
s20261019-0757:I1:C,s20261019-0757,train,1,REFRAIN,1,U1,0.890200,0.000799,0.316333,0.000711
s20261019-0758:I0:C,s20261019-0758,train,0,,,,0.078083,1.000000,0.154229,0.078083
s20261019-0758:I1:C,s20261019-0758,train,1,REFRAIN,2,U1,0.931917,0.025644,0.146174,0.023898
s20261019-0759:I0:C,s20261019-0759,train,0,,,,0.061598,1.000000,0.182227,0.061598
s20261019-0759:I1:C,s20261019-0759,train,1,REFRAIN,5,U1,0.920511,0.000202,0.116250,0.000186
s20261019-0760:I0:C,s20261019-0760,train,0,,,,0.079554,1.000000,0.242380,0.079554
s20261019-0760:I1:C,s20261019-0760,train,1,REFRAIN,1,U2,0.909235,0.000000,0.216589,0.000000
s20261019-0761:I0:C,s20261019-0761,train,0,,,,0.065726,1.000000,0.490715,0.065726
s20261019-0761:I1:C,s20261019-0761,train,1,ACT,2,U1,0.903442,0.073456,0.402192,0.066363
s20261019-0762:I0:C,s20261019-0762,train,0,,,,0.076156,1.000000,0.173782,0.076156
s20261019-0762:I1:C,s20261019-0762,train,1,REFRAIN,3,U2,0.934683,0.000000,0.206364,0.000000
s20261019-0763:I0:C,s20261019-0763,test,0,,,,0.066044,1.000000,0.287691,0.066044
s20261019-0763:I1:C,s20261019-0763,test,1,REFRAIN,7,U1,0.928136,0.000019,0.267969,0.000018
s20261019-0764:I0:C,s20261019-0764,val,0,,,,0.125103,0.111442,0.362283,0.013942
s20261019-0764:I1:C,s20261019-0764,val,1,REFRAIN,3,U1,0.916793,0.053090,0.286553,0.048672
s20261019-0765:I0:C,s20261019-0765,train,0,,,,0.070829,1.000000,0.657473,0.070829
s20261019-0765:I1:C,s20261019-0765,train,1,REFRAIN,5,U1,0.916820,0.004273,0.460533,0.003918
s20261019-0766:I0:C,s20261019-0766,train,0,,,,0.078368,1.000000,0.355078,0.078368
s20261019-0766:I1:C,s20261019-0766,train,1,REFRAIN,1,U2,0.936195,0.000000,0.322353,0.000000
s20261019-0767:I0:C,s20261019-0767,train,0,,,,0.084400,0.999993,0.758046,0.084399
s20261019-0767:I1:C,s20261019-0767,train,1,ACT,1,U1,0.918876,0.986577,0.595057,0.906541
s20261019-0768:I0:C,s20261019-0768,train,0,,,,0.080972,0.999999,0.493141,0.080972
s20261019-0768:I1:C,s20261019-0768,train,1,REFRAIN,5,U1,0.904782,0.000990,0.318479,0.000896
s20261019-0769:I0:C,s20261019-0769,train,0,,,,0.085801,1.000000,0.472449,0.085801
s20261019-0769:I1:C,s20261019-0769,train,1,REFRAIN,3,U1,0.898944,0.206473,0.372876,0.185608
s20261019-0770:I0:C,s20261019-0770,train,0,,,,0.086931,1.000000,0.454581,0.086931
s20261019-0770:I1:C,s20261019-0770,train,1,ACT,3,U2,0.921929,0.827720,0.477094,0.763099
s20261019-0771:I0:C,s20261019-0771,test,0,,,,0.090349,0.999921,0.473044,0.090342
s20261019-0771:I1:C,s20261019-0771,test,1,REFRAIN,6,U1,0.943722,0.621964,0.645204,0.586962
s20261019-0772:I0:C,s20261019-0772,train,0,,,,0.083901,1.000000,0.142944,0.083901
s20261019-0772:I1:C,s20261019-0772,train,1,REFRAIN,3,U2,0.922653,0.000000,0.181078,0.000000
s20261019-0773:I0:C,s20261019-0773,test,0,,,,0.087104,1.000000,0.595496,0.087104
s20261019-0773:I1:C,s20261019-0773,test,1,ACT,7,U2,0.931199,0.713676,0.649599,0.664574
s20261019-0774:I0:C,s20261019-0774,train,0,,,,0.074677,1.000000,0.208880,0.074677
s20261019-0774:I1:C,s20261019-0774,train,1,REFRAIN,3,U2,0.920329,0.000005,0.241129,0.000004
s20261019-0775:I0:C,s20261019-0775,train,0,,,,0.094634,1.000000,0.549012,0.094634
s20261019-0775:I1:C,s20261019-0775,train,1,REFRAIN,3,U1,0.913185,0.035514,0.439843,0.032431
s20261019-0776:I0:C,s20261019-0776,test,0,,,,0.080084,1.000000,0.532156,0.080084
s20261019-0776:I1:C,s20261019-0776,test,1,ACT,7,U2,0.904559,1.000000,0.583136,0.904559
s20261019-0777:I0:C,s20261019-0777,test,0,,,,0.099007,1.000000,0.473956,0.099007
s20261019-0777:I1:C,s20261019-0777,test,1,REFRAIN,7,U1,0.918988,0.004455,0.418143,0.004094
s20261019-0778:I0:C,s20261019-0778,train,0,,,,0.079599,1.000000,0.474288,0.079599
s20261019-0778:I1:C,s20261019-0778,train,1,REFRAIN,2,U1,0.923535,0.000023,0.388751,0.000021
s20261019-0779:I0:C,s20261019-0779,train,0,,,,0.082772,1.000000,0.740942,0.082772
s20261019-0779:I1:C,s20261019-0779,train,1,ACT,3,U1,0.910389,0.987615,0.622210,0.899114
s20261019-0780:I0:C,s20261019-0780,test,0,,,,0.084167,1.000000,0.315169,0.084167
s20261019-0780:I1:C,s20261019-0780,test,1,REFRAIN,6,U2,0.918231,0.000708,0.652727,0.000651
s20261019-0781:I0:C,s20261019-0781,val,0,,,,0.115943,1.000000,0.391411,0.115943
s20261019-0781:I1:C,s20261019-0781,val,1,REFRAIN,1,U2,0.918003,0.003829,0.337880,0.003515
s20261019-0782:I0:C,s20261019-0782,test,0,,,,0.081709,1.000000,0.565746,0.081709
s20261019-0782:I1:C,s20261019-0782,test,1,REFRAIN,7,U2,0.922905,0.000090,0.624104,0.000083
s20261019-0783:I0:C,s20261019-0783,val,0,,,,0.070667,1.000000,0.506868,0.070667
s20261019-0783:I1:C,s20261019-0783,val,1,REFRAIN,3,U1,0.907267,0.105026,0.398622,0.095287
s20261019-0784:I0:C,s20261019-0784,train,0,,,,0.088521,1.000000,0.442896,0.088521
s20261019-0784:I1:C,s20261019-0784,train,1,REFRAIN,1,U1,0.930203,0.000001,0.295827,0.000001
s20261019-0785:I0:C,s20261019-0785,test,0,,,,0.059406,1.000000,0.689269,0.059406
s20261019-0785:I1:C,s20261019-0785,test,1,ACT,6,U2,0.924124,0.999999,0.891251,0.924123
s20261019-0786:I0:C,s20261019-0786,train,0,,,,0.070543,1.000000,0.761454,0.070543
s20261019-0786:I1:C,s20261019-0786,train,1,ACT,4,U1,0.919340,0.935066,0.395166,0.859644
s20261019-0787:I0:C,s20261019-0787,test,0,,,,0.110431,1.000000,0.174484,0.110431
s20261019-0787:I1:C,s20261019-0787,test,1,REFRAIN,7,U1,0.925702,0.000009,0.161401,0.000008
s20261019-0788:I0:C,s20261019-0788,train,0,,,,0.075784,1.000000,0.693897,0.075784
s20261019-0788:I1:C,s20261019-0788,train,1,ACT,2,U2,0.920480,0.821485,0.737603,0.756161
s20261019-0789:I0:C,s20261019-0789,train,0,,,,0.084201,1.000000,0.552268,0.084201
s20261019-0789:I1:C,s20261019-0789,train,1,REFRAIN,4,U2,0.919147,0.000001,0.231722,0.000001
s20261019-0790:I0:C,s20261019-0790,val,0,,,,0.083340,1.000000,0.229205,0.083340
s20261019-0790:I1:C,s20261019-0790,val,1,REFRAIN,0,U1,0.909809,0.273796,0.552443,0.249102
s20261019-0791:I0:C,s20261019-0791,train,0,,,,0.102732,1.000000,0.586587,0.102732
s20261019-0791:I1:C,s20261019-0791,train,1,ACT,0,U2,0.914313,0.999999,0.915396,0.914312
s20261019-0792:I0:C,s20261019-0792,train,0,,,,0.091882,1.000000,0.233749,0.091882
s20261019-0792:I1:C,s20261019-0792,train,1,REFRAIN,4,U2,0.925225,0.000000,0.075695,0.000000
s20261019-0793:I0:C,s20261019-0793,test,0,,,,0.083274,1.000000,0.353612,0.083274
s20261019-0793:I1:C,s20261019-0793,test,1,REFRAIN,7,U1,0.898621,0.024584,0.314984,0.022091
s20261019-0794:I0:C,s20261019-0794,train,0,,,,0.096924,1.000000,0.772630,0.096924
s20261019-0794:I1:C,s20261019-0794,train,1,ACT,1,U1,0.926595,0.996231,0.607480,0.923103
s20261019-0795:I0:C,s20261019-0795,train,0,,,,0.176931,1.000000,0.243952,0.176931
s20261019-0795:I1:C,s20261019-0795,train,1,ACT,0,U1,0.917205,0.679576,0.581336,0.623310
s20261019-0796:I0:C,s20261019-0796,train,0,,,,0.084649,1.000000,0.575789,0.084649
s20261019-0796:I1:C,s20261019-0796,train,1,ACT,0,U2,0.908226,1.000000,0.914167,0.908226
s20261019-0797:I0:C,s20261019-0797,val,0,,,,0.089148,1.000000,0.498708,0.089148
s20261019-0797:I1:C,s20261019-0797,val,1,REFRAIN,4,U2,0.812878,0.000000,0.198127,0.000000
s20261019-0798:I0:C,s20261019-0798,val,0,,,,0.073639,1.000000,0.424148,0.073639
s20261019-0798:I1:C,s20261019-0798,val,1,ACT,0,U2,0.898268,1.000000,0.862768,0.898268
s20261019-0799:I0:C,s20261019-0799,train,0,,,,0.074664,1.000000,0.571574,0.074664
s20261019-0799:I1:C,s20261019-0799,train,1,ACT,5,U2,0.888789,1.000000,0.593378,0.888789
s20261019-0800:I0:C,s20261019-0800,train,0,,,,0.100094,1.000000,0.151604,0.100094
s20261019-0800:I1:C,s20261019-0800,train,1,REFRAIN,3,U1,0.916738,0.001829,0.128010,0.001676
s20261019-0801:I0:C,s20261019-0801,val,0,,,,0.076050,1.000000,0.179431,0.076050
s20261019-0801:I1:C,s20261019-0801,val,1,REFRAIN,4,U2,0.861769,0.000057,0.059101,0.000049
s20261019-0802:I0:C,s20261019-0802,train,0,,,,0.100153,1.000000,0.767049,0.100153
s20261019-0802:I1:C,s20261019-0802,train,1,ACT,3,U1,0.938010,0.993352,0.668385,0.931774
s20261019-0803:I0:C,s20261019-0803,test,0,,,,0.073972,1.000000,0.540692,0.073972
s20261019-0803:I1:C,s20261019-0803,test,1,ACT,7,U2,0.927905,0.999990,0.607385,0.927895
s20261019-0804:I0:C,s20261019-0804,test,0,,,,0.088393,1.000000,0.504145,0.088393
s20261019-0804:I1:C,s20261019-0804,test,1,ACT,6,U2,0.908947,1.000000,0.801031,0.908947
s20261019-0805:I0:C,s20261019-0805,train,0,,,,0.076713,0.999126,0.408626,0.076646
s20261019-0805:I1:C,s20261019-0805,train,1,REFRAIN,1,U1,0.944790,0.000032,0.284305,0.000031
s20261019-0806:I0:C,s20261019-0806,test,0,,,,0.073295,1.000000,0.706191,0.073295
s20261019-0806:I1:C,s20261019-0806,test,1,REFRAIN,7,U2,0.803429,0.000000,0.748696,0.000000
s20261019-0807:I0:C,s20261019-0807,train,0,,,,0.112778,0.051928,0.747920,0.005856
s20261019-0807:I1:C,s20261019-0807,train,1,ACT,2,U1,0.909904,0.998024,0.647078,0.908106
s20261019-0808:I0:C,s20261019-0808,train,0,,,,0.075013,1.000000,0.338855,0.075013
s20261019-0808:I1:C,s20261019-0808,train,1,REFRAIN,2,U1,0.903807,0.009135,0.282497,0.008256
s20261019-0809:I0:C,s20261019-0809,train,0,,,,0.066150,1.000000,0.525934,0.066150
s20261019-0809:I1:C,s20261019-0809,train,1,ACT,0,U1,0.921641,0.743853,0.791957,0.685565
s20261019-0810:I0:C,s20261019-0810,train,0,,,,0.077674,1.000000,0.733372,0.077674
s20261019-0810:I1:C,s20261019-0810,train,1,ACT,5,U2,0.920133,0.900187,0.726264,0.828292
s20261019-0811:I0:C,s20261019-0811,train,0,,,,0.081830,1.000000,0.757510,0.081830
s20261019-0811:I1:C,s20261019-0811,train,1,ACT,3,U1,0.923558,0.982217,0.649431,0.907135
s20261019-0812:I0:C,s20261019-0812,train,0,,,,0.069118,1.000000,0.217693,0.069118
s20261019-0812:I1:C,s20261019-0812,train,1,REFRAIN,2,U1,0.930383,0.013199,0.180831,0.012280
s20261019-0813:I0:C,s20261019-0813,val,0,,,,0.083334,1.000000,0.441816,0.083334
s20261019-0813:I1:C,s20261019-0813,val,1,REFRAIN,2,U1,0.927974,0.025786,0.360368,0.023929
s20261019-0814:I0:C,s20261019-0814,train,0,,,,0.074610,1.000000,0.490420,0.074610
s20261019-0814:I1:C,s20261019-0814,train,1,REFRAIN,2,U1,0.908872,0.009613,0.400692,0.008737
s20261019-0815:I0:C,s20261019-0815,train,0,,,,0.097349,1.000000,0.514820,0.097349
s20261019-0815:I1:C,s20261019-0815,train,1,REFRAIN,3,U2,0.917913,0.774133,0.523990,0.710586
s20261019-0816:I0:C,s20261019-0816,test,0,,,,0.077245,1.000000,0.751068,0.077245
s20261019-0816:I1:C,s20261019-0816,test,1,ACT,7,U1,0.919796,0.945647,0.701064,0.869802
s20261019-0817:I0:C,s20261019-0817,train,0,,,,0.076257,1.000000,0.380599,0.076257
s20261019-0817:I1:C,s20261019-0817,train,1,REFRAIN,4,U2,0.928331,0.000000,0.133248,0.000000
s20261019-0818:I0:C,s20261019-0818,val,0,,,,0.082945,1.000000,0.198356,0.082945
s20261019-0818:I1:C,s20261019-0818,val,1,REFRAIN,4,U2,0.942456,0.000000,0.063764,0.000000
s20261019-0819:I0:C,s20261019-0819,train,0,,,,0.067356,1.000000,0.423784,0.067356
s20261019-0819:I1:C,s20261019-0819,train,1,REFRAIN,2,U1,0.915353,0.002893,0.364152,0.002648
s20261019-0820:I0:C,s20261019-0820,train,0,,,,0.083198,1.000000,0.331124,0.083198
s20261019-0820:I1:C,s20261019-0820,train,1,REFRAIN,2,U2,0.909175,0.128040,0.415261,0.116411
s20261019-0821:I0:C,s20261019-0821,train,0,,,,0.082473,1.000000,0.142018,0.082473
s20261019-0821:I1:C,s20261019-0821,train,1,REFRAIN,2,U2,0.927902,0.000020,0.209709,0.000019
s20261019-0822:I0:C,s20261019-0822,train,0,,,,0.075391,1.000000,0.392114,0.075391
s20261019-0822:I1:C,s20261019-0822,train,1,ACT,0,U1,0.925636,0.877758,0.731539,0.812484
s20261019-0823:I0:C,s20261019-0823,train,0,,,,0.076515,1.000000,0.499660,0.076515
s20261019-0823:I1:C,s20261019-0823,train,1,ACT,3,U2,0.910768,0.999999,0.516926,0.910767
s20261019-0824:I0:C,s20261019-0824,val,0,,,,0.092395,0.999977,0.762903,0.092393
s20261019-0824:I1:C,s20261019-0824,val,1,ACT,4,U1,0.927499,0.917789,0.396454,0.851248
s20261019-0825:I0:C,s20261019-0825,train,0,,,,0.079396,1.000000,0.281804,0.079396
s20261019-0825:I1:C,s20261019-0825,train,1,ACT,0,U2,0.910771,0.857774,0.768940,0.781236
s20261019-0826:I0:C,s20261019-0826,train,0,,,,0.084054,1.000000,0.449104,0.084054
s20261019-0826:I1:C,s20261019-0826,train,1,REFRAIN,0,U1,0.917811,0.270972,0.752896,0.248701
s20261019-0827:I0:C,s20261019-0827,train,0,,,,0.086215,1.000000,0.678571,0.086215
s20261019-0827:I1:C,s20261019-0827,train,1,ACT,5,U2,0.915008,1.000000,0.674713,0.915008
s20261019-0828:I0:C,s20261019-0828,train,0,,,,0.073628,1.000000,0.135761,0.073628
s20261019-0828:I1:C,s20261019-0828,train,1,REFRAIN,0,U1,0.918935,0.494627,0.420771,0.454530
s20261019-0829:I0:C,s20261019-0829,test,0,,,,0.066846,1.000000,0.413949,0.066846
s20261019-0829:I1:C,s20261019-0829,test,1,ACT,6,U2,0.923435,1.000000,0.737630,0.923435
s20261019-0830:I0:C,s20261019-0830,train,0,,,,0.110496,1.000000,0.185973,0.110496
s20261019-0830:I1:C,s20261019-0830,train,1,REFRAIN,2,U2,0.902121,0.000000,0.263309,0.000000
s20261019-0831:I0:C,s20261019-0831,train,0,,,,0.094055,1.000000,0.487395,0.094055
s20261019-0831:I1:C,s20261019-0831,train,1,REFRAIN,2,U1,0.932424,0.127004,0.399785,0.118421
s20261019-0832:I0:C,s20261019-0832,test,0,,,,0.085127,1.000000,0.718581,0.085127
s20261019-0832:I1:C,s20261019-0832,test,1,ACT,6,U1,0.914774,0.999984,0.825450,0.914759
s20261019-0833:I0:C,s20261019-0833,test,0,,,,0.112309,1.000000,0.215167,0.112309
s20261019-0833:I1:C,s20261019-0833,test,1,REFRAIN,6,U2,0.913873,0.000059,0.524824,0.000054
s20261019-0834:I0:C,s20261019-0834,train,0,,,,0.077946,1.000000,0.746244,0.077946
s20261019-0834:I1:C,s20261019-0834,train,1,REFRAIN,3,U2,0.918851,0.002693,0.732150,0.002474
s20261019-0835:I0:C,s20261019-0835,test,0,,,,0.073087,1.000000,0.220529,0.073087
s20261019-0835:I1:C,s20261019-0835,test,1,REFRAIN,6,U2,0.927129,0.130392,0.533413,0.120890
s20261019-0836:I0:C,s20261019-0836,test,0,,,,0.102074,1.000000,0.437554,0.102074
s20261019-0836:I1:C,s20261019-0836,test,1,REFRAIN,7,U1,0.906179,0.015840,0.391862,0.014354
s20261019-0837:I0:C,s20261019-0837,val,0,,,,0.071962,1.000000,0.158439,0.071962
s20261019-0837:I1:C,s20261019-0837,val,1,REFRAIN,3,U1,0.919386,0.073186,0.132349,0.067286
s20261019-0838:I0:C,s20261019-0838,train,0,,,,0.062275,1.000000,0.355669,0.062275
s20261019-0838:I1:C,s20261019-0838,train,1,REFRAIN,0,U1,0.923548,0.863595,0.684372,0.797571
s20261019-0839:I0:C,s20261019-0839,train,0,,,,0.076902,1.000000,0.502021,0.076902
s20261019-0839:I1:C,s20261019-0839,train,1,ACT,0,U2,0.901097,1.000000,0.893059,0.901097
s20261019-0840:I0:C,s20261019-0840,train,0,,,,0.073794,1.000000,0.376328,0.073794
s20261019-0840:I1:C,s20261019-0840,train,1,REFRAIN,1,U1,0.925183,0.000170,0.255576,0.000158
s20261019-0841:I0:C,s20261019-0841,train,0,,,,0.078043,1.000000,0.359152,0.078043
s20261019-0841:I1:C,s20261019-0841,train,1,REFRAIN,3,U1,0.904898,0.036984,0.288631,0.033467
s20261019-0842:I0:C,s20261019-0842,train,0,,,,0.072161,1.000000,0.599979,0.072161
s20261019-0842:I1:C,s20261019-0842,train,1,ACT,0,U2,0.892728,0.999991,0.916806,0.892720
s20261019-0843:I0:C,s20261019-0843,train,0,,,,0.077661,1.000000,0.229468,0.077661
s20261019-0843:I1:C,s20261019-0843,train,1,ACT,0,U2,0.924384,0.786343,0.709949,0.726883
s20261019-0844:I0:C,s20261019-0844,test,0,,,,0.082665,1.000000,0.410292,0.082665
s20261019-0844:I1:C,s20261019-0844,test,1,ACT,6,U2,0.917124,1.000000,0.731036,0.917124
s20261019-0845:I0:C,s20261019-0845,train,0,,,,0.084341,1.000000,0.457729,0.084341
s20261019-0845:I1:C,s20261019-0845,train,1,REFRAIN,5,U1,0.908513,0.006965,0.301868,0.006328
s20261019-0846:I0:C,s20261019-0846,test,0,,,,0.079014,1.000000,0.495746,0.079014
s20261019-0846:I1:C,s20261019-0846,test,1,ACT,6,U2,0.927230,0.999778,0.788954,0.927024
s20261019-0847:I0:C,s20261019-0847,test,0,,,,0.117495,1.000000,0.515876,0.117495
s20261019-0847:I1:C,s20261019-0847,test,1,ACT,6,U1,0.936174,0.902934,0.680372,0.845303
s20261019-0848:I0:C,s20261019-0848,val,0,,,,0.074894,1.000000,0.719193,0.074894
s20261019-0848:I1:C,s20261019-0848,val,1,ACT,0,U2,0.929121,0.999998,0.949392,0.929120
s20261019-0849:I0:C,s20261019-0849,val,0,,,,0.110625,1.000000,0.395796,0.110625
s20261019-0849:I1:C,s20261019-0849,val,1,ACT,0,U1,0.923866,0.967265,0.717218,0.893623
s20261019-0850:I0:C,s20261019-0850,val,0,,,,0.115496,0.210711,0.469412,0.024336
s20261019-0850:I1:C,s20261019-0850,val,1,REFRAIN,3,U1,0.917881,0.040717,0.373149,0.037373
s20261019-0851:I0:C,s20261019-0851,train,0,,,,0.078790,1.000000,0.714625,0.078790
s20261019-0851:I1:C,s20261019-0851,train,1,REFRAIN,5,U2,0.924094,0.108344,0.706762,0.100120
s20261019-0852:I0:C,s20261019-0852,train,0,,,,0.061815,1.000000,0.227561,0.061815
s20261019-0852:I1:C,s20261019-0852,train,1,ACT,0,U2,0.924684,0.469804,0.713960,0.434420
s20261019-0853:I0:C,s20261019-0853,train,0,,,,0.102831,1.000000,0.760813,0.102831
s20261019-0853:I1:C,s20261019-0853,train,1,ACT,5,U1,0.906957,0.993721,0.584060,0.901262
s20261019-0854:I0:C,s20261019-0854,train,0,,,,0.078235,1.000000,0.385448,0.078235
s20261019-0854:I1:C,s20261019-0854,train,1,REFRAIN,4,U1,0.926034,0.003771,0.139041,0.003492
s20261019-0855:I0:C,s20261019-0855,val,0,,,,0.104266,1.000000,0.202707,0.104266
s20261019-0855:I1:C,s20261019-0855,val,1,ACT,0,U2,0.908031,0.919163,0.690888,0.834628
s20261019-0856:I0:C,s20261019-0856,train,0,,,,0.088857,1.000000,0.198584,0.088857
s20261019-0856:I1:C,s20261019-0856,train,1,REFRAIN,3,U2,0.919184,0.000011,0.233907,0.000010
s20261019-0857:I0:C,s20261019-0857,test,0,,,,0.094069,1.000000,0.806902,0.094069
s20261019-0857:I1:C,s20261019-0857,test,1,ACT,6,U2,0.925998,0.999999,0.934687,0.925997
s20261019-0858:I0:C,s20261019-0858,train,0,,,,0.073293,1.000000,0.204874,0.073293
s20261019-0858:I1:C,s20261019-0858,train,1,REFRAIN,0,U2,0.924455,0.541789,0.678487,0.500860
s20261019-0859:I0:C,s20261019-0859,test,0,,,,0.079620,1.000000,0.175361,0.079620
s20261019-0859:I1:C,s20261019-0859,test,1,REFRAIN,6,U1,0.904772,0.909987,0.329967,0.823331
s20261019-0860:I0:C,s20261019-0860,test,0,,,,0.101558,1.000000,0.137334,0.101558
s20261019-0860:I1:C,s20261019-0860,test,1,REFRAIN,7,U1,0.933427,0.000007,0.128774,0.000007
s20261019-0861:I0:C,s20261019-0861,val,0,,,,0.105759,1.000000,0.375199,0.105759
s20261019-0861:I1:C,s20261019-0861,val,1,ACT,5,U2,0.898748,0.999942,0.398784,0.898696
s20261019-0862:I0:C,s20261019-0862,val,0,,,,0.090855,1.000000,0.526062,0.090855
s20261019-0862:I1:C,s20261019-0862,val,1,ACT,2,U2,0.942332,0.458827,0.598575,0.432367
s20261019-0863:I0:C,s20261019-0863,train,0,,,,0.073213,1.000000,0.529755,0.073213
s20261019-0863:I1:C,s20261019-0863,train,1,REFRAIN,1,U1,0.914448,0.005539,0.363356,0.005065
s20261019-0864:I0:C,s20261019-0864,train,0,,,,0.093330,1.000000,0.239994,0.093330
s20261019-0864:I1:C,s20261019-0864,train,1,REFRAIN,0,U2,0.930223,0.045137,0.727832,0.041988
s20261019-0865:I0:C,s20261019-0865,train,0,,,,0.069185,1.000000,0.505393,0.069185
s20261019-0865:I1:C,s20261019-0865,train,1,ACT,1,U2,0.911254,0.981513,0.435938,0.894408
s20261019-0866:I0:C,s20261019-0866,val,0,,,,0.086015,1.000000,0.139525,0.086015
s20261019-0866:I1:C,s20261019-0866,val,1,REFRAIN,0,U1,0.912293,0.315124,0.445566,0.287486
s20261019-0867:I0:C,s20261019-0867,train,0,,,,0.082626,1.000000,0.186825,0.082626
s20261019-0867:I1:C,s20261019-0867,train,1,REFRAIN,4,U2,0.888120,0.000000,0.061745,0.000000
s20261019-0868:I0:C,s20261019-0868,train,0,,,,0.110232,1.000000,0.207643,0.110232
s20261019-0868:I1:C,s20261019-0868,train,1,REFRAIN,0,U1,0.912172,0.593291,0.544232,0.541183
s20261019-0869:I0:C,s20261019-0869,train,0,,,,0.083970,1.000000,0.561579,0.083970
s20261019-0869:I1:C,s20261019-0869,train,1,ACT,0,U1,0.916771,0.825823,0.812101,0.757090
s20261019-0870:I0:C,s20261019-0870,test,0,,,,0.077322,1.000000,0.807558,0.077322
s20261019-0870:I1:C,s20261019-0870,test,1,REFRAIN,7,U2,0.883869,0.000000,0.830919,0.000000
s20261019-0871:I0:C,s20261019-0871,test,0,,,,0.094551,1.000000,0.383084,0.094551
s20261019-0871:I1:C,s20261019-0871,test,1,REFRAIN,6,U1,0.935178,0.134807,0.581687,0.126068
s20261019-0872:I0:C,s20261019-0872,train,0,,,,0.096751,1.000000,0.172032,0.096751
s20261019-0872:I1:C,s20261019-0872,train,1,REFRAIN,4,U2,0.878711,0.000000,0.057524,0.000000
s20261019-0873:I0:C,s20261019-0873,val,0,,,,0.122551,1.000000,0.158948,0.122551
s20261019-0873:I1:C,s20261019-0873,val,1,REFRAIN,1,U1,0.918587,0.000000,0.111956,0.000000
s20261019-0874:I0:C,s20261019-0874,train,0,,,,0.099250,1.000000,0.423279,0.099250
s20261019-0874:I1:C,s20261019-0874,train,1,REFRAIN,5,U1,0.921335,0.000490,0.271597,0.000451
s20261019-0875:I0:C,s20261019-0875,test,0,,,,0.065495,1.000000,0.783685,0.065495
s20261019-0875:I1:C,s20261019-0875,test,1,ACT,6,U1,0.910445,0.999997,0.867937,0.910442
s20261019-0876:I0:C,s20261019-0876,test,0,,,,0.079632,1.000000,0.434510,0.079632
s20261019-0876:I1:C,s20261019-0876,test,1,ACT,6,U1,0.925645,0.132240,0.611509,0.122407
s20261019-0877:I0:C,s20261019-0877,train,0,,,,0.076602,1.000000,0.741996,0.076602
s20261019-0877:I1:C,s20261019-0877,train,1,ACT,0,U1,0.913832,0.999997,0.903140,0.913829
s20261019-0878:I0:C,s20261019-0878,train,0,,,,0.099820,1.000000,0.688754,0.099820
s20261019-0878:I1:C,s20261019-0878,train,1,REFRAIN,2,U2,0.920297,0.726355,0.719415,0.668462
s20261019-0879:I0:C,s20261019-0879,train,0,,,,0.082076,1.000000,0.676997,0.082076
s20261019-0879:I1:C,s20261019-0879,train,1,REFRAIN,4,U2,0.929180,0.000000,0.333615,0.000000
s20261019-0880:I0:C,s20261019-0880,train,0,,,,0.081831,1.000000,0.150590,0.081831
s20261019-0880:I1:C,s20261019-0880,train,1,REFRAIN,0,U2,0.911999,0.712900,0.606892,0.650164
s20261019-0881:I0:C,s20261019-0881,val,0,,,,0.087223,1.000000,0.594307,0.087223
s20261019-0881:I1:C,s20261019-0881,val,1,REFRAIN,5,U1,0.901578,0.018503,0.412260,0.016682
s20261019-0882:I0:C,s20261019-0882,val,0,,,,0.093085,1.000000,0.708397,0.093085
s20261019-0882:I1:C,s20261019-0882,val,1,ACT,1,U1,0.914050,0.990697,0.544634,0.905546
s20261019-0883:I0:C,s20261019-0883,test,0,,,,0.114742,1.000000,0.773744,0.114742
s20261019-0883:I1:C,s20261019-0883,test,1,ACT,7,U1,0.916699,0.903186,0.716239,0.827950
s20261019-0884:I0:C,s20261019-0884,train,0,,,,0.143504,0.000097,0.725653,0.000014
s20261019-0884:I1:C,s20261019-0884,train,1,ACT,0,U1,0.910941,0.999874,0.901764,0.910826
s20261019-0885:I0:C,s20261019-0885,test,0,,,,0.071025,1.000000,0.702175,0.071025
s20261019-0885:I1:C,s20261019-0885,test,1,REFRAIN,7,U2,0.840848,0.000000,0.745817,0.000000
s20261019-0886:I0:C,s20261019-0886,test,0,,,,0.076580,1.000000,0.202569,0.076580
s20261019-0886:I1:C,s20261019-0886,test,1,ACT,6,U2,0.923594,0.441563,0.520333,0.407825
s20261019-0887:I0:C,s20261019-0887,train,0,,,,0.060872,0.998866,0.683942,0.060803
s20261019-0887:I1:C,s20261019-0887,train,1,ACT,0,U1,0.908084,0.999945,0.888631,0.908034
s20261019-0888:I0:C,s20261019-0888,test,0,,,,0.086596,1.000000,0.406286,0.086596
s20261019-0888:I1:C,s20261019-0888,test,1,ACT,6,U2,0.929661,1.000000,0.732876,0.929660
s20261019-0889:I0:C,s20261019-0889,train,0,,,,0.086530,1.000000,0.545778,0.086530
s20261019-0889:I1:C,s20261019-0889,train,1,ACT,5,U2,0.919729,1.000000,0.555410,0.919729
s20261019-0890:I0:C,s20261019-0890,train,0,,,,0.087822,1.000000,0.405284,0.087822
s20261019-0890:I1:C,s20261019-0890,train,1,ACT,0,U1,0.928483,0.830926,0.753679,0.771501
s20261019-0891:I0:C,s20261019-0891,test,0,,,,0.082918,1.000000,0.313460,0.082918
s20261019-0891:I1:C,s20261019-0891,test,1,REFRAIN,6,U2,0.912396,0.000012,0.663094,0.000011
s20261019-0892:I0:C,s20261019-0892,test,0,,,,0.085689,1.000000,0.593150,0.085689
s20261019-0892:I1:C,s20261019-0892,test,1,ACT,6,U2,0.926931,0.999999,0.846406,0.926931
s20261019-0893:I0:C,s20261019-0893,test,0,,,,0.069773,1.000000,0.452640,0.069773
s20261019-0893:I1:C,s20261019-0893,test,1,ACT,6,U1,0.931987,0.691369,0.621001,0.644347
s20261019-0894:I0:C,s20261019-0894,train,0,,,,0.070591,1.000000,0.691898,0.070591
s20261019-0894:I1:C,s20261019-0894,train,1,ACT,0,U1,0.899714,0.999630,0.887422,0.899382
s20261019-0895:I0:C,s20261019-0895,train,0,,,,0.078692,1.000000,0.664988,0.078692
s20261019-0895:I1:C,s20261019-0895,train,1,REFRAIN,2,U1,0.928023,0.030245,0.548792,0.028068
s20261019-0896:I0:C,s20261019-0896,test,0,,,,0.090194,1.000000,0.408429,0.090194
s20261019-0896:I1:C,s20261019-0896,test,1,REFRAIN,7,U2,0.922708,0.830425,0.468496,0.766239
s20261019-0897:I0:C,s20261019-0897,train,0,,,,0.089821,1.000000,0.444341,0.089821
s20261019-0897:I1:C,s20261019-0897,train,1,ACT,5,U2,0.897286,1.000000,0.477836,0.897285
s20261019-0898:I0:C,s20261019-0898,test,0,,,,0.075279,1.000000,0.701383,0.075279
s20261019-0898:I1:C,s20261019-0898,test,1,ACT,6,U2,0.924175,0.999949,0.899753,0.924128
s20261019-0899:I0:C,s20261019-0899,train,0,,,,0.084680,1.000000,0.299413,0.084680
s20261019-0899:I1:C,s20261019-0899,train,1,REFRAIN,2,U2,0.904574,0.000011,0.379449,0.000010
s20261019-0900:I0:C,s20261019-0900,train,0,,,,0.074080,1.000000,0.474172,0.074080
s20261019-0900:I1:C,s20261019-0900,train,1,REFRAIN,2,U2,0.907416,0.077079,0.553291,0.069942
s20261019-0901:I0:C,s20261019-0901,train,0,,,,0.064252,1.000000,0.706923,0.064252
s20261019-0901:I1:C,s20261019-0901,train,1,ACT,0,U2,0.925836,0.999996,0.950164,0.925832
s20261019-0902:I0:C,s20261019-0902,train,0,,,,0.082174,1.000000,0.764188,0.082174
s20261019-0902:I1:C,s20261019-0902,train,1,REFRAIN,5,U2,0.921841,0.178215,0.753126,0.164286
s20261019-0903:I0:C,s20261019-0903,val,0,,,,0.091072,1.000000,0.518030,0.091072
s20261019-0903:I1:C,s20261019-0903,val,1,ACT,0,U1,0.940578,0.617125,0.791901,0.580455
s20261019-0904:I0:C,s20261019-0904,train,0,,,,0.070547,1.000000,0.484967,0.070547
s20261019-0904:I1:C,s20261019-0904,train,1,ACT,0,U2,0.918624,0.999993,0.885498,0.918617
s20261019-0905:I0:C,s20261019-0905,train,0,,,,0.092843,1.000000,0.442720,0.092843
s20261019-0905:I1:C,s20261019-0905,train,1,REFRAIN,2,U1,0.921980,0.558652,0.359893,0.515066
s20261019-0906:I0:C,s20261019-0906,train,0,,,,0.073115,1.000000,0.414347,0.073115
s20261019-0906:I1:C,s20261019-0906,train,1,ACT,0,U2,0.916261,1.000000,0.848114,0.916261
s20261019-0907:I0:C,s20261019-0907,train,0,,,,0.088406,0.999948,0.424218,0.088402
s20261019-0907:I1:C,s20261019-0907,train,1,REFRAIN,5,U1,0.895438,0.014028,0.279849,0.012562
s20261019-0908:I0:C,s20261019-0908,val,0,,,,0.067609,1.000000,0.153483,0.067609
s20261019-0908:I1:C,s20261019-0908,val,1,REFRAIN,5,U1,0.923675,0.000091,0.099612,0.000084
s20261019-0909:I0:C,s20261019-0909,train,0,,,,0.083226,1.000000,0.165896,0.083226
s20261019-0909:I1:C,s20261019-0909,train,1,REFRAIN,5,U2,0.920392,0.000000,0.196445,0.000000
s20261019-0910:I0:C,s20261019-0910,val,0,,,,0.086082,1.000000,0.479168,0.086082
s20261019-0910:I1:C,s20261019-0910,val,1,REFRAIN,1,U1,0.903354,0.000171,0.328304,0.000155
s20261019-0911:I0:C,s20261019-0911,test,0,,,,0.076853,1.000000,0.720456,0.076853
s20261019-0911:I1:C,s20261019-0911,test,1,ACT,6,U2,0.929173,0.999995,0.905342,0.929168
s20261019-0912:I0:C,s20261019-0912,train,0,,,,0.089022,1.000000,0.418805,0.089022
s20261019-0912:I1:C,s20261019-0912,train,1,REFRAIN,1,U1,0.929289,0.000270,0.296389,0.000251
s20261019-0913:I0:C,s20261019-0913,val,0,,,,0.093796,1.000000,0.510984,0.093796
s20261019-0913:I1:C,s20261019-0913,val,1,ACT,0,U2,0.933714,0.999989,0.893012,0.933704
s20261019-0914:I0:C,s20261019-0914,test,0,,,,0.112922,1.000000,0.498855,0.112922
s20261019-0914:I1:C,s20261019-0914,test,1,ACT,6,U1,0.937834,0.618946,0.645303,0.580469
s20261019-0915:I0:C,s20261019-0915,test,0,,,,0.075427,1.000000,0.258425,0.075427
s20261019-0915:I1:C,s20261019-0915,test,1,REFRAIN,6,U1,0.919165,0.418049,0.429338,0.384255
s20261019-0916:I0:C,s20261019-0916,val,0,,,,0.078008,1.000000,0.655899,0.078008
s20261019-0916:I1:C,s20261019-0916,val,1,REFRAIN,4,U2,0.872096,0.029641,0.314966,0.025850
s20261019-0917:I0:C,s20261019-0917,train,0,,,,0.075472,1.000000,0.704592,0.075472
s20261019-0917:I1:C,s20261019-0917,train,1,REFRAIN,3,U2,0.934084,0.000000,0.708191,0.000000
s20261019-0918:I0:C,s20261019-0918,test,0,,,,0.077939,1.000000,0.164010,0.077939
s20261019-0918:I1:C,s20261019-0918,test,1,REFRAIN,7,U2,0.876375,0.000105,0.206178,0.000092
s20261019-0919:I0:C,s20261019-0919,train,0,,,,0.090481,1.000000,0.228688,0.090481
s20261019-0919:I1:C,s20261019-0919,train,1,REFRAIN,5,U1,0.920122,0.058443,0.148102,0.053775
s20261019-0920:I0:C,s20261019-0920,test,0,,,,0.085317,1.000000,0.383445,0.085317
s20261019-0920:I1:C,s20261019-0920,test,1,ACT,6,U2,0.912580,0.999997,0.718301,0.912578
s20261019-0921:I0:C,s20261019-0921,val,0,,,,0.094364,0.999661,0.494374,0.094332
s20261019-0921:I1:C,s20261019-0921,val,1,REFRAIN,1,U1,0.952273,0.000002,0.349083,0.000002
s20261019-0922:I0:C,s20261019-0922,test,0,,,,0.080039,1.000000,0.502095,0.080039
s20261019-0922:I1:C,s20261019-0922,test,1,ACT,7,U2,0.857693,0.752310,0.572273,0.645251
s20261019-0923:I0:C,s20261019-0923,train,0,,,,0.092679,1.000000,0.752635,0.092679
s20261019-0923:I1:C,s20261019-0923,train,1,ACT,5,U1,0.921630,0.985549,0.591435,0.908312
s20261019-0924:I0:C,s20261019-0924,train,0,,,,0.087340,1.000000,0.833612,0.087340
s20261019-0924:I1:C,s20261019-0924,train,1,ACT,1,U1,0.908735,0.995057,0.690165,0.904243
s20261019-0925:I0:C,s20261019-0925,train,0,,,,0.094607,1.000000,0.417214,0.094607
s20261019-0925:I1:C,s20261019-0925,train,1,REFRAIN,0,U1,0.918421,0.504638,0.727952,0.463470
s20261019-0926:I0:C,s20261019-0926,train,0,,,,0.091288,1.000000,0.564756,0.091288
s20261019-0926:I1:C,s20261019-0926,train,1,ACT,0,U2,0.924358,0.997888,0.905874,0.922406
s20261019-0927:I0:C,s20261019-0927,train,0,,,,0.090601,1.000000,0.565194,0.090601
s20261019-0927:I1:C,s20261019-0927,train,1,ACT,2,U2,0.937161,0.927640,0.623620,0.869348
s20261019-0928:I0:C,s20261019-0928,train,0,,,,0.053188,1.000000,0.726202,0.053188
s20261019-0928:I1:C,s20261019-0928,train,1,ACT,0,U2,0.922111,0.999970,0.952552,0.922084
s20261019-0929:I0:C,s20261019-0929,test,0,,,,0.074497,1.000000,0.504930,0.074497
s20261019-0929:I1:C,s20261019-0929,test,1,REFRAIN,7,U1,0.909429,0.016525,0.438415,0.015028
s20261019-0930:I0:C,s20261019-0930,train,0,,,,0.080510,1.000000,0.382721,0.080510
s20261019-0930:I1:C,s20261019-0930,train,1,ACT,0,U2,0.914203,1.000000,0.853496,0.914203
s20261019-0931:I0:C,s20261019-0931,test,0,,,,0.073451,1.000000,0.439670,0.073451
s20261019-0931:I1:C,s20261019-0931,test,1,ACT,6,U1,0.931880,0.237477,0.608663,0.221300
s20261019-0932:I0:C,s20261019-0932,train,0,,,,0.101742,1.000000,0.685145,0.101742
s20261019-0932:I1:C,s20261019-0932,train,1,ACT,4,U1,0.920111,0.730530,0.321458,0.672169
s20261019-0933:I0:C,s20261019-0933,train,0,,,,0.100732,1.000000,0.235040,0.100732
s20261019-0933:I1:C,s20261019-0933,train,1,ACT,0,U2,0.908623,0.688820,0.749698,0.625878
s20261019-0934:I0:C,s20261019-0934,train,0,,,,0.083508,1.000000,0.489141,0.083508
s20261019-0934:I1:C,s20261019-0934,train,1,REFRAIN,1,U2,0.933646,0.000000,0.436861,0.000000
s20261019-0935:I0:C,s20261019-0935,train,0,,,,0.079839,1.000000,0.474195,0.079839
s20261019-0935:I1:C,s20261019-0935,train,1,ACT,2,U2,0.916274,0.911576,0.552354,0.835254
s20261019-0936:I0:C,s20261019-0936,train,0,,,,0.117330,0.999521,0.410284,0.117274
s20261019-0936:I1:C,s20261019-0936,train,1,REFRAIN,3,U1,0.918991,0.006426,0.320851,0.005906
s20261019-0937:I0:C,s20261019-0937,train,0,,,,0.096158,1.000000,0.608991,0.096158
s20261019-0937:I1:C,s20261019-0937,train,1,ACT,5,U2,0.920553,1.000000,0.612853,0.920553
s20261019-0938:I0:C,s20261019-0938,val,0,,,,0.080223,1.000000,0.171795,0.080223
s20261019-0938:I1:C,s20261019-0938,val,1,REFRAIN,3,U1,0.907099,0.002046,0.135524,0.001856
s20261019-0939:I0:C,s20261019-0939,test,0,,,,0.071575,1.000000,0.761541,0.071575
s20261019-0939:I1:C,s20261019-0939,test,1,REFRAIN,7,U2,0.885018,0.000000,0.797906,0.000000
s20261019-0940:I0:C,s20261019-0940,test,0,,,,0.069024,1.000000,0.186017,0.069024
s20261019-0940:I1:C,s20261019-0940,test,1,ACT,6,U2,0.914226,0.004048,0.496483,0.003700
s20261019-0941:I0:C,s20261019-0941,train,0,,,,0.074979,1.000000,0.707889,0.074979
s20261019-0941:I1:C,s20261019-0941,train,1,REFRAIN,4,U2,0.931297,0.000000,0.367515,0.000000
s20261019-0942:I0:C,s20261019-0942,train,0,,,,0.100196,1.000000,0.555486,0.100196
s20261019-0942:I1:C,s20261019-0942,train,1,ACT,0,U2,0.914254,0.999998,0.903436,0.914252
s20261019-0943:I0:C,s20261019-0943,test,0,,,,0.093652,1.000000,0.175780,0.093652
s20261019-0943:I1:C,s20261019-0943,test,1,REFRAIN,7,U1,0.932159,0.000166,0.159564,0.000155
s20261019-0944:I0:C,s20261019-0944,train,0,,,,0.070571,1.000000,0.220025,0.070571
s20261019-0944:I1:C,s20261019-0944,train,1,REFRAIN,5,U2,0.923835,0.000000,0.258821,0.000000
s20261019-0945:I0:C,s20261019-0945,train,0,,,,0.084490,1.000000,0.774849,0.084490
s20261019-0945:I1:C,s20261019-0945,train,1,REFRAIN,4,U2,0.943996,0.000000,0.409711,0.000000
s20261019-0946:I0:C,s20261019-0946,train,0,,,,0.092455,1.000000,0.612835,0.092455
s20261019-0946:I1:C,s20261019-0946,train,1,REFRAIN,4,U1,0.918916,0.002440,0.267407,0.002242
s20261019-0947:I0:C,s20261019-0947,train,0,,,,0.073666,1.000000,0.224346,0.073666
s20261019-0947:I1:C,s20261019-0947,train,1,REFRAIN,5,U1,0.921469,0.010881,0.143968,0.010027
s20261019-0948:I0:C,s20261019-0948,train,0,,,,0.088248,1.000000,0.435698,0.088248
s20261019-0948:I1:C,s20261019-0948,train,1,REFRAIN,1,U2,0.919670,0.740692,0.376133,0.681192
s20261019-0949:I0:C,s20261019-0949,train,0,,,,0.083781,1.000000,0.198657,0.083781
s20261019-0949:I1:C,s20261019-0949,train,1,REFRAIN,5,U1,0.920164,0.002951,0.127462,0.002715
s20261019-0950:I0:C,s20261019-0950,val,0,,,,0.087232,0.671664,0.704874,0.058590
s20261019-0950:I1:C,s20261019-0950,val,1,ACT,2,U1,0.911096,0.999800,0.606414,0.910914
s20261019-0951:I0:C,s20261019-0951,train,0,,,,0.067535,1.000000,0.705443,0.067535
s20261019-0951:I1:C,s20261019-0951,train,1,REFRAIN,3,U2,0.921031,0.005787,0.698405,0.005330
s20261019-0952:I0:C,s20261019-0952,train,0,,,,0.085679,1.000000,0.161845,0.085679
s20261019-0952:I1:C,s20261019-0952,train,1,ACT,0,U2,0.923848,0.935550,0.661846,0.864306
s20261019-0953:I0:C,s20261019-0953,train,0,,,,0.127075,0.031371,0.691294,0.003986
s20261019-0953:I1:C,s20261019-0953,train,1,ACT,3,U1,0.911905,0.991864,0.577036,0.904486
s20261019-0954:I0:C,s20261019-0954,test,0,,,,0.087661,1.000000,0.129176,0.087661
s20261019-0954:I1:C,s20261019-0954,test,1,REFRAIN,6,U2,0.926365,0.207593,0.407603,0.192307
s20261019-0955:I0:C,s20261019-0955,train,0,,,,0.089404,1.000000,0.663900,0.089404
s20261019-0955:I1:C,s20261019-0955,train,1,ACT,1,U2,0.925667,0.999824,0.601907,0.925504
s20261019-0956:I0:C,s20261019-0956,train,0,,,,0.084352,1.000000,0.163816,0.084352
s20261019-0956:I1:C,s20261019-0956,train,1,REFRAIN,5,U1,0.919247,0.003360,0.105622,0.003088
s20261019-0957:I0:C,s20261019-0957,train,0,,,,0.100630,1.000000,0.185968,0.100630
s20261019-0957:I1:C,s20261019-0957,train,1,REFRAIN,2,U2,0.887493,0.000046,0.260323,0.000041
s20261019-0958:I0:C,s20261019-0958,test,0,,,,0.082896,1.000000,0.720189,0.082896
s20261019-0958:I1:C,s20261019-0958,test,1,ACT,6,U2,0.930193,0.999956,0.907251,0.930153
s20261019-0959:I0:C,s20261019-0959,train,0,,,,0.078656,1.000000,0.593809,0.078656
s20261019-0959:I1:C,s20261019-0959,train,1,ACT,5,U2,0.887288,1.000000,0.598949,0.887288
s20261019-0960:I0:C,s20261019-0960,train,0,,,,0.089946,1.000000,0.676674,0.089946
s20261019-0960:I1:C,s20261019-0960,train,1,REFRAIN,1,U2,0.793995,0.000000,0.590987,0.000000
s20261019-0961:I0:C,s20261019-0961,train,0,,,,0.088959,1.000000,0.391393,0.088959
s20261019-0961:I1:C,s20261019-0961,train,1,REFRAIN,1,U1,0.925576,0.000403,0.258337,0.000373
s20261019-0962:I0:C,s20261019-0962,train,0,,,,0.106161,1.000000,0.499410,0.106161
s20261019-0962:I1:C,s20261019-0962,train,1,REFRAIN,3,U2,0.925681,0.277865,0.517103,0.257215
s20261019-0963:I0:C,s20261019-0963,val,0,,,,0.077958,0.271287,0.811540,0.021149
s20261019-0963:I1:C,s20261019-0963,val,1,ACT,5,U1,0.899806,0.995391,0.649351,0.895658
s20261019-0964:I0:C,s20261019-0964,val,0,,,,0.080575,1.000000,0.527474,0.080575
s20261019-0964:I1:C,s20261019-0964,val,1,ACT,3,U2,0.940818,0.999985,0.542836,0.940803
s20261019-0965:I0:C,s20261019-0965,train,0,,,,0.069184,1.000000,0.206702,0.069184
s20261019-0965:I1:C,s20261019-0965,train,1,REFRAIN,0,U2,0.906504,0.679366,0.682744,0.615848
s20261019-0966:I0:C,s20261019-0966,test,0,,,,0.072152,1.000000,0.179435,0.072152
s20261019-0966:I1:C,s20261019-0966,test,1,REFRAIN,7,U2,0.908061,0.000000,0.226164,0.000000
s20261019-0967:I0:C,s20261019-0967,train,0,,,,0.095908,1.000000,0.660308,0.095908
s20261019-0967:I1:C,s20261019-0967,train,1,ACT,0,U2,0.931692,0.996263,0.939300,0.928210
s20261019-0968:I0:C,s20261019-0968,val,0,,,,0.076042,1.000000,0.164938,0.076042
s20261019-0968:I1:C,s20261019-0968,val,1,REFRAIN,1,U1,0.919763,0.000003,0.108250,0.000003
s20261019-0969:I0:C,s20261019-0969,train,0,,,,0.105717,1.000000,0.189250,0.105717
s20261019-0969:I1:C,s20261019-0969,train,1,REFRAIN,5,U1,0.922154,0.000004,0.123320,0.000004
s20261019-0970:I0:C,s20261019-0970,train,0,,,,0.060410,1.000000,0.440320,0.060410
s20261019-0970:I1:C,s20261019-0970,train,1,REFRAIN,1,U1,0.933757,0.000017,0.286884,0.000016
s20261019-0971:I0:C,s20261019-0971,train,0,,,,0.095050,1.000000,0.776687,0.095050
s20261019-0971:I1:C,s20261019-0971,train,1,REFRAIN,5,U2,0.922075,0.762227,0.765749,0.702830
s20261019-0972:I0:C,s20261019-0972,train,0,,,,0.053067,1.000000,0.762497,0.053067
s20261019-0972:I1:C,s20261019-0972,train,1,ACT,0,U1,0.909694,0.999995,0.915009,0.909689
s20261019-0973:I0:C,s20261019-0973,test,0,,,,0.075670,1.000000,0.513152,0.075670
s20261019-0973:I1:C,s20261019-0973,test,1,ACT,6,U1,0.923680,0.877710,0.658767,0.810723
s20261019-0974:I0:C,s20261019-0974,train,0,,,,0.073682,1.000000,0.575635,0.073682
s20261019-0974:I1:C,s20261019-0974,train,1,ACT,2,U2,0.915155,0.997449,0.632421,0.912820
s20261019-0975:I0:C,s20261019-0975,train,0,,,,0.066329,1.000000,0.515399,0.066329
s20261019-0975:I1:C,s20261019-0975,train,1,REFRAIN,3,U1,0.900007,0.013738,0.395962,0.012364
s20261019-0976:I0:C,s20261019-0976,train,0,,,,0.072557,1.000000,0.596360,0.072557
s20261019-0976:I1:C,s20261019-0976,train,1,ACT,2,U2,0.903997,0.999888,0.649813,0.903896
s20261019-0977:I0:C,s20261019-0977,test,0,,,,0.088994,1.000000,0.491087,0.088994
s20261019-0977:I1:C,s20261019-0977,test,1,REFRAIN,7,U1,0.908282,0.037783,0.442566,0.034318
s20261019-0978:I0:C,s20261019-0978,train,0,,,,0.095325,0.231965,0.690734,0.022112
s20261019-0978:I1:C,s20261019-0978,train,1,ACT,1,U1,0.919697,0.963088,0.515855,0.885750
s20261019-0979:I0:C,s20261019-0979,val,0,,,,0.077572,1.000000,0.538348,0.077572
s20261019-0979:I1:C,s20261019-0979,val,1,REFRAIN,1,U1,0.939277,0.000000,0.372593,0.000000
s20261019-0980:I0:C,s20261019-0980,train,0,,,,0.094843,1.000000,0.476806,0.094843
s20261019-0980:I1:C,s20261019-0980,train,1,REFRAIN,2,U2,0.946221,0.604629,0.554313,0.572113
s20261019-0981:I0:C,s20261019-0981,test,0,,,,0.120608,1.000000,0.234524,0.120608
s20261019-0981:I1:C,s20261019-0981,test,1,REFRAIN,7,U1,0.928273,0.000013,0.210588,0.000012
s20261019-0982:I0:C,s20261019-0982,train,0,,,,0.074757,1.000000,0.721716,0.074757
s20261019-0982:I1:C,s20261019-0982,train,1,ACT,3,U1,0.915688,0.997686,0.599032,0.913570
s20261019-0983:I0:C,s20261019-0983,train,0,,,,0.085451,1.000000,0.224725,0.085451
s20261019-0983:I1:C,s20261019-0983,train,1,REFRAIN,5,U2,0.919577,0.000000,0.255575,0.000000
s20261019-0984:I0:C,s20261019-0984,train,0,,,,0.072877,1.000000,0.202939,0.072877
s20261019-0984:I1:C,s20261019-0984,train,1,REFRAIN,4,U1,0.888949,0.000872,0.070061,0.000775
s20261019-0985:I0:C,s20261019-0985,train,0,,,,0.086130,1.000000,0.745460,0.086130
s20261019-0985:I1:C,s20261019-0985,train,1,ACT,5,U2,0.930791,0.628097,0.748951,0.584627
s20261019-0986:I0:C,s20261019-0986,train,0,,,,0.096985,1.000000,0.569765,0.096985
s20261019-0986:I1:C,s20261019-0986,train,1,REFRAIN,2,U1,0.920657,0.374900,0.469309,0.345154
s20261019-0987:I0:C,s20261019-0987,train,0,,,,0.095651,0.999820,0.369749,0.095634
s20261019-0987:I1:C,s20261019-0987,train,1,REFRAIN,3,U1,0.903490,0.170272,0.296560,0.153839
s20261019-0988:I0:C,s20261019-0988,train,0,,,,0.085316,1.000000,0.595563,0.085316
s20261019-0988:I1:C,s20261019-0988,train,1,ACT,5,U2,0.907374,1.000000,0.614771,0.907374
s20261019-0989:I0:C,s20261019-0989,train,0,,,,0.086272,1.000000,0.185436,0.086272
s20261019-0989:I1:C,s20261019-0989,train,1,ACT,0,U2,0.919210,0.774185,0.679412,0.711638
s20261019-0990:I0:C,s20261019-0990,train,0,,,,0.075079,1.000000,0.472201,0.075079
s20261019-0990:I1:C,s20261019-0990,train,1,REFRAIN,2,U2,0.912408,0.781030,0.544055,0.712618
s20261019-0991:I0:C,s20261019-0991,train,0,,,,0.088566,1.000000,0.520376,0.088566
s20261019-0991:I1:C,s20261019-0991,train,1,ACT,0,U2,0.863472,1.000000,0.897065,0.863472
s20261019-0992:I0:C,s20261019-0992,train,0,,,,0.085390,1.000000,0.622852,0.085390
s20261019-0992:I1:C,s20261019-0992,train,1,REFRAIN,4,U2,0.912329,0.000000,0.272962,0.000000
s20261019-0993:I0:C,s20261019-0993,train,0,,,,0.117113,1.000000,0.216087,0.117113
s20261019-0993:I1:C,s20261019-0993,train,1,REFRAIN,4,U1,0.910256,0.041669,0.075752,0.037929
s20261019-0994:I0:C,s20261019-0994,test,0,,,,0.075396,1.000000,0.754936,0.075396
s20261019-0994:I1:C,s20261019-0994,test,1,ACT,7,U1,0.921546,0.985867,0.692182,0.908522
s20261019-0995:I0:C,s20261019-0995,train,0,,,,0.086561,1.000000,0.411176,0.086561
s20261019-0995:I1:C,s20261019-0995,train,1,REFRAIN,1,U2,0.924376,0.284047,0.371408,0.262566
s20261019-0996:I0:C,s20261019-0996,train,0,,,,0.085759,1.000000,0.760324,0.085759
s20261019-0996:I1:C,s20261019-0996,train,1,REFRAIN,4,U2,0.892971,0.000000,0.386366,0.000000
s20261019-0997:I0:C,s20261019-0997,train,0,,,,0.100654,1.000000,0.341618,0.100654
s20261019-0997:I1:C,s20261019-0997,train,1,REFRAIN,5,U1,0.906841,0.002191,0.216656,0.001987
s20261019-0998:I0:C,s20261019-0998,train,0,,,,0.070680,1.000000,0.406329,0.070680
s20261019-0998:I1:C,s20261019-0998,train,1,ACT,1,U2,0.916264,0.980600,0.367827,0.898489
s20261019-0999:I0:C,s20261019-0999,train,0,,,,0.065315,1.000000,0.361919,0.065315
s20261019-0999:I1:C,s20261019-0999,train,1,REFRAIN,4,U1,0.905505,0.005319,0.137615,0.004817
s20261019-1000:I0:C,s20261019-1000,train,0,,,,0.080181,1.000000,0.382169,0.080181
s20261019-1000:I1:C,s20261019-1000,train,1,REFRAIN,1,U1,0.934055,0.000038,0.258297,0.000036
s20261019-1001:I0:C,s20261019-1001,test,0,,,,0.042120,1.000000,0.485222,0.042120
s20261019-1001:I1:C,s20261019-1001,test,1,ACT,6,U1,0.884420,0.617184,0.640641,0.545850
s20261019-1002:I0:C,s20261019-1002,train,0,,,,0.083714,1.000000,0.450104,0.083714
s20261019-1002:I1:C,s20261019-1002,train,1,REFRAIN,5,U1,0.925899,0.000112,0.300535,0.000103
s20261019-1003:I0:C,s20261019-1003,train,0,,,,0.071222,1.000000,0.743027,0.071222
s20261019-1003:I1:C,s20261019-1003,train,1,ACT,2,U2,0.907738,0.894833,0.770894,0.812274
s20261019-1004:I0:C,s20261019-1004,test,0,,,,0.099974,1.000000,0.134392,0.099974
s20261019-1004:I1:C,s20261019-1004,test,1,ACT,6,U1,0.917774,0.571852,0.269435,0.524831
s20261019-1005:I0:C,s20261019-1005,test,0,,,,0.099776,1.000000,0.391107,0.099776
s20261019-1005:I1:C,s20261019-1005,test,1,REFRAIN,7,U1,0.926615,0.005764,0.352460,0.005341
s20261019-1006:I0:C,s20261019-1006,train,0,,,,0.079436,1.000000,0.799566,0.079436
s20261019-1006:I1:C,s20261019-1006,train,1,ACT,2,U2,0.911430,0.792694,0.817429,0.722485
s20261019-1007:I0:C,s20261019-1007,test,0,,,,0.078793,1.000000,0.507303,0.078793
s20261019-1007:I1:C,s20261019-1007,test,1,ACT,6,U2,0.926594,0.999984,0.805857,0.926580
s20261019-1008:I0:C,s20261019-1008,test,0,,,,0.086826,1.000000,0.250310,0.086826
s20261019-1008:I1:C,s20261019-1008,test,1,REFRAIN,6,U1,0.912646,0.905258,0.425609,0.826180
s20261019-1009:I0:C,s20261019-1009,train,0,,,,0.088434,0.015401,0.757352,0.001362
s20261019-1009:I1:C,s20261019-1009,train,1,ACT,5,U1,0.923284,0.997975,0.587245,0.921415
s20261019-1010:I0:C,s20261019-1010,train,0,,,,0.076465,1.000000,0.159336,0.076465
s20261019-1010:I1:C,s20261019-1010,train,1,REFRAIN,1,U1,0.912472,0.000000,0.111051,0.000000
s20261019-1011:I0:C,s20261019-1011,val,0,,,,0.068083,1.000000,0.561124,0.068083
s20261019-1011:I1:C,s20261019-1011,val,1,REFRAIN,1,U1,0.911147,0.001310,0.389429,0.001193
s20261019-1012:I0:C,s20261019-1012,test,0,,,,0.087646,1.000000,0.540427,0.087646
s20261019-1012:I1:C,s20261019-1012,test,1,REFRAIN,7,U1,0.912677,0.000342,0.482606,0.000312
s20261019-1013:I0:C,s20261019-1013,train,0,,,,0.073599,1.000000,0.740658,0.073599
s20261019-1013:I1:C,s20261019-1013,train,1,REFRAIN,4,U1,0.919452,0.927417,0.374963,0.852715
s20261019-1014:I0:C,s20261019-1014,train,0,,,,0.081496,1.000000,0.496785,0.081496
s20261019-1014:I1:C,s20261019-1014,train,1,REFRAIN,4,U2,0.897186,0.000000,0.191941,0.000000
s20261019-1015:I0:C,s20261019-1015,train,0,,,,0.089193,1.000000,0.750543,0.089193
s20261019-1015:I1:C,s20261019-1015,train,1,REFRAIN,4,U2,0.946020,0.000000,0.384357,0.000000
s20261019-1016:I0:C,s20261019-1016,train,0,,,,0.072756,1.000000,0.526776,0.072756
s20261019-1016:I1:C,s20261019-1016,train,1,ACT,0,U2,0.912273,0.999184,0.903659,0.911528
s20261019-1017:I0:C,s20261019-1017,train,0,,,,0.070915,1.000000,0.177308,0.070915
s20261019-1017:I1:C,s20261019-1017,train,1,REFRAIN,4,U1,0.910997,0.000812,0.060424,0.000740
s20261019-1018:I0:C,s20261019-1018,train,0,,,,0.085752,1.000000,0.351190,0.085752
s20261019-1018:I1:C,s20261019-1018,train,1,REFRAIN,1,U2,0.914591,0.000000,0.305280,0.000000
s20261019-1019:I0:C,s20261019-1019,train,0,,,,0.061692,1.000000,0.465367,0.061692
s20261019-1019:I1:C,s20261019-1019,train,1,ACT,2,U2,0.917362,0.970213,0.546723,0.890036
s20261019-1020:I0:C,s20261019-1020,val,0,,,,0.080976,1.000000,0.520779,0.080976
s20261019-1020:I1:C,s20261019-1020,val,1,REFRAIN,4,U2,0.821003,0.010446,0.221200,0.008576
s20261019-1021:I0:C,s20261019-1021,train,0,,,,0.082708,1.000000,0.168514,0.082708
s20261019-1021:I1:C,s20261019-1021,train,1,REFRAIN,2,U1,0.924565,0.050492,0.160272,0.046683
s20261019-1022:I0:C,s20261019-1022,train,0,,,,0.081945,1.000000,0.454916,0.081945
s20261019-1022:I1:C,s20261019-1022,train,1,REFRAIN,4,U1,0.939246,0.034486,0.174055,0.032391
s20261019-1023:I0:C,s20261019-1023,train,0,,,,0.084225,1.000000,0.540228,0.084225
s20261019-1023:I1:C,s20261019-1023,train,1,REFRAIN,1,U1,0.899818,0.000263,0.366742,0.000236
s20261019-1024:I0:C,s20261019-1024,train,0,,,,0.082037,1.000000,0.458497,0.082037
s20261019-1024:I1:C,s20261019-1024,train,1,REFRAIN,4,U2,0.920337,0.000000,0.169368,0.000000
s20261019-1025:I0:C,s20261019-1025,train,0,,,,0.074273,1.000000,0.521629,0.074273
s20261019-1025:I1:C,s20261019-1025,train,1,REFRAIN,1,U2,0.852175,0.116270,0.451414,0.099082
s20261019-1026:I0:C,s20261019-1026,test,0,,,,0.095682,1.000000,0.421536,0.095682
s20261019-1026:I1:C,s20261019-1026,test,1,ACT,6,U2,0.923005,0.999959,0.755787,0.922967
s20261019-1027:I0:C,s20261019-1027,train,0,,,,0.085363,1.000000,0.488563,0.085363
s20261019-1027:I1:C,s20261019-1027,train,1,REFRAIN,5,U1,0.920796,0.114790,0.322951,0.105699
s20261019-1028:I0:C,s20261019-1028,train,0,,,,0.191170,0.999999,0.671998,0.191170
s20261019-1028:I1:C,s20261019-1028,train,1,ACT,0,U1,0.897617,0.929970,0.873330,0.834757
s20261019-1029:I0:C,s20261019-1029,test,0,,,,0.089636,1.000000,0.152129,0.089636
s20261019-1029:I1:C,s20261019-1029,test,1,REFRAIN,7,U1,0.925206,0.000006,0.145028,0.000006
s20261019-1030:I0:C,s20261019-1030,train,0,,,,0.086680,1.000000,0.414570,0.086680
s20261019-1030:I1:C,s20261019-1030,train,1,ACT,0,U2,0.914179,1.000000,0.867608,0.914179
s20261019-1031:I0:C,s20261019-1031,train,0,,,,0.097560,1.000000,0.500548,0.097560
s20261019-1031:I1:C,s20261019-1031,train,1,REFRAIN,4,U2,0.861234,0.000000,0.199404,0.000000
s20261019-1032:I0:C,s20261019-1032,train,0,,,,0.086446,1.000000,0.510160,0.086446
s20261019-1032:I1:C,s20261019-1032,train,1,ACT,5,U2,0.908371,0.976807,0.522202,0.887303
s20261019-1033:I0:C,s20261019-1033,train,0,,,,0.088112,1.000000,0.447423,0.088112
s20261019-1033:I1:C,s20261019-1033,train,1,REFRAIN,1,U2,0.860748,0.031682,0.402553,0.027271
s20261019-1034:I0:C,s20261019-1034,train,0,,,,0.075640,1.000000,0.434920,0.075640
s20261019-1034:I1:C,s20261019-1034,train,1,ACT,5,U2,0.922817,1.000000,0.453854,0.922817
s20261019-1035:I0:C,s20261019-1035,train,0,,,,0.084133,1.000000,0.531205,0.084133
s20261019-1035:I1:C,s20261019-1035,train,1,ACT,5,U2,0.913076,1.000000,0.541664,0.913076
s20261019-1036:I0:C,s20261019-1036,test,0,,,,0.125183,1.000000,0.501145,0.125183
s20261019-1036:I1:C,s20261019-1036,test,1,ACT,6,U1,0.945438,0.589438,0.660239,0.557277
s20261019-1037:I0:C,s20261019-1037,train,0,,,,0.090546,1.000000,0.482288,0.090546
s20261019-1037:I1:C,s20261019-1037,train,1,REFRAIN,2,U1,0.912194,0.003449,0.391516,0.003146
s20261019-1038:I0:C,s20261019-1038,test,0,,,,0.075308,1.000000,0.743065,0.075308
s20261019-1038:I1:C,s20261019-1038,test,1,ACT,6,U2,0.924843,0.999998,0.911253,0.924841
s20261019-1039:I0:C,s20261019-1039,test,0,,,,0.104038,1.000000,0.687768,0.104038
s20261019-1039:I1:C,s20261019-1039,test,1,ACT,7,U1,0.929903,0.992396,0.647851,0.922832
s20261019-1040:I0:C,s20261019-1040,train,0,,,,0.063783,1.000000,0.160994,0.063783
s20261019-1040:I1:C,s20261019-1040,train,1,REFRAIN,3,U1,0.909648,0.001078,0.126960,0.000981
s20261019-1041:I0:C,s20261019-1041,train,0,,,,0.069553,1.000000,0.154702,0.069553
s20261019-1041:I1:C,s20261019-1041,train,1,REFRAIN,2,U1,0.921133,0.156183,0.139938,0.143865
s20261019-1042:I0:C,s20261019-1042,train,0,,,,0.082305,1.000000,0.400851,0.082305
s20261019-1042:I1:C,s20261019-1042,train,1,REFRAIN,4,U1,0.919480,0.004499,0.146070,0.004137
s20261019-1043:I0:C,s20261019-1043,train,0,,,,0.078097,1.000000,0.374559,0.078097
s20261019-1043:I1:C,s20261019-1043,train,1,REFRAIN,4,U2,0.938469,0.000000,0.129703,0.000000
s20261019-1044:I0:C,s20261019-1044,train,0,,,,0.066786,1.000000,0.358121,0.066786
s20261019-1044:I1:C,s20261019-1044,train,1,REFRAIN,4,U2,0.945443,0.000000,0.130739,0.000000
s20261019-1045:I0:C,s20261019-1045,train,0,,,,0.094312,1.000000,0.169881,0.094312
s20261019-1045:I1:C,s20261019-1045,train,1,REFRAIN,2,U2,0.883101,0.000022,0.244668,0.000019
s20261019-1046:I0:C,s20261019-1046,test,0,,,,0.058481,1.000000,0.312433,0.058481
s20261019-1046:I1:C,s20261019-1046,test,1,REFRAIN,6,U1,0.915262,0.272115,0.485168,0.249056
s20261019-1047:I0:C,s20261019-1047,train,0,,,,0.081574,1.000000,0.583745,0.081574
s20261019-1047:I1:C,s20261019-1047,train,1,REFRAIN,2,U1,0.914632,0.005120,0.469733,0.004683
s20261019-1048:I0:C,s20261019-1048,val,0,,,,0.108199,1.000000,0.599448,0.108199
s20261019-1048:I1:C,s20261019-1048,val,1,REFRAIN,4,U1,0.921095,0.013276,0.256068,0.012229
s20261019-1049:I0:C,s20261019-1049,train,0,,,,0.089174,1.000000,0.416828,0.089174
s20261019-1049:I1:C,s20261019-1049,train,1,REFRAIN,2,U1,0.911674,0.001132,0.338729,0.001032
s20261019-1050:I0:C,s20261019-1050,train,0,,,,0.082039,1.000000,0.425525,0.082039
s20261019-1050:I1:C,s20261019-1050,train,1,ACT,3,U2,0.904403,0.743519,0.444308,0.672440
s20261019-1051:I0:C,s20261019-1051,train,0,,,,0.111257,1.000000,0.529167,0.111257
s20261019-1051:I1:C,s20261019-1051,train,1,REFRAIN,3,U1,0.919444,0.005517,0.410737,0.005073
s20261019-1052:I0:C,s20261019-1052,train,0,,,,0.095052,1.000000,0.800491,0.095052
s20261019-1052:I1:C,s20261019-1052,train,1,REFRAIN,5,U2,0.917272,0.177873,0.786425,0.163158
s20261019-1053:I0:C,s20261019-1053,val,0,,,,0.083884,1.000000,0.232157,0.083884
s20261019-1053:I1:C,s20261019-1053,val,1,REFRAIN,5,U1,0.918775,0.000023,0.147800,0.000021
s20261019-1054:I0:C,s20261019-1054,train,0,,,,0.076412,1.000000,0.455240,0.076412
s20261019-1054:I1:C,s20261019-1054,train,1,REFRAIN,2,U1,0.917568,0.031833,0.376955,0.029209
s20261019-1055:I0:C,s20261019-1055,test,0,,,,0.079025,1.000000,0.499872,0.079025
s20261019-1055:I1:C,s20261019-1055,test,1,ACT,6,U2,0.929694,1.000000,0.783040,0.929694
s20261019-1056:I0:C,s20261019-1056,train,0,,,,0.068281,1.000000,0.686213,0.068281
s20261019-1056:I1:C,s20261019-1056,train,1,REFRAIN,3,U2,0.920831,0.000002,0.684234,0.000002
s20261019-1057:I0:C,s20261019-1057,test,0,,,,0.089271,1.000000,0.208084,0.089271
s20261019-1057:I1:C,s20261019-1057,test,1,REFRAIN,7,U2,0.901722,0.000025,0.258801,0.000023
s20261019-1058:I0:C,s20261019-1058,train,0,,,,0.065155,1.000000,0.436435,0.065155
s20261019-1058:I1:C,s20261019-1058,train,1,ACT,1,U2,0.915637,0.810526,0.404258,0.742147
s20261019-1059:I0:C,s20261019-1059,test,0,,,,0.056043,1.000000,0.616088,0.056043
s20261019-1059:I1:C,s20261019-1059,test,1,REFRAIN,7,U1,0.907436,0.000396,0.545666,0.000360
s20261019-1060:I0:C,s20261019-1060,train,0,,,,0.101767,1.000000,0.367073,0.101767
s20261019-1060:I1:C,s20261019-1060,train,1,REFRAIN,4,U2,0.821455,0.000000,0.124346,0.000000
s20261019-1061:I0:C,s20261019-1061,test,0,,,,0.080409,1.000000,0.778629,0.080409
s20261019-1061:I1:C,s20261019-1061,test,1,ACT,6,U1,0.905514,0.999995,0.855688,0.905510
s20261019-1062:I0:C,s20261019-1062,val,0,,,,0.087619,1.000000,0.220847,0.087619
s20261019-1062:I1:C,s20261019-1062,val,1,REFRAIN,1,U2,0.885415,0.000001,0.207351,0.000001
s20261019-1063:I0:C,s20261019-1063,val,0,,,,0.067539,1.000000,0.726702,0.067539
s20261019-1063:I1:C,s20261019-1063,val,1,ACT,5,U1,0.908622,0.996323,0.549020,0.905281
s20261019-1064:I0:C,s20261019-1064,train,0,,,,0.068395,1.000000,0.123757,0.068395
s20261019-1064:I1:C,s20261019-1064,train,1,REFRAIN,1,U2,0.918049,0.000002,0.117276,0.000002
s20261019-1065:I0:C,s20261019-1065,train,0,,,,0.188017,0.036715,0.491856,0.006903
s20261019-1065:I1:C,s20261019-1065,train,1,REFRAIN,1,U1,0.904460,0.164429,0.338869,0.148719
s20261019-1066:I0:C,s20261019-1066,train,0,,,,0.086458,1.000000,0.392519,0.086458
s20261019-1066:I1:C,s20261019-1066,train,1,REFRAIN,4,U1,0.925649,0.000543,0.140092,0.000503
s20261019-1067:I0:C,s20261019-1067,train,0,,,,0.069281,1.000000,0.507233,0.069281
s20261019-1067:I1:C,s20261019-1067,train,1,REFRAIN,5,U1,0.930274,0.596446,0.332122,0.554858
s20261019-1068:I0:C,s20261019-1068,val,0,,,,0.073555,1.000000,0.371837,0.073555
s20261019-1068:I1:C,s20261019-1068,val,1,ACT,5,U2,0.903618,0.889670,0.395443,0.803922
s20261019-1069:I0:C,s20261019-1069,val,0,,,,0.066901,1.000000,0.714403,0.066901
s20261019-1069:I1:C,s20261019-1069,val,1,REFRAIN,1,U2,0.926193,0.000000,0.631516,0.000000
s20261019-1070:I0:C,s20261019-1070,train,0,,,,0.066196,1.000000,0.273304,0.066196
s20261019-1070:I1:C,s20261019-1070,train,1,REFRAIN,1,U1,0.917673,0.000000,0.185636,0.000000
s20261019-1071:I0:C,s20261019-1071,train,0,,,,0.073363,1.000000,0.384035,0.073363
s20261019-1071:I1:C,s20261019-1071,train,1,REFRAIN,4,U2,0.937797,0.000000,0.130609,0.000000
s20261019-1072:I0:C,s20261019-1072,train,0,,,,0.087773,1.000000,0.141514,0.087773
s20261019-1072:I1:C,s20261019-1072,train,1,REFRAIN,1,U2,0.899730,0.000000,0.137983,0.000000
s20261019-1073:I0:C,s20261019-1073,train,0,,,,0.086934,1.000000,0.142723,0.086934
s20261019-1073:I1:C,s20261019-1073,train,1,REFRAIN,0,U1,0.918951,0.756869,0.421325,0.695525
s20261019-1074:I0:C,s20261019-1074,val,0,,,,0.088335,1.000000,0.716102,0.088335
s20261019-1074:I1:C,s20261019-1074,val,1,REFRAIN,1,U2,0.845112,0.000000,0.653742,0.000000
s20261019-1075:I0:C,s20261019-1075,test,0,,,,0.074223,1.000000,0.756146,0.074223
s20261019-1075:I1:C,s20261019-1075,test,1,ACT,7,U1,0.924356,0.897248,0.690115,0.829376
s20261019-1076:I0:C,s20261019-1076,val,0,,,,0.069842,1.000000,0.790173,0.069842
s20261019-1076:I1:C,s20261019-1076,val,1,ACT,4,U1,0.922658,0.829833,0.420265,0.765652
s20261019-1077:I0:C,s20261019-1077,train,0,,,,0.085178,1.000000,0.211919,0.085178
s20261019-1077:I1:C,s20261019-1077,train,1,ACT,0,U2,0.911380,0.921276,0.695896,0.839633
s20261019-1078:I0:C,s20261019-1078,train,0,,,,0.102057,1.000000,0.171582,0.102057
s20261019-1078:I1:C,s20261019-1078,train,1,REFRAIN,3,U1,0.902155,0.003678,0.134739,0.003318
s20261019-1079:I0:C,s20261019-1079,train,0,,,,0.072321,1.000000,0.452903,0.072321
s20261019-1079:I1:C,s20261019-1079,train,1,REFRAIN,1,U1,0.931039,0.000654,0.301070,0.000609
s20261019-1080:I0:C,s20261019-1080,train,0,,,,0.086746,1.000000,0.566765,0.086746
s20261019-1080:I1:C,s20261019-1080,train,1,REFRAIN,4,U2,0.911368,0.000432,0.233570,0.000393
s20261019-1081:I0:C,s20261019-1081,train,0,,,,0.070839,1.000000,0.580460,0.070839
s20261019-1081:I1:C,s20261019-1081,train,1,REFRAIN,5,U1,0.904613,0.009939,0.395503,0.008991
s20261019-1082:I0:C,s20261019-1082,train,0,,,,0.073581,1.000000,0.187392,0.073581
s20261019-1082:I1:C,s20261019-1082,train,1,REFRAIN,4,U2,0.913728,0.000000,0.062319,0.000000
s20261019-1083:I0:C,s20261019-1083,test,0,,,,0.081209,1.000000,0.647988,0.081209
s20261019-1083:I1:C,s20261019-1083,test,1,REFRAIN,7,U1,0.907212,0.007227,0.572479,0.006557
s20261019-1084:I0:C,s20261019-1084,train,0,,,,0.091854,1.000000,0.473185,0.091854
s20261019-1084:I1:C,s20261019-1084,train,1,REFRAIN,4,U1,0.917263,0.003847,0.172390,0.003529
s20261019-1085:I0:C,s20261019-1085,val,0,,,,0.076840,1.000000,0.366660,0.076840
s20261019-1085:I1:C,s20261019-1085,val,1,REFRAIN,1,U2,0.914405,0.162418,0.319077,0.148516
s20261019-1086:I0:C,s20261019-1086,test,0,,,,0.075431,1.000000,0.724141,0.075431
s20261019-1086:I1:C,s20261019-1086,test,1,REFRAIN,7,U2,0.905600,0.000000,0.758568,0.000000
s20261019-1087:I0:C,s20261019-1087,train,0,,,,0.079703,1.000000,0.612496,0.079703
s20261019-1087:I1:C,s20261019-1087,train,1,REFRAIN,5,U2,0.919015,0.142428,0.614245,0.130894
s20261019-1088:I0:C,s20261019-1088,train,0,,,,0.078713,1.000000,0.183563,0.078713
s20261019-1088:I1:C,s20261019-1088,train,1,REFRAIN,5,U2,0.926841,0.000000,0.222667,0.000000
s20261019-1089:I0:C,s20261019-1089,train,0,,,,0.089358,1.000000,0.568886,0.089358
s20261019-1089:I1:C,s20261019-1089,train,1,ACT,1,U2,0.836394,0.391405,0.496946,0.327369
s20261019-1090:I0:C,s20261019-1090,test,0,,,,0.100753,1.000000,0.136841,0.100753
s20261019-1090:I1:C,s20261019-1090,test,1,REFRAIN,7,U1,0.930120,0.000009,0.133694,0.000008
s20261019-1091:I0:C,s20261019-1091,train,0,,,,0.067898,1.000000,0.414800,0.067898
s20261019-1091:I1:C,s20261019-1091,train,1,REFRAIN,0,U1,0.920835,0.449127,0.737332,0.413572
s20261019-1092:I0:C,s20261019-1092,test,0,,,,0.071529,1.000000,0.723940,0.071529
s20261019-1092:I1:C,s20261019-1092,test,1,ACT,6,U2,0.924349,0.999933,0.904909,0.924288
s20261019-1093:I0:C,s20261019-1093,train,0,,,,0.101222,1.000000,0.172886,0.101222
s20261019-1093:I1:C,s20261019-1093,train,1,REFRAIN,4,U1,0.919326,0.013258,0.055420,0.012188
s20261019-1094:I0:C,s20261019-1094,train,0,,,,0.098600,1.000000,0.753595,0.098600
s20261019-1094:I1:C,s20261019-1094,train,1,REFRAIN,5,U2,0.924777,0.091274,0.741414,0.084408
s20261019-1095:I0:C,s20261019-1095,train,0,,,,0.085307,1.000000,0.174460,0.085307
s20261019-1095:I1:C,s20261019-1095,train,1,REFRAIN,4,U1,0.917187,0.000016,0.057889,0.000015
s20261019-1096:I0:C,s20261019-1096,train,0,,,,0.108679,1.000000,0.506069,0.108679
s20261019-1096:I1:C,s20261019-1096,train,1,REFRAIN,4,U1,0.922199,0.001057,0.199760,0.000975
s20261019-1097:I0:C,s20261019-1097,test,0,,,,0.063673,1.000000,0.193045,0.063673
s20261019-1097:I1:C,s20261019-1097,test,1,REFRAIN,6,U1,0.922011,0.088350,0.359490,0.081460
s20261019-1098:I0:C,s20261019-1098,train,0,,,,0.075648,1.000000,0.176495,0.075648
s20261019-1098:I1:C,s20261019-1098,train,1,REFRAIN,0,U2,0.925053,0.966142,0.661437,0.893732
s20261019-1099:I0:C,s20261019-1099,train,0,,,,0.065492,1.000000,0.521947,0.065492
s20261019-1099:I1:C,s20261019-1099,train,1,REFRAIN,3,U1,0.910835,0.000330,0.404597,0.000301
s20261019-1100:I0:C,s20261019-1100,val,0,,,,0.117504,1.000000,0.692103,0.117504
s20261019-1100:I1:C,s20261019-1100,val,1,ACT,3,U1,0.918319,0.975997,0.575200,0.896276
s20261019-1101:I0:C,s20261019-1101,train,0,,,,0.076750,1.000000,0.703447,0.076750
s20261019-1101:I1:C,s20261019-1101,train,1,ACT,2,U1,0.908334,0.999538,0.594182,0.907914
s20261019-1102:I0:C,s20261019-1102,train,0,,,,0.099260,1.000000,0.207031,0.099260
s20261019-1102:I1:C,s20261019-1102,train,1,REFRAIN,4,U1,0.915796,0.000865,0.065141,0.000792
s20261019-1103:I0:C,s20261019-1103,test,0,,,,0.057984,1.000000,0.229423,0.057984
s20261019-1103:I1:C,s20261019-1103,test,1,REFRAIN,7,U1,0.921362,0.000395,0.198289,0.000364
s20261019-1104:I0:C,s20261019-1104,train,0,,,,0.080169,1.000000,0.709648,0.080169
s20261019-1104:I1:C,s20261019-1104,train,1,REFRAIN,1,U2,0.910150,0.000000,0.624273,0.000000
s20261019-1105:I0:C,s20261019-1105,val,0,,,,0.057177,1.000000,0.212076,0.057177
s20261019-1105:I1:C,s20261019-1105,val,1,ACT,0,U1,0.916732,0.785496,0.540512,0.720089
s20261019-1106:I0:C,s20261019-1106,train,0,,,,0.080329,1.000000,0.719462,0.080329
s20261019-1106:I1:C,s20261019-1106,train,1,REFRAIN,3,U2,0.930065,0.000000,0.713945,0.000000
s20261019-1107:I0:C,s20261019-1107,train,0,,,,0.086637,1.000000,0.799985,0.086637
s20261019-1107:I1:C,s20261019-1107,train,1,ACT,5,U1,0.906493,0.987998,0.640444,0.895613
s20261019-1108:I0:C,s20261019-1108,val,0,,,,0.070879,1.000000,0.309341,0.070879
s20261019-1108:I1:C,s20261019-1108,val,1,REFRAIN,4,U1,0.907905,0.005298,0.116770,0.004810
s20261019-1109:I0:C,s20261019-1109,train,0,,,,0.076179,1.000000,0.203105,0.076179
s20261019-1109:I1:C,s20261019-1109,train,1,REFRAIN,2,U2,0.908289,0.000000,0.279577,0.000000
s20261019-1110:I0:C,s20261019-1110,train,0,,,,0.078831,1.000000,0.471119,0.078831
s20261019-1110:I1:C,s20261019-1110,train,1,ACT,3,U2,0.923756,0.999913,0.484539,0.923676
s20261019-1111:I0:C,s20261019-1111,test,0,,,,0.080446,1.000000,0.784112,0.080446
s20261019-1111:I1:C,s20261019-1111,test,1,ACT,6,U2,0.930986,0.999977,0.930361,0.930965
s20261019-1112:I0:C,s20261019-1112,test,0,,,,0.111081,0.427377,0.334580,0.047473
s20261019-1112:I1:C,s20261019-1112,test,1,REFRAIN,7,U1,0.914840,0.003038,0.299459,0.002779
s20261019-1113:I0:C,s20261019-1113,val,0,,,,0.081838,1.000000,0.223701,0.081838
s20261019-1113:I1:C,s20261019-1113,val,1,REFRAIN,4,U2,0.923730,0.000000,0.073469,0.000000
s20261019-1114:I0:C,s20261019-1114,val,0,,,,0.109428,1.000000,0.142346,0.109428
s20261019-1114:I1:C,s20261019-1114,val,1,REFRAIN,3,U1,0.897504,0.001538,0.125183,0.001380
s20261019-1115:I0:C,s20261019-1115,train,0,,,,0.040966,1.000000,0.154933,0.040966
s20261019-1115:I1:C,s20261019-1115,train,1,REFRAIN,0,U1,0.912694,0.323538,0.440621,0.295292
s20261019-1116:I0:C,s20261019-1116,train,0,,,,0.099280,1.000000,0.223623,0.099280
s20261019-1116:I1:C,s20261019-1116,train,1,REFRAIN,1,U1,0.913876,0.000001,0.151431,0.000001
s20261019-1117:I0:C,s20261019-1117,train,0,,,,0.085168,1.000000,0.789181,0.085168
s20261019-1117:I1:C,s20261019-1117,train,1,REFRAIN,4,U2,0.947890,0.000000,0.438693,0.000000
s20261019-1118:I0:C,s20261019-1118,train,0,,,,0.154366,0.000023,0.720210,0.000004
s20261019-1118:I1:C,s20261019-1118,train,1,ACT,3,U1,0.921750,0.991851,0.601459,0.914239
s20261019-1119:I0:C,s20261019-1119,test,0,,,,0.075727,1.000000,0.400110,0.075727
s20261019-1119:I1:C,s20261019-1119,test,1,ACT,6,U1,0.932077,0.977154,0.573370,0.910783
s20261019-1120:I0:C,s20261019-1120,train,0,,,,0.071067,1.000000,0.409880,0.071067
s20261019-1120:I1:C,s20261019-1120,train,1,REFRAIN,4,U1,0.917074,0.000146,0.147115,0.000133
s20261019-1121:I0:C,s20261019-1121,test,0,,,,0.082803,1.000000,0.539208,0.082803
s20261019-1121:I1:C,s20261019-1121,test,1,ACT,7,U2,0.930019,1.000000,0.590552,0.930019
s20261019-1122:I0:C,s20261019-1122,train,0,,,,0.075382,1.000000,0.743032,0.075382
s20261019-1122:I1:C,s20261019-1122,train,1,ACT,4,U1,0.919608,0.953977,0.373567,0.877285
s20261019-1123:I0:C,s20261019-1123,test,0,,,,0.076075,1.000000,0.446512,0.076075
s20261019-1123:I1:C,s20261019-1123,test,1,REFRAIN,7,U1,0.924218,0.026129,0.394569,0.024149
s20261019-1124:I0:C,s20261019-1124,val,0,,,,0.077634,1.000000,0.772615,0.077634
s20261019-1124:I1:C,s20261019-1124,val,1,REFRAIN,4,U2,0.918896,0.000000,0.418424,0.000000
s20261019-1125:I0:C,s20261019-1125,train,0,,,,0.074129,1.000000,0.165750,0.074129
s20261019-1125:I1:C,s20261019-1125,train,1,REFRAIN,2,U1,0.924821,0.021175,0.148575,0.019583
s20261019-1126:I0:C,s20261019-1126,test,0,,,,0.075761,1.000000,0.758505,0.075761
s20261019-1126:I1:C,s20261019-1126,test,1,ACT,6,U2,0.924442,0.999999,0.915993,0.924441
s20261019-1127:I0:C,s20261019-1127,val,0,,,,0.076632,1.000000,0.512325,0.076632
s20261019-1127:I1:C,s20261019-1127,val,1,ACT,5,U2,0.917371,1.000000,0.552941,0.917371
s20261019-1128:I0:C,s20261019-1128,val,0,,,,0.104946,1.000000,0.800856,0.104946
s20261019-1128:I1:C,s20261019-1128,val,1,ACT,2,U1,0.907951,0.999028,0.690571,0.907069
s20261019-1129:I0:C,s20261019-1129,train,0,,,,0.101737,1.000000,0.172481,0.101737
s20261019-1129:I1:C,s20261019-1129,train,1,REFRAIN,2,U2,0.901576,0.000000,0.246754,0.000000
s20261019-1130:I0:C,s20261019-1130,train,0,,,,0.095927,1.000000,0.600079,0.095927
s20261019-1130:I1:C,s20261019-1130,train,1,REFRAIN,4,U2,0.905421,0.000009,0.265986,0.000008
s20261019-1131:I0:C,s20261019-1131,val,0,,,,0.077444,1.000000,0.811095,0.077444
s20261019-1131:I1:C,s20261019-1131,val,1,ACT,0,U2,0.920695,0.999985,0.966674,0.920682
s20261019-1132:I0:C,s20261019-1132,train,0,,,,0.080201,1.000000,0.810151,0.080201
s20261019-1132:I1:C,s20261019-1132,train,1,ACT,1,U1,0.919440,0.996808,0.651801,0.916505
s20261019-1133:I0:C,s20261019-1133,train,0,,,,0.074371,1.000000,0.517922,0.074371
s20261019-1133:I1:C,s20261019-1133,train,1,REFRAIN,5,U1,0.910301,0.002306,0.331908,0.002100
s20261019-1134:I0:C,s20261019-1134,train,0,,,,0.094995,1.000000,0.621190,0.094995
s20261019-1134:I1:C,s20261019-1134,train,1,ACT,3,U2,0.918765,0.946270,0.625168,0.869400
s20261019-1135:I0:C,s20261019-1135,train,0,,,,0.078394,1.000000,0.765592,0.078394
s20261019-1135:I1:C,s20261019-1135,train,1,ACT,2,U1,0.915318,0.999667,0.673583,0.915014
s20261019-1136:I0:C,s20261019-1136,val,0,,,,0.112715,1.000000,0.371531,0.112715
s20261019-1136:I1:C,s20261019-1136,val,1,REFRAIN,4,U1,0.917669,0.000754,0.124569,0.000692
s20261019-1137:I0:C,s20261019-1137,train,0,,,,0.080242,1.000000,0.402071,0.080242
s20261019-1137:I1:C,s20261019-1137,train,1,REFRAIN,5,U1,0.907435,0.006826,0.257421,0.006194
s20261019-1138:I0:C,s20261019-1138,train,0,,,,0.076098,1.000000,0.497889,0.076098
s20261019-1138:I1:C,s20261019-1138,train,1,REFRAIN,2,U2,0.910512,0.704873,0.566372,0.641796
s20261019-1139:I0:C,s20261019-1139,train,0,,,,0.082151,1.000000,0.746304,0.082151
s20261019-1139:I1:C,s20261019-1139,train,1,REFRAIN,3,U2,0.934342,0.000000,0.732379,0.000000
s20261019-1140:I0:C,s20261019-1140,val,0,,,,0.102459,1.000000,0.468140,0.102459
s20261019-1140:I1:C,s20261019-1140,val,1,ACT,0,U1,0.917274,0.714392,0.778819,0.655294
s20261019-1141:I0:C,s20261019-1141,train,0,,,,0.092597,1.000000,0.144720,0.092597
s20261019-1141:I1:C,s20261019-1141,train,1,ACT,0,U1,0.921259,0.607578,0.438539,0.559737
s20261019-1142:I0:C,s20261019-1142,train,0,,,,0.094281,1.000000,0.801985,0.094281
s20261019-1142:I1:C,s20261019-1142,train,1,REFRAIN,5,U2,0.926025,0.140631,0.800133,0.130228
s20261019-1143:I0:C,s20261019-1143,train,0,,,,0.082755,1.000000,0.764452,0.082755
s20261019-1143:I1:C,s20261019-1143,train,1,REFRAIN,5,U2,0.907613,0.412406,0.766584,0.374305
s20261019-1144:I0:C,s20261019-1144,test,0,,,,0.076265,1.000000,0.357654,0.076265
s20261019-1144:I1:C,s20261019-1144,test,1,ACT,6,U2,0.923515,1.000000,0.699083,0.923515
s20261019-1145:I0:C,s20261019-1145,test,0,,,,0.086795,1.000000,0.614722,0.086795
s20261019-1145:I1:C,s20261019-1145,test,1,ACT,6,U2,0.914680,1.000000,0.852280,0.914680
s20261019-1146:I0:C,s20261019-1146,train,0,,,,0.094753,1.000000,0.564140,0.094753
s20261019-1146:I1:C,s20261019-1146,train,1,ACT,5,U2,0.907462,1.000000,0.600589,0.907462
s20261019-1147:I0:C,s20261019-1147,train,0,,,,0.084686,1.000000,0.813377,0.084686
s20261019-1147:I1:C,s20261019-1147,train,1,ACT,0,U2,0.931040,0.999998,0.968312,0.931038
s20261019-1148:I0:C,s20261019-1148,train,0,,,,0.086326,1.000000,0.143501,0.086326
s20261019-1148:I1:C,s20261019-1148,train,1,REFRAIN,3,U2,0.925495,0.000000,0.181513,0.000000
s20261019-1149:I0:C,s20261019-1149,train,0,,,,0.088146,1.000000,0.604702,0.088146
s20261019-1149:I1:C,s20261019-1149,train,1,ACT,1,U2,0.920978,1.000000,0.532419,0.920978
s20261019-1150:I0:C,s20261019-1150,train,0,,,,0.080710,1.000000,0.519245,0.080710
s20261019-1150:I1:C,s20261019-1150,train,1,ACT,0,U2,0.923584,0.998829,0.890865,0.922503
s20261019-1151:I0:C,s20261019-1151,val,0,,,,0.067590,1.000000,0.208249,0.067590
s20261019-1151:I1:C,s20261019-1151,val,1,REFRAIN,4,U1,0.899322,0.171637,0.072641,0.154357
s20261019-1152:I0:C,s20261019-1152,train,0,,,,0.106399,1.000000,0.449345,0.106399
s20261019-1152:I1:C,s20261019-1152,train,1,REFRAIN,3,U1,0.912343,0.159466,0.359235,0.145488
s20261019-1153:I0:C,s20261019-1153,test,0,,,,0.083223,1.000000,0.376300,0.083223
s20261019-1153:I1:C,s20261019-1153,test,1,REFRAIN,7,U1,0.893132,0.039818,0.324824,0.035563
s20261019-1154:I0:C,s20261019-1154,train,0,,,,0.100259,1.000000,0.548072,0.100259
s20261019-1154:I1:C,s20261019-1154,train,1,ACT,3,U2,0.905799,0.999998,0.560255,0.905797
s20261019-1155:I0:C,s20261019-1155,train,0,,,,0.087218,1.000000,0.415310,0.087218
s20261019-1155:I1:C,s20261019-1155,train,1,REFRAIN,5,U1,0.925339,0.005975,0.265088,0.005529
s20261019-1156:I0:C,s20261019-1156,train,0,,,,0.107697,0.010500,0.749520,0.001131
s20261019-1156:I1:C,s20261019-1156,train,1,ACT,0,U1,0.895435,0.999777,0.911271,0.895236
s20261019-1157:I0:C,s20261019-1157,train,0,,,,0.069204,1.000000,0.749089,0.069204
s20261019-1157:I1:C,s20261019-1157,train,1,REFRAIN,4,U1,0.930702,0.874853,0.377618,0.814227
s20261019-1158:I0:C,s20261019-1158,train,0,,,,0.088030,1.000000,0.529141,0.088030
s20261019-1158:I1:C,s20261019-1158,train,1,ACT,1,U2,0.880982,0.881323,0.459944,0.776430
s20261019-1159:I0:C,s20261019-1159,test,0,,,,0.055972,1.000000,0.639731,0.055972
s20261019-1159:I1:C,s20261019-1159,test,1,ACT,6,U1,0.914634,0.923892,0.759228,0.845023
s20261019-1160:I0:C,s20261019-1160,train,0,,,,0.092195,1.000000,0.709947,0.092195
s20261019-1160:I1:C,s20261019-1160,train,1,REFRAIN,4,U2,0.950054,0.000000,0.348106,0.000000
s20261019-1161:I0:C,s20261019-1161,val,0,,,,0.077135,1.000000,0.384860,0.077135
s20261019-1161:I1:C,s20261019-1161,val,1,ACT,2,U1,0.919042,0.022903,0.310892,0.021049
s20261019-1162:I0:C,s20261019-1162,test,0,,,,0.069584,1.000000,0.237881,0.069584
s20261019-1162:I1:C,s20261019-1162,test,1,REFRAIN,7,U1,0.920775,0.000067,0.214949,0.000061
s20261019-1163:I0:C,s20261019-1163,train,0,,,,0.092982,1.000000,0.743814,0.092982
s20261019-1163:I1:C,s20261019-1163,train,1,ACT,3,U1,0.918592,0.993270,0.629974,0.912410
s20261019-1164:I0:C,s20261019-1164,val,0,,,,0.073865,1.000000,0.151010,0.073865
s20261019-1164:I1:C,s20261019-1164,val,1,ACT,0,U2,0.916325,0.925597,0.633026,0.848148
s20261019-1165:I0:C,s20261019-1165,test,0,,,,0.093975,1.000000,0.749943,0.093975
s20261019-1165:I1:C,s20261019-1165,test,1,ACT,6,U2,0.923814,0.999997,0.910588,0.923811
s20261019-1166:I0:C,s20261019-1166,val,0,,,,0.079176,1.000000,0.778242,0.079176
s20261019-1166:I1:C,s20261019-1166,val,1,ACT,2,U1,0.910893,0.999181,0.676130,0.910148
s20261019-1167:I0:C,s20261019-1167,val,0,,,,0.084379,1.000000,0.650161,0.084379
s20261019-1167:I1:C,s20261019-1167,val,1,ACT,1,U2,0.906689,1.000000,0.575837,0.906689
s20261019-1168:I0:C,s20261019-1168,train,0,,,,0.072708,1.000000,0.636008,0.072708
s20261019-1168:I1:C,s20261019-1168,train,1,ACT,2,U2,0.920236,0.999706,0.676170,0.919966
s20261019-1169:I0:C,s20261019-1169,train,0,,,,0.077785,1.000000,0.620679,0.077785
s20261019-1169:I1:C,s20261019-1169,train,1,ACT,1,U2,0.928330,1.000000,0.548185,0.928330
s20261019-1170:I0:C,s20261019-1170,val,0,,,,0.065883,1.000000,0.542609,0.065883
s20261019-1170:I1:C,s20261019-1170,val,1,ACT,0,U1,0.924658,0.840723,0.808921,0.777381
s20261019-1171:I0:C,s20261019-1171,train,0,,,,0.077126,1.000000,0.745873,0.077126
s20261019-1171:I1:C,s20261019-1171,train,1,REFRAIN,4,U2,0.939238,0.000000,0.375590,0.000000
s20261019-1172:I0:C,s20261019-1172,train,0,,,,0.076005,0.999329,0.391463,0.075954
s20261019-1172:I1:C,s20261019-1172,train,1,REFRAIN,2,U1,0.906893,0.024201,0.325307,0.021947
s20261019-1173:I0:C,s20261019-1173,train,0,,,,0.086261,1.000000,0.402489,0.086261
s20261019-1173:I1:C,s20261019-1173,train,1,ACT,0,U2,0.913661,0.999997,0.857763,0.913658
s20261019-1174:I0:C,s20261019-1174,train,0,,,,0.100593,1.000000,0.170915,0.100593
s20261019-1174:I1:C,s20261019-1174,train,1,REFRAIN,5,U1,0.922970,0.000005,0.111439,0.000004
s20261019-1175:I0:C,s20261019-1175,train,0,,,,0.082231,1.000000,0.519474,0.082231
s20261019-1175:I1:C,s20261019-1175,train,1,ACT,5,U2,0.929530,1.000000,0.530353,0.929530
s20261019-1176:I0:C,s20261019-1176,train,0,,,,0.070765,1.000000,0.643116,0.070765
s20261019-1176:I1:C,s20261019-1176,train,1,ACT,0,U2,0.922718,0.999989,0.933967,0.922708
s20261019-1177:I0:C,s20261019-1177,train,0,,,,0.080349,1.000000,0.198860,0.080349
s20261019-1177:I1:C,s20261019-1177,train,1,REFRAIN,0,U1,0.906567,0.574387,0.530387,0.520720
s20261019-1178:I0:C,s20261019-1178,train,0,,,,0.083078,1.000000,0.608325,0.083078
s20261019-1178:I1:C,s20261019-1178,train,1,REFRAIN,4,U1,0.918019,0.000001,0.254306,0.000001
s20261019-1179:I0:C,s20261019-1179,test,0,,,,0.080941,1.000000,0.524551,0.080941
s20261019-1179:I1:C,s20261019-1179,test,1,ACT,7,U2,0.924002,0.243185,0.586653,0.224703
s20261019-1180:I0:C,s20261019-1180,test,0,,,,0.090569,1.000000,0.563396,0.090569
s20261019-1180:I1:C,s20261019-1180,test,1,ACT,6,U1,0.910163,0.605944,0.698452,0.551508
s20261019-1181:I0:C,s20261019-1181,train,0,,,,0.082612,1.000000,0.823649,0.082612
s20261019-1181:I1:C,s20261019-1181,train,1,ACT,5,U1,0.907800,0.997671,0.657869,0.905685
s20261019-1182:I0:C,s20261019-1182,train,0,,,,0.068956,1.000000,0.407998,0.068956
s20261019-1182:I1:C,s20261019-1182,train,1,REFRAIN,5,U1,0.905862,0.010405,0.261230,0.009425
s20261019-1183:I0:C,s20261019-1183,val,0,,,,0.095966,1.000000,0.813394,0.095966
s20261019-1183:I1:C,s20261019-1183,val,1,ACT,5,U1,0.906727,0.998168,0.644559,0.905066
s20261019-1184:I0:C,s20261019-1184,train,0,,,,0.080851,1.000000,0.225542,0.080851
s20261019-1184:I1:C,s20261019-1184,train,1,REFRAIN,1,U1,0.908248,0.000000,0.153916,0.000000
s20261019-1185:I0:C,s20261019-1185,train,0,,,,0.056320,1.000000,0.156196,0.056320
s20261019-1185:I1:C,s20261019-1185,train,1,REFRAIN,3,U1,0.921555,0.012037,0.123805,0.011092
s20261019-1186:I0:C,s20261019-1186,train,0,,,,0.080942,0.355585,0.826068,0.028782
s20261019-1186:I1:C,s20261019-1186,train,1,ACT,1,U1,0.916664,0.986532,0.673220,0.904318
s20261019-1187:I0:C,s20261019-1187,train,0,,,,0.063009,1.000000,0.153300,0.063009
s20261019-1187:I1:C,s20261019-1187,train,1,REFRAIN,2,U1,0.921124,0.005777,0.131317,0.005322
s20261019-1188:I0:C,s20261019-1188,train,0,,,,0.060323,1.000000,0.662596,0.060323
s20261019-1188:I1:C,s20261019-1188,train,1,ACT,0,U2,0.913100,0.999946,0.938199,0.913050
s20261019-1189:I0:C,s20261019-1189,train,0,,,,0.089562,1.000000,0.343137,0.089562
s20261019-1189:I1:C,s20261019-1189,train,1,REFRAIN,3,U1,0.933135,0.018390,0.272389,0.017160
s20261019-1190:I0:C,s20261019-1190,train,0,,,,0.106527,0.952681,0.392919,0.101487
s20261019-1190:I1:C,s20261019-1190,train,1,ACT,0,U1,0.928237,0.811020,0.716220,0.752819
s20261019-1191:I0:C,s20261019-1191,test,0,,,,0.100861,1.000000,0.481917,0.100861
s20261019-1191:I1:C,s20261019-1191,test,1,ACT,6,U1,0.939990,0.304226,0.642623,0.285969
s20261019-1192:I0:C,s20261019-1192,train,0,,,,0.088528,1.000000,0.319787,0.088528
s20261019-1192:I1:C,s20261019-1192,train,1,ACT,0,U2,0.913659,0.999999,0.812920,0.913658
s20261019-1193:I0:C,s20261019-1193,train,0,,,,0.053445,1.000000,0.220754,0.053445
s20261019-1193:I1:C,s20261019-1193,train,1,ACT,0,U1,0.913268,0.844934,0.531420,0.771651
s20261019-1194:I0:C,s20261019-1194,train,0,,,,0.076257,1.000000,0.740091,0.076257
s20261019-1194:I1:C,s20261019-1194,train,1,REFRAIN,4,U2,0.950699,0.000000,0.372081,0.000000
s20261019-1195:I0:C,s20261019-1195,test,0,,,,0.092703,1.000000,0.160834,0.092703
s20261019-1195:I1:C,s20261019-1195,test,1,ACT,6,U1,0.924310,0.567717,0.293409,0.524746
s20261019-1196:I0:C,s20261019-1196,val,0,,,,0.097990,1.000000,0.465957,0.097990
s20261019-1196:I1:C,s20261019-1196,val,1,REFRAIN,2,U2,0.915920,0.665382,0.532273,0.609437
s20261019-1197:I0:C,s20261019-1197,train,0,,,,0.091916,1.000000,0.338796,0.091916
s20261019-1197:I1:C,s20261019-1197,train,1,REFRAIN,2,U2,0.917578,0.321416,0.431319,0.294924
s20261019-1198:I0:C,s20261019-1198,train,0,,,,0.104763,1.000000,0.220897,0.104763
s20261019-1198:I1:C,s20261019-1198,train,1,REFRAIN,2,U1,0.930828,0.026315,0.195270,0.024494
s20261019-1199:I0:C,s20261019-1199,test,0,,,,0.070403,1.000000,0.764440,0.070403
s20261019-1199:I1:C,s20261019-1199,test,1,ACT,7,U1,0.918466,0.959583,0.709947,0.881344
s20261019-1200:I0:C,s20261019-1200,val,0,,,,0.065575,1.000000,0.602288,0.065575
s20261019-1200:I1:C,s20261019-1200,val,1,ACT,0,U1,0.915143,0.418579,0.839150,0.383060
s20261019-1201:I0:C,s20261019-1201,train,0,,,,0.058270,1.000000,0.788365,0.058270
s20261019-1201:I1:C,s20261019-1201,train,1,ACT,1,U1,0.916646,0.949876,0.626964,0.870700
s20261019-1202:I0:C,s20261019-1202,test,0,,,,0.084148,1.000000,0.771397,0.084148
s20261019-1202:I1:C,s20261019-1202,test,1,REFRAIN,7,U2,0.896425,0.000000,0.799195,0.000000
s20261019-1203:I0:C,s20261019-1203,test,0,,,,0.154326,0.999875,0.516154,0.154307
s20261019-1203:I1:C,s20261019-1203,test,1,ACT,6,U1,0.917017,0.552892,0.666738,0.507011
s20261019-1204:I0:C,s20261019-1204,train,0,,,,0.086362,1.000000,0.189217,0.086362
s20261019-1204:I1:C,s20261019-1204,train,1,REFRAIN,1,U2,0.925187,0.000000,0.172655,0.000000
s20261019-1205:I0:C,s20261019-1205,train,0,,,,0.058365,1.000000,0.756416,0.058365
s20261019-1205:I1:C,s20261019-1205,train,1,ACT,0,U1,0.919215,0.999766,0.915799,0.918999
s20261019-1206:I0:C,s20261019-1206,train,0,,,,0.102195,1.000000,0.585817,0.102195
s20261019-1206:I1:C,s20261019-1206,train,1,ACT,5,U2,0.902037,1.000000,0.591533,0.902037
s20261019-1207:I0:C,s20261019-1207,val,0,,,,0.078829,1.000000,0.710186,0.078829
s20261019-1207:I1:C,s20261019-1207,val,1,ACT,2,U2,0.914806,0.838028,0.743169,0.766634
s20261019-1208:I0:C,s20261019-1208,val,0,,,,0.091534,1.000000,0.593730,0.091534
s20261019-1208:I1:C,s20261019-1208,val,1,ACT,1,U2,0.925295,0.959151,0.520001,0.887497
s20261019-1209:I0:C,s20261019-1209,test,0,,,,0.092966,1.000000,0.241803,0.092966
s20261019-1209:I1:C,s20261019-1209,test,1,REFRAIN,6,U2,0.914836,0.000062,0.564777,0.000057
s20261019-1210:I0:C,s20261019-1210,train,0,,,,0.112169,1.000000,0.793420,0.112169
s20261019-1210:I1:C,s20261019-1210,train,1,ACT,4,U1,0.915911,0.872001,0.454369,0.798676
s20261019-1211:I0:C,s20261019-1211,test,0,,,,0.082363,1.000000,0.564522,0.082363
s20261019-1211:I1:C,s20261019-1211,test,1,ACT,6,U2,0.925754,0.999713,0.829784,0.925489
s20261019-1212:I0:C,s20261019-1212,train,0,,,,0.119395,1.000000,0.175449,0.119395
s20261019-1212:I1:C,s20261019-1212,train,1,REFRAIN,5,U1,0.922102,0.000292,0.113151,0.000270
s20261019-1213:I0:C,s20261019-1213,train,0,,,,0.099895,1.000000,0.490042,0.099895
s20261019-1213:I1:C,s20261019-1213,train,1,REFRAIN,2,U1,0.922623,0.069542,0.398726,0.064161
s20261019-1214:I0:C,s20261019-1214,val,0,,,,0.080733,1.000000,0.423673,0.080733
s20261019-1214:I1:C,s20261019-1214,val,1,ACT,3,U2,0.910141,0.995623,0.449255,0.906157
s20261019-1215:I0:C,s20261019-1215,train,0,,,,0.080087,1.000000,0.131925,0.080087
s20261019-1215:I1:C,s20261019-1215,train,1,REFRAIN,5,U1,0.925141,0.000103,0.086152,0.000095
s20261019-1216:I0:C,s20261019-1216,val,0,,,,0.141359,0.999999,0.533967,0.141358
s20261019-1216:I1:C,s20261019-1216,val,1,REFRAIN,1,U1,0.900589,0.007685,0.370805,0.006921
s20261019-1217:I0:C,s20261019-1217,val,0,,,,0.070380,1.000000,0.177901,0.070380
s20261019-1217:I1:C,s20261019-1217,val,1,REFRAIN,2,U1,0.927103,0.142694,0.164303,0.132292
s20261019-1218:I0:C,s20261019-1218,train,0,,,,0.081123,1.000000,0.167680,0.081123
s20261019-1218:I1:C,s20261019-1218,train,1,REFRAIN,3,U2,0.921800,0.000000,0.200299,0.000000
s20261019-1219:I0:C,s20261019-1219,train,0,,,,0.091450,1.000000,0.468135,0.091450
s20261019-1219:I1:C,s20261019-1219,train,1,ACT,5,U2,0.913161,0.999901,0.484111,0.913071
s20261019-1220:I0:C,s20261019-1220,val,0,,,,0.062449,1.000000,0.478243,0.062449
s20261019-1220:I1:C,s20261019-1220,val,1,ACT,0,U1,0.933020,0.601205,0.770634,0.560936
s20261019-1221:I0:C,s20261019-1221,test,0,,,,0.122568,1.000000,0.814089,0.122568
s20261019-1221:I1:C,s20261019-1221,test,1,ACT,7,U1,0.919089,0.950515,0.760142,0.873608
s20261019-1222:I0:C,s20261019-1222,train,0,,,,0.139164,0.000818,0.767569,0.000114
s20261019-1222:I1:C,s20261019-1222,train,1,ACT,1,U1,0.916365,0.988061,0.610622,0.905425
s20261019-1223:I0:C,s20261019-1223,train,0,,,,0.107720,1.000000,0.506907,0.107720
s20261019-1223:I1:C,s20261019-1223,train,1,ACT,3,U2,0.909907,0.999751,0.516213,0.909681
s20261019-1224:I0:C,s20261019-1224,test,0,,,,0.082980,1.000000,0.398347,0.082980
s20261019-1224:I1:C,s20261019-1224,test,1,REFRAIN,6,U1,0.941750,0.959678,0.581547,0.903777
s20261019-1225:I0:C,s20261019-1225,test,0,,,,0.078849,1.000000,0.415654,0.078849
s20261019-1225:I1:C,s20261019-1225,test,1,ACT,6,U2,0.918099,1.000000,0.746571,0.918098
s20261019-1226:I0:C,s20261019-1226,train,0,,,,0.049848,1.000000,0.413102,0.049848
s20261019-1226:I1:C,s20261019-1226,train,1,ACT,0,U2,0.903648,0.999968,0.861099,0.903619
s20261019-1227:I0:C,s20261019-1227,train,0,,,,0.078919,1.000000,0.510359,0.078919
s20261019-1227:I1:C,s20261019-1227,train,1,REFRAIN,1,U2,0.901560,0.268119,0.441855,0.241725
s20261019-1228:I0:C,s20261019-1228,val,0,,,,0.087885,1.000000,0.488416,0.087885
s20261019-1228:I1:C,s20261019-1228,val,1,REFRAIN,4,U2,0.921395,0.000000,0.178828,0.000000
s20261019-1229:I0:C,s20261019-1229,val,0,,,,0.101933,1.000000,0.485464,0.101933
s20261019-1229:I1:C,s20261019-1229,val,1,REFRAIN,2,U2,0.917714,0.581425,0.562463,0.533582
s20261019-1230:I0:C,s20261019-1230,val,0,,,,0.075951,1.000000,0.371734,0.075951
s20261019-1230:I1:C,s20261019-1230,val,1,ACT,3,U2,0.904081,0.782035,0.396073,0.707023
s20261019-1231:I0:C,s20261019-1231,train,0,,,,0.077105,1.000000,0.377031,0.077105
s20261019-1231:I1:C,s20261019-1231,train,1,REFRAIN,2,U1,0.919867,0.033016,0.313140,0.030370
s20261019-1232:I0:C,s20261019-1232,val,0,,,,0.093111,1.000000,0.473804,0.093111
s20261019-1232:I1:C,s20261019-1232,val,1,REFRAIN,1,U1,0.899277,0.000765,0.322942,0.000688
s20261019-1233:I0:C,s20261019-1233,train,0,,,,0.069762,1.000000,0.791675,0.069762
s20261019-1233:I1:C,s20261019-1233,train,1,ACT,2,U1,0.907098,0.997544,0.705456,0.904870
s20261019-1234:I0:C,s20261019-1234,train,0,,,,0.064286,1.000000,0.477977,0.064286
s20261019-1234:I1:C,s20261019-1234,train,1,REFRAIN,2,U1,0.917591,0.011291,0.390778,0.010360
s20261019-1235:I0:C,s20261019-1235,train,0,,,,0.089972,1.000000,0.453078,0.089972
s20261019-1235:I1:C,s20261019-1235,train,1,REFRAIN,2,U2,0.920369,0.582666,0.520216,0.536268
s20261019-1236:I0:C,s20261019-1236,train,0,,,,0.078833,1.000000,0.479701,0.078833
s20261019-1236:I1:C,s20261019-1236,train,1,REFRAIN,1,U1,0.918074,0.002413,0.323455,0.002216
s20261019-1237:I0:C,s20261019-1237,train,0,,,,0.114174,1.000000,0.594196,0.114174
s20261019-1237:I1:C,s20261019-1237,train,1,REFRAIN,5,U1,0.923339,0.002377,0.396510,0.002195
s20261019-1238:I0:C,s20261019-1238,test,0,,,,0.098398,0.999999,0.461616,0.098398
s20261019-1238:I1:C,s20261019-1238,test,1,REFRAIN,7,U1,0.919537,0.000703,0.402273,0.000647
s20261019-1239:I0:C,s20261019-1239,val,0,,,,0.086204,1.000000,0.384015,0.086204
s20261019-1239:I1:C,s20261019-1239,val,1,ACT,0,U2,0.912026,0.999999,0.844145,0.912025
s20261019-1240:I0:C,s20261019-1240,test,0,,,,0.095343,1.000000,0.104544,0.095343
s20261019-1240:I1:C,s20261019-1240,test,1,ACT,6,U2,0.917201,0.474775,0.349437,0.435464
s20261019-1241:I0:C,s20261019-1241,train,0,,,,0.103817,1.000000,0.174658,0.103817
s20261019-1241:I1:C,s20261019-1241,train,1,REFRAIN,3,U2,0.925206,0.000001,0.210504,0.000001
s20261019-1242:I0:C,s20261019-1242,train,0,,,,0.071277,1.000000,0.202168,0.071277
s20261019-1242:I1:C,s20261019-1242,train,1,REFRAIN,4,U1,0.893686,0.016527,0.074049,0.014770
s20261019-1243:I0:C,s20261019-1243,train,0,,,,0.094037,1.000000,0.738188,0.094037
s20261019-1243:I1:C,s20261019-1243,train,1,REFRAIN,4,U2,0.901632,0.000000,0.369354,0.000000
s20261019-1244:I0:C,s20261019-1244,train,0,,,,0.082798,1.000000,0.452279,0.082798
s20261019-1244:I1:C,s20261019-1244,train,1,ACT,2,U2,0.928425,0.823147,0.518596,0.764230
s20261019-1245:I0:C,s20261019-1245,test,0,,,,0.062512,1.000000,0.238689,0.062512
s20261019-1245:I1:C,s20261019-1245,test,1,REFRAIN,6,U2,0.909237,0.022221,0.570268,0.020204
s20261019-1246:I0:C,s20261019-1246,train,0,,,,0.078281,1.000000,0.804997,0.078281
s20261019-1246:I1:C,s20261019-1246,train,1,ACT,4,U1,0.915170,0.918516,0.438103,0.840598
s20261019-1247:I0:C,s20261019-1247,test,0,,,,0.096222,1.000000,0.761904,0.096222
s20261019-1247:I1:C,s20261019-1247,test,1,ACT,6,U2,0.927210,0.999998,0.930386,0.927209
s20261019-1248:I0:C,s20261019-1248,train,0,,,,0.072692,1.000000,0.409939,0.072692
s20261019-1248:I1:C,s20261019-1248,train,1,ACT,0,U2,0.915573,1.000000,0.860702,0.915573
s20261019-1249:I0:C,s20261019-1249,train,0,,,,0.053541,1.000000,0.711721,0.053541
s20261019-1249:I1:C,s20261019-1249,train,1,ACT,4,U1,0.902290,0.953960,0.353262,0.860748
s20261019-1250:I0:C,s20261019-1250,test,0,,,,0.064902,1.000000,0.531428,0.064902
s20261019-1250:I1:C,s20261019-1250,test,1,REFRAIN,7,U2,0.916304,0.230685,0.591149,0.211378
s20261019-1251:I0:C,s20261019-1251,test,0,,,,0.075455,1.000000,0.644493,0.075455
s20261019-1251:I1:C,s20261019-1251,test,1,ACT,7,U2,0.924506,1.000000,0.686192,0.924506
s20261019-1252:I0:C,s20261019-1252,train,0,,,,0.064364,1.000000,0.777286,0.064364
s20261019-1252:I1:C,s20261019-1252,train,1,ACT,2,U1,0.917243,0.999369,0.673025,0.916664
s20261019-1253:I0:C,s20261019-1253,test,0,,,,0.057617,1.000000,0.299967,0.057617
s20261019-1253:I1:C,s20261019-1253,test,1,REFRAIN,6,U1,0.922512,0.761962,0.476264,0.702919
s20261019-1254:I0:C,s20261019-1254,train,0,,,,0.083391,1.000000,0.563156,0.083391
s20261019-1254:I1:C,s20261019-1254,train,1,REFRAIN,5,U1,0.901669,0.020142,0.381478,0.018161
s20261019-1255:I0:C,s20261019-1255,train,0,,,,0.108692,0.005785,0.768051,0.000629
s20261019-1255:I1:C,s20261019-1255,train,1,ACT,1,U1,0.915041,0.992308,0.612729,0.908002
s20261019-1256:I0:C,s20261019-1256,val,0,,,,0.106427,1.000000,0.723962,0.106427
s20261019-1256:I1:C,s20261019-1256,val,1,ACT,2,U2,0.917510,0.860017,0.761215,0.789074
s20261019-1257:I0:C,s20261019-1257,train,0,,,,0.099059,0.076901,0.732079,0.007618
s20261019-1257:I1:C,s20261019-1257,train,1,ACT,3,U1,0.914114,0.987783,0.615759,0.902946
s20261019-1258:I0:C,s20261019-1258,train,0,,,,0.093107,1.000000,0.503838,0.093107
s20261019-1258:I1:C,s20261019-1258,train,1,REFRAIN,4,U2,0.914305,0.000000,0.193320,0.000000
s20261019-1259:I0:C,s20261019-1259,val,0,,,,0.049497,1.000000,0.682466,0.049497
s20261019-1259:I1:C,s20261019-1259,val,1,ACT,1,U1,0.929037,0.985682,0.524015,0.915735
s20261019-1260:I0:C,s20261019-1260,test,0,,,,0.064141,1.000000,0.432692,0.064141
s20261019-1260:I1:C,s20261019-1260,test,1,ACT,6,U2,0.921152,1.000000,0.751467,0.921152
s20261019-1261:I0:C,s20261019-1261,train,0,,,,0.066188,1.000000,0.594647,0.066188
s20261019-1261:I1:C,s20261019-1261,train,1,ACT,0,U2,0.920382,1.000000,0.922602,0.920382
s20261019-1262:I0:C,s20261019-1262,train,0,,,,0.081641,1.000000,0.383493,0.081641
s20261019-1262:I1:C,s20261019-1262,train,1,REFRAIN,4,U1,0.940174,0.000009,0.140863,0.000008
s20261019-1263:I0:C,s20261019-1263,train,0,,,,0.108768,1.000000,0.477537,0.108768
s20261019-1263:I1:C,s20261019-1263,train,1,REFRAIN,5,U1,0.913379,0.000311,0.321971,0.000284
s20261019-1264:I0:C,s20261019-1264,train,0,,,,0.086065,1.000000,0.563277,0.086065
s20261019-1264:I1:C,s20261019-1264,train,1,REFRAIN,4,U1,0.916384,0.000029,0.232378,0.000027
s20261019-1265:I0:C,s20261019-1265,test,0,,,,0.082178,1.000000,0.605384,0.082178
s20261019-1265:I1:C,s20261019-1265,test,1,ACT,6,U2,0.925906,0.999453,0.851266,0.925400
s20261019-1266:I0:C,s20261019-1266,train,0,,,,0.080231,1.000000,0.391937,0.080231
s20261019-1266:I1:C,s20261019-1266,train,1,REFRAIN,4,U2,0.908471,0.000028,0.137996,0.000025
s20261019-1267:I0:C,s20261019-1267,train,0,,,,0.070420,1.000000,0.217469,0.070420
s20261019-1267:I1:C,s20261019-1267,train,1,REFRAIN,3,U1,0.917523,0.041506,0.176243,0.038083
s20261019-1268:I0:C,s20261019-1268,val,0,,,,0.091181,0.499553,0.746147,0.045550
s20261019-1268:I1:C,s20261019-1268,val,1,ACT,0,U1,0.895413,0.999237,0.909755,0.894730
s20261019-1269:I0:C,s20261019-1269,test,0,,,,0.098687,1.000000,0.480244,0.098687
s20261019-1269:I1:C,s20261019-1269,test,1,REFRAIN,7,U1,0.922911,0.000645,0.411673,0.000595
s20261019-1270:I0:C,s20261019-1270,test,0,,,,0.073824,1.000000,0.739251,0.073824
s20261019-1270:I1:C,s20261019-1270,test,1,ACT,7,U1,0.915964,0.996507,0.675882,0.912764
s20261019-1271:I0:C,s20261019-1271,train,0,,,,0.080343,1.000000,0.350005,0.080343
s20261019-1271:I1:C,s20261019-1271,train,1,ACT,0,U2,0.908962,1.000000,0.829631,0.908962
s20261019-1272:I0:C,s20261019-1272,train,0,,,,0.083432,1.000000,0.149994,0.083432
s20261019-1272:I1:C,s20261019-1272,train,1,REFRAIN,3,U2,0.927723,0.000000,0.184002,0.000000
s20261019-1273:I0:C,s20261019-1273,test,0,,,,0.083627,1.000000,0.356911,0.083627
s20261019-1273:I1:C,s20261019-1273,test,1,ACT,7,U2,0.915614,0.976219,0.416557,0.893839
s20261019-1274:I0:C,s20261019-1274,val,0,,,,0.106865,1.000000,0.821507,0.106865
s20261019-1274:I1:C,s20261019-1274,val,1,REFRAIN,1,U2,0.909403,0.000000,0.746286,0.000000
s20261019-1275:I0:C,s20261019-1275,test,0,,,,0.065978,1.000000,0.801972,0.065978
s20261019-1275:I1:C,s20261019-1275,test,1,ACT,7,U1,0.924179,0.986048,0.741016,0.911286
s20261019-1276:I0:C,s20261019-1276,test,0,,,,0.062054,1.000000,0.503972,0.062054
s20261019-1276:I1:C,s20261019-1276,test,1,REFRAIN,7,U1,0.913710,0.020029,0.438327,0.018301
s20261019-1277:I0:C,s20261019-1277,train,0,,,,0.070846,1.000000,0.551402,0.070846
s20261019-1277:I1:C,s20261019-1277,train,1,ACT,2,U2,0.914904,0.969670,0.611536,0.887155
s20261019-1278:I0:C,s20261019-1278,test,0,,,,0.062135,1.000000,0.169556,0.062135
s20261019-1278:I1:C,s20261019-1278,test,1,REFRAIN,6,U1,0.911801,0.553730,0.309626,0.504892
s20261019-1279:I0:C,s20261019-1279,train,0,,,,0.096743,1.000000,0.528648,0.096743
s20261019-1279:I1:C,s20261019-1279,train,1,ACT,0,U2,0.928713,1.000000,0.893093,0.928713
s20261019-1280:I0:C,s20261019-1280,test,0,,,,0.105908,0.297519,0.756505,0.031510
s20261019-1280:I1:C,s20261019-1280,test,1,ACT,7,U1,0.910968,0.986529,0.703901,0.898696
s20261019-1281:I0:C,s20261019-1281,test,0,,,,0.075929,1.000000,0.114964,0.075929
s20261019-1281:I1:C,s20261019-1281,test,1,ACT,6,U2,0.922958,0.101953,0.382172,0.094098
s20261019-1282:I0:C,s20261019-1282,train,0,,,,0.080337,1.000000,0.555522,0.080337
s20261019-1282:I1:C,s20261019-1282,train,1,ACT,0,U1,0.922510,0.901997,0.809934,0.832101
s20261019-1283:I0:C,s20261019-1283,test,0,,,,0.070774,1.000000,0.419992,0.070774
s20261019-1283:I1:C,s20261019-1283,test,1,ACT,7,U2,0.913090,0.988535,0.486023,0.902622
s20261019-1284:I0:C,s20261019-1284,val,0,,,,0.079919,1.000000,0.727690,0.079919
s20261019-1284:I1:C,s20261019-1284,val,1,REFRAIN,2,U2,0.913579,0.732969,0.757379,0.669625
s20261019-1285:I0:C,s20261019-1285,test,0,,,,0.074854,1.000000,0.153574,0.074854
s20261019-1285:I1:C,s20261019-1285,test,1,REFRAIN,6,U1,0.916555,0.260067,0.308209,0.238366
s20261019-1286:I0:C,s20261019-1286,train,0,,,,0.069722,1.000000,0.466347,0.069722
s20261019-1286:I1:C,s20261019-1286,train,1,ACT,0,U2,0.915376,1.000000,0.877606,0.915376
s20261019-1287:I0:C,s20261019-1287,train,0,,,,0.067877,1.000000,0.594560,0.067877
s20261019-1287:I1:C,s20261019-1287,train,1,ACT,1,U2,0.928431,0.928228,0.519759,0.861795
s20261019-1288:I0:C,s20261019-1288,train,0,,,,0.124520,1.000000,0.403484,0.124520
s20261019-1288:I1:C,s20261019-1288,train,1,REFRAIN,4,U1,0.912366,0.010515,0.149006,0.009594
s20261019-1289:I0:C,s20261019-1289,train,0,,,,0.095526,1.000000,0.181391,0.095526
s20261019-1289:I1:C,s20261019-1289,train,1,REFRAIN,1,U2,0.914842,0.000000,0.166189,0.000000
s20261019-1290:I0:C,s20261019-1290,train,0,,,,0.088524,1.000000,0.758178,0.088524
s20261019-1290:I1:C,s20261019-1290,train,1,REFRAIN,4,U2,0.939182,0.000000,0.402954,0.000000
s20261019-1291:I0:C,s20261019-1291,train,0,,,,0.075040,1.000000,0.402457,0.075040
s20261019-1291:I1:C,s20261019-1291,train,1,REFRAIN,5,U1,0.904214,0.000554,0.259614,0.000501
s20261019-1292:I0:C,s20261019-1292,train,0,,,,0.097607,1.000000,0.183538,0.097607
s20261019-1292:I1:C,s20261019-1292,train,1,REFRAIN,5,U1,0.912360,0.000166,0.119024,0.000151
s20261019-1293:I0:C,s20261019-1293,val,0,,,,0.080336,1.000000,0.396642,0.080336
s20261019-1293:I1:C,s20261019-1293,val,1,REFRAIN,4,U1,0.925573,0.000839,0.151334,0.000777
s20261019-1294:I0:C,s20261019-1294,train,0,,,,0.066721,1.000000,0.353672,0.066721
s20261019-1294:I1:C,s20261019-1294,train,1,REFRAIN,0,U1,0.924722,0.140387,0.687426,0.129819
s20261019-1295:I0:C,s20261019-1295,train,0,,,,0.085107,1.000000,0.492412,0.085107
s20261019-1295:I1:C,s20261019-1295,train,1,REFRAIN,3,U1,0.910710,0.005638,0.389483,0.005135
s20261019-1296:I0:C,s20261019-1296,train,0,,,,0.077200,1.000000,0.473241,0.077200
s20261019-1296:I1:C,s20261019-1296,train,1,ACT,2,U2,0.941731,0.708733,0.552747,0.667436
s20261019-1297:I0:C,s20261019-1297,train,0,,,,0.075777,1.000000,0.804074,0.075777
s20261019-1297:I1:C,s20261019-1297,train,1,ACT,2,U2,0.898119,0.791684,0.815970,0.711026
s20261019-1298:I0:C,s20261019-1298,test,0,,,,0.071881,1.000000,0.175163,0.071881
s20261019-1298:I1:C,s20261019-1298,test,1,REFRAIN,6,U2,0.921144,0.006422,0.470639,0.005916
s20261019-1299:I0:C,s20261019-1299,val,0,,,,0.075642,1.000000,0.489196,0.075642
s20261019-1299:I1:C,s20261019-1299,val,1,REFRAIN,4,U1,0.914265,0.000301,0.179842,0.000275
s20261019-1300:I0:C,s20261019-1300,train,0,,,,0.043547,1.000000,0.465470,0.043547
s20261019-1300:I1:C,s20261019-1300,train,1,REFRAIN,2,U1,0.915418,0.029350,0.381732,0.026867
s20261019-1301:I0:C,s20261019-1301,train,0,,,,0.073915,1.000000,0.423291,0.073915
s20261019-1301:I1:C,s20261019-1301,train,1,REFRAIN,1,U2,0.934559,0.000000,0.367811,0.000000
s20261019-1302:I0:C,s20261019-1302,train,0,,,,0.084695,1.000000,0.646394,0.084695
s20261019-1302:I1:C,s20261019-1302,train,1,REFRAIN,3,U2,0.930617,0.000000,0.639856,0.000000
s20261019-1303:I0:C,s20261019-1303,train,0,,,,0.093283,1.000000,0.169860,0.093283
s20261019-1303:I1:C,s20261019-1303,train,1,ACT,0,U2,0.902409,0.750174,0.657411,0.676964
s20261019-1304:I0:C,s20261019-1304,val,0,,,,0.077867,1.000000,0.768942,0.077867
s20261019-1304:I1:C,s20261019-1304,val,1,ACT,2,U1,0.909281,0.999286,0.671939,0.908632
s20261019-1305:I0:C,s20261019-1305,train,0,,,,0.074004,1.000000,0.691574,0.074004
s20261019-1305:I1:C,s20261019-1305,train,1,REFRAIN,4,U1,0.919723,0.906045,0.334378,0.833311
s20261019-1306:I0:C,s20261019-1306,val,0,,,,0.072627,1.000000,0.734340,0.072627
s20261019-1306:I1:C,s20261019-1306,val,1,ACT,5,U1,0.911830,0.992946,0.535840,0.905398
s20261019-1307:I0:C,s20261019-1307,test,0,,,,0.072339,1.000000,0.697889,0.072339
s20261019-1307:I1:C,s20261019-1307,test,1,ACT,6,U1,0.912941,0.999944,0.805701,0.912890
s20261019-1308:I0:C,s20261019-1308,train,0,,,,0.083809,1.000000,0.132835,0.083809
s20261019-1308:I1:C,s20261019-1308,train,1,REFRAIN,4,U2,0.885920,0.000000,0.041928,0.000000
s20261019-1309:I0:C,s20261019-1309,train,0,,,,0.084479,1.000000,0.712106,0.084479
s20261019-1309:I1:C,s20261019-1309,train,1,REFRAIN,1,U2,0.922129,0.000000,0.645804,0.000000
s20261019-1310:I0:C,s20261019-1310,test,0,,,,0.093928,1.000000,0.715572,0.093928
s20261019-1310:I1:C,s20261019-1310,test,1,ACT,6,U2,0.928060,0.999998,0.898760,0.928058
s20261019-1311:I0:C,s20261019-1311,train,0,,,,0.085408,1.000000,0.526384,0.085408
s20261019-1311:I1:C,s20261019-1311,train,1,REFRAIN,2,U1,0.916837,0.022250,0.420205,0.020399
s20261019-1312:I0:C,s20261019-1312,val,0,,,,0.099894,1.000000,0.791497,0.099894
s20261019-1312:I1:C,s20261019-1312,val,1,REFRAIN,3,U2,0.919067,0.000047,0.770400,0.000043
s20261019-1313:I0:C,s20261019-1313,test,0,,,,0.052931,1.000000,0.395601,0.052931
s20261019-1313:I1:C,s20261019-1313,test,1,ACT,6,U1,0.920760,0.987601,0.571728,0.909343
s20261019-1314:I0:C,s20261019-1314,train,0,,,,0.082611,1.000000,0.485049,0.082611
s20261019-1314:I1:C,s20261019-1314,train,1,ACT,5,U2,0.920002,1.000000,0.514962,0.920002
s20261019-1315:I0:C,s20261019-1315,val,0,,,,0.072714,1.000000,0.128252,0.072714
s20261019-1315:I1:C,s20261019-1315,val,1,REFRAIN,2,U2,0.897546,0.000011,0.193300,0.000010
s20261019-1316:I0:C,s20261019-1316,train,0,,,,0.078945,1.000000,0.220424,0.078945
s20261019-1316:I1:C,s20261019-1316,train,1,REFRAIN,3,U2,0.926122,0.000001,0.258554,0.000001
s20261019-1317:I0:C,s20261019-1317,train,0,,,,0.069834,1.000000,0.703999,0.069834
s20261019-1317:I1:C,s20261019-1317,train,1,ACT,0,U2,0.932896,0.999998,0.947805,0.932895
s20261019-1318:I0:C,s20261019-1318,test,0,,,,0.072811,1.000000,0.701849,0.072811
s20261019-1318:I1:C,s20261019-1318,test,1,ACT,7,U1,0.934658,0.979546,0.650432,0.915541
s20261019-1319:I0:C,s20261019-1319,val,0,,,,0.094789,1.000000,0.772235,0.094789
s20261019-1319:I1:C,s20261019-1319,val,1,ACT,3,U1,0.915799,0.998149,0.657938,0.914104
s20261019-1320:I0:C,s20261019-1320,train,0,,,,0.097349,1.000000,0.227761,0.097349
s20261019-1320:I1:C,s20261019-1320,train,1,REFRAIN,1,U2,0.920893,0.000000,0.212835,0.000000
s20261019-1321:I0:C,s20261019-1321,test,0,,,,0.077222,1.000000,0.273018,0.077222
s20261019-1321:I1:C,s20261019-1321,test,1,REFRAIN,7,U2,0.871036,0.000043,0.337814,0.000038
s20261019-1322:I0:C,s20261019-1322,train,0,,,,0.104988,1.000000,0.508136,0.104988
s20261019-1322:I1:C,s20261019-1322,train,1,REFRAIN,1,U1,0.943564,0.000016,0.354463,0.000015
s20261019-1323:I0:C,s20261019-1323,test,0,,,,0.061775,1.000000,0.788152,0.061775
s20261019-1323:I1:C,s20261019-1323,test,1,ACT,7,U1,0.924988,0.983551,0.735627,0.909772
s20261019-1324:I0:C,s20261019-1324,train,0,,,,0.077058,1.000000,0.232020,0.077058
s20261019-1324:I1:C,s20261019-1324,train,1,ACT,0,U2,0.923505,0.901248,0.716877,0.832307
s20261019-1325:I0:C,s20261019-1325,train,0,,,,0.079691,1.000000,0.469395,0.079691
s20261019-1325:I1:C,s20261019-1325,train,1,ACT,3,U2,0.911909,0.999996,0.490235,0.911906
s20261019-1326:I0:C,s20261019-1326,train,0,,,,0.073256,1.000000,0.252370,0.073256
s20261019-1326:I1:C,s20261019-1326,train,1,REFRAIN,3,U2,0.912925,0.000008,0.284575,0.000008
s20261019-1327:I0:C,s20261019-1327,train,0,,,,0.061068,1.000000,0.782556,0.061068
s20261019-1327:I1:C,s20261019-1327,train,1,ACT,0,U2,0.925973,0.999932,0.963771,0.925910
s20261019-1328:I0:C,s20261019-1328,train,0,,,,0.075915,1.000000,0.790681,0.075915
s20261019-1328:I1:C,s20261019-1328,train,1,ACT,2,U2,0.910613,0.924074,0.808627,0.841474
s20261019-1329:I0:C,s20261019-1329,val,0,,,,0.085170,1.000000,0.399521,0.085170
s20261019-1329:I1:C,s20261019-1329,val,1,REFRAIN,3,U2,0.916793,0.680250,0.420984,0.623648
s20261019-1330:I0:C,s20261019-1330,test,0,,,,0.064630,1.000000,0.466865,0.064630
s20261019-1330:I1:C,s20261019-1330,test,1,ACT,6,U1,0.866481,0.676625,0.618636,0.586282
s20261019-1331:I0:C,s20261019-1331,train,0,,,,0.076916,1.000000,0.634754,0.076916
s20261019-1331:I1:C,s20261019-1331,train,1,ACT,0,U2,0.911675,1.000000,0.925952,0.911675
s20261019-1332:I0:C,s20261019-1332,test,0,,,,0.084917,1.000000,0.208246,0.084917
s20261019-1332:I1:C,s20261019-1332,test,1,REFRAIN,7,U1,0.923404,0.000056,0.187313,0.000052
s20261019-1333:I0:C,s20261019-1333,test,0,,,,0.068351,1.000000,0.698043,0.068351
s20261019-1333:I1:C,s20261019-1333,test,1,ACT,6,U2,0.922315,0.999836,0.908377,0.922164
s20261019-1334:I0:C,s20261019-1334,train,0,,,,0.119669,1.000000,0.791586,0.119669
s20261019-1334:I1:C,s20261019-1334,train,1,ACT,1,U1,0.902014,0.995717,0.634571,0.898151
s20261019-1335:I0:C,s20261019-1335,test,0,,,,0.073070,1.000000,0.525653,0.073070
s20261019-1335:I1:C,s20261019-1335,test,1,REFRAIN,7,U1,0.927014,0.001133,0.473586,0.001051
s20261019-1336:I0:C,s20261019-1336,train,0,,,,0.087445,1.000000,0.495557,0.087445
s20261019-1336:I1:C,s20261019-1336,train,1,ACT,0,U2,0.904553,1.000000,0.887211,0.904553
s20261019-1337:I0:C,s20261019-1337,train,0,,,,0.070131,1.000000,0.180046,0.070131
s20261019-1337:I1:C,s20261019-1337,train,1,REFRAIN,5,U2,0.920569,0.000000,0.209686,0.000000
s20261019-1338:I0:C,s20261019-1338,val,0,,,,0.061059,1.000000,0.452466,0.061059
s20261019-1338:I1:C,s20261019-1338,val,1,REFRAIN,5,U1,0.925341,0.000941,0.289710,0.000871
s20261019-1339:I0:C,s20261019-1339,train,0,,,,0.081274,1.000000,0.338752,0.081274
s20261019-1339:I1:C,s20261019-1339,train,1,REFRAIN,5,U1,0.916559,0.000325,0.211730,0.000298
s20261019-1340:I0:C,s20261019-1340,train,0,,,,0.083427,1.000000,0.154027,0.083427
s20261019-1340:I1:C,s20261019-1340,train,1,REFRAIN,2,U1,0.930460,0.006950,0.139210,0.006466
s20261019-1341:I0:C,s20261019-1341,train,0,,,,0.079500,1.000000,0.763416,0.079500
s20261019-1341:I1:C,s20261019-1341,train,1,REFRAIN,5,U2,0.914590,0.158475,0.752248,0.144940
s20261019-1342:I0:C,s20261019-1342,train,0,,,,0.094987,1.000000,0.755334,0.094987
s20261019-1342:I1:C,s20261019-1342,train,1,REFRAIN,5,U2,0.918705,0.300580,0.743243,0.276144
s20261019-1343:I0:C,s20261019-1343,train,0,,,,0.081172,1.000000,0.509725,0.081172
s20261019-1343:I1:C,s20261019-1343,train,1,REFRAIN,3,U1,0.918228,0.120084,0.395046,0.110265
s20261019-1344:I0:C,s20261019-1344,train,0,,,,0.071955,1.000000,0.558040,0.071955
s20261019-1344:I1:C,s20261019-1344,train,1,ACT,2,U2,0.914224,0.989224,0.611071,0.904372
s20261019-1345:I0:C,s20261019-1345,val,0,,,,0.077278,1.000000,0.714781,0.077278
s20261019-1345:I1:C,s20261019-1345,val,1,REFRAIN,4,U2,0.931741,0.000000,0.367218,0.000000
s20261019-1346:I0:C,s20261019-1346,train,0,,,,0.093617,1.000000,0.442153,0.093617
s20261019-1346:I1:C,s20261019-1346,train,1,REFRAIN,4,U2,0.871541,0.000000,0.161063,0.000000
s20261019-1347:I0:C,s20261019-1347,train,0,,,,0.094608,1.000000,0.409736,0.094608
s20261019-1347:I1:C,s20261019-1347,train,1,REFRAIN,4,U2,0.842376,0.000000,0.142114,0.000000
s20261019-1348:I0:C,s20261019-1348,train,0,,,,0.087300,1.000000,0.495470,0.087300
s20261019-1348:I1:C,s20261019-1348,train,1,REFRAIN,5,U1,0.910053,0.000480,0.326376,0.000437
s20261019-1349:I0:C,s20261019-1349,train,0,,,,0.080554,1.000000,0.437989,0.080554
s20261019-1349:I1:C,s20261019-1349,train,1,REFRAIN,4,U2,0.910313,0.000014,0.165240,0.000013
s20261019-1350:I0:C,s20261019-1350,test,0,,,,0.090476,1.000000,0.747824,0.090476
s20261019-1350:I1:C,s20261019-1350,test,1,ACT,7,U1,0.909946,0.995807,0.701778,0.906131
s20261019-1351:I0:C,s20261019-1351,val,0,,,,0.063078,1.000000,0.430156,0.063078
s20261019-1351:I1:C,s20261019-1351,val,1,REFRAIN,3,U1,0.916143,0.031097,0.337930,0.028490
s20261019-1352:I0:C,s20261019-1352,val,0,,,,0.076857,1.000000,0.533145,0.076857
s20261019-1352:I1:C,s20261019-1352,val,1,ACT,5,U2,0.910307,1.000000,0.542672,0.910307
s20261019-1353:I0:C,s20261019-1353,train,0,,,,0.101759,1.000000,0.167276,0.101759
s20261019-1353:I1:C,s20261019-1353,train,1,REFRAIN,2,U2,0.937255,0.000000,0.237705,0.000000
s20261019-1354:I0:C,s20261019-1354,train,0,,,,0.091538,1.000000,0.776910,0.091538
s20261019-1354:I1:C,s20261019-1354,train,1,ACT,0,U2,0.925832,0.999986,0.960911,0.925820
s20261019-1355:I0:C,s20261019-1355,train,0,,,,0.080526,1.000000,0.631066,0.080526
s20261019-1355:I1:C,s20261019-1355,train,1,ACT,5,U2,0.878206,1.000000,0.631270,0.878206
s20261019-1356:I0:C,s20261019-1356,train,0,,,,0.079681,1.000000,0.244004,0.079681
s20261019-1356:I1:C,s20261019-1356,train,1,REFRAIN,1,U2,0.917226,0.000000,0.227052,0.000000
s20261019-1357:I0:C,s20261019-1357,train,0,,,,0.080926,1.000000,0.190075,0.080926
s20261019-1357:I1:C,s20261019-1357,train,1,REFRAIN,0,U1,0.915953,0.689400,0.494131,0.631458
s20261019-1358:I0:C,s20261019-1358,test,0,,,,0.051691,1.000000,0.178269,0.051691
s20261019-1358:I1:C,s20261019-1358,test,1,REFRAIN,7,U1,0.935163,0.000000,0.152235,0.000000
s20261019-1359:I0:C,s20261019-1359,val,0,,,,0.083550,1.000000,0.334359,0.083550
s20261019-1359:I1:C,s20261019-1359,val,1,ACT,0,U2,0.909915,0.999999,0.816784,0.909914
s20261019-1360:I0:C,s20261019-1360,test,0,,,,0.096247,1.000000,0.149407,0.096247
s20261019-1360:I1:C,s20261019-1360,test,1,REFRAIN,7,U2,0.914999,0.000000,0.194524,0.000000
s20261019-1361:I0:C,s20261019-1361,train,0,,,,0.094682,1.000000,0.142472,0.094682
s20261019-1361:I1:C,s20261019-1361,train,1,REFRAIN,4,U2,0.907702,0.000000,0.045357,0.000000
s20261019-1362:I0:C,s20261019-1362,test,0,,,,0.059773,1.000000,0.723299,0.059773
s20261019-1362:I1:C,s20261019-1362,test,1,ACT,6,U1,0.918236,0.999983,0.828457,0.918221
s20261019-1363:I0:C,s20261019-1363,test,0,,,,0.062902,1.000000,0.272658,0.062902
s20261019-1363:I1:C,s20261019-1363,test,1,REFRAIN,7,U1,0.925059,0.000447,0.235296,0.000414
s20261019-1364:I0:C,s20261019-1364,test,0,,,,0.110032,1.000000,0.506927,0.110032
s20261019-1364:I1:C,s20261019-1364,test,1,REFRAIN,7,U1,0.910320,0.000027,0.447275,0.000025
s20261019-1365:I0:C,s20261019-1365,val,0,,,,0.076995,1.000000,0.568460,0.076995
s20261019-1365:I1:C,s20261019-1365,val,1,REFRAIN,4,U1,0.915125,0.000779,0.229763,0.000713
s20261019-1366:I0:C,s20261019-1366,train,0,,,,0.078920,0.998042,0.765155,0.078766
s20261019-1366:I1:C,s20261019-1366,train,1,ACT,3,U1,0.914197,0.965763,0.654225,0.882897
s20261019-1367:I0:C,s20261019-1367,train,0,,,,0.087956,1.000000,0.688803,0.087956
s20261019-1367:I1:C,s20261019-1367,train,1,REFRAIN,3,U2,0.922256,0.000021,0.715743,0.000019
s20261019-1368:I0:C,s20261019-1368,train,0,,,,0.058529,1.000000,0.434804,0.058529
s20261019-1368:I1:C,s20261019-1368,train,1,REFRAIN,1,U2,0.909739,0.080847,0.376369,0.073550
s20261019-1369:I0:C,s20261019-1369,train,0,,,,0.111704,1.000000,0.136098,0.111704
s20261019-1369:I1:C,s20261019-1369,train,1,REFRAIN,4,U1,0.923841,0.000044,0.046421,0.000040
s20261019-1370:I0:C,s20261019-1370,train,0,,,,0.082014,1.000000,0.386299,0.082014
s20261019-1370:I1:C,s20261019-1370,train,1,REFRAIN,4,U2,0.677361,0.000944,0.138502,0.000639
s20261019-1371:I0:C,s20261019-1371,test,0,,,,0.092535,1.000000,0.205225,0.092535
s20261019-1371:I1:C,s20261019-1371,test,1,REFRAIN,6,U1,0.891150,0.232596,0.375178,0.207278
s20261019-1372:I0:C,s20261019-1372,train,0,,,,0.074688,1.000000,0.534061,0.074688
s20261019-1372:I1:C,s20261019-1372,train,1,ACT,2,U2,0.908305,0.999690,0.597144,0.908023
s20261019-1373:I0:C,s20261019-1373,train,0,,,,0.087467,1.000000,0.582264,0.087467
s20261019-1373:I1:C,s20261019-1373,train,1,REFRAIN,3,U1,0.908974,0.032943,0.451433,0.029944
s20261019-1374:I0:C,s20261019-1374,train,0,,,,0.088196,1.000000,0.438479,0.088196
s20261019-1374:I1:C,s20261019-1374,train,1,REFRAIN,4,U1,0.940985,0.021940,0.169083,0.020645
s20261019-1375:I0:C,s20261019-1375,train,0,,,,0.064409,1.000000,0.196440,0.064409
s20261019-1375:I1:C,s20261019-1375,train,1,REFRAIN,2,U2,0.914259,0.000001,0.270777,0.000001
s20261019-1376:I0:C,s20261019-1376,train,0,,,,0.075820,1.000000,0.598762,0.075820
s20261019-1376:I1:C,s20261019-1376,train,1,ACT,3,U2,0.922361,0.999950,0.598586,0.922315
s20261019-1377:I0:C,s20261019-1377,train,0,,,,0.082976,1.000000,0.557346,0.082976
s20261019-1377:I1:C,s20261019-1377,train,1,ACT,3,U2,0.916073,1.000000,0.562209,0.916073
s20261019-1378:I0:C,s20261019-1378,train,0,,,,0.090281,1.000000,0.468786,0.090281
s20261019-1378:I1:C,s20261019-1378,train,1,ACT,1,U2,0.925226,0.980004,0.402670,0.906725
s20261019-1379:I0:C,s20261019-1379,train,0,,,,0.116611,1.000000,0.767967,0.116611
s20261019-1379:I1:C,s20261019-1379,train,1,ACT,0,U1,0.921274,0.999914,0.916201,0.921194
s20261019-1380:I0:C,s20261019-1380,test,0,,,,0.069680,1.000000,0.760359,0.069680
s20261019-1380:I1:C,s20261019-1380,test,1,REFRAIN,7,U2,0.740481,0.000000,0.795977,0.000000
s20261019-1381:I0:C,s20261019-1381,train,0,,,,0.083023,1.000000,0.495687,0.083023
s20261019-1381:I1:C,s20261019-1381,train,1,ACT,0,U1,0.926821,0.526370,0.781312,0.487851
s20261019-1382:I0:C,s20261019-1382,train,0,,,,0.094026,1.000000,0.812569,0.094026
s20261019-1382:I1:C,s20261019-1382,train,1,ACT,5,U2,0.931048,0.351130,0.797043,0.326919
s20261019-1383:I0:C,s20261019-1383,train,0,,,,0.072549,1.000000,0.804228,0.072549
s20261019-1383:I1:C,s20261019-1383,train,1,ACT,5,U1,0.898276,0.994155,0.629116,0.893026
s20261019-1384:I0:C,s20261019-1384,train,0,,,,0.087478,1.000000,0.180174,0.087478
s20261019-1384:I1:C,s20261019-1384,train,1,ACT,0,U2,0.917766,0.788402,0.648912,0.723568
s20261019-1385:I0:C,s20261019-1385,test,0,,,,0.096766,1.000000,0.427883,0.096766
s20261019-1385:I1:C,s20261019-1385,test,1,ACT,6,U1,0.908882,0.903540,0.587358,0.821212
s20261019-1386:I0:C,s20261019-1386,test,0,,,,0.087041,1.000000,0.174938,0.087041
s20261019-1386:I1:C,s20261019-1386,test,1,REFRAIN,6,U1,0.914067,0.635319,0.328552,0.580724
s20261019-1387:I0:C,s20261019-1387,train,0,,,,0.096391,1.000000,0.405189,0.096391
s20261019-1387:I1:C,s20261019-1387,train,1,REFRAIN,4,U1,0.934025,0.000070,0.148995,0.000066
s20261019-1388:I0:C,s20261019-1388,train,0,,,,0.066743,1.000000,0.220218,0.066743
s20261019-1388:I1:C,s20261019-1388,train,1,REFRAIN,1,U1,0.890307,0.000030,0.152892,0.000027
s20261019-1389:I0:C,s20261019-1389,train,0,,,,0.072930,1.000000,0.520506,0.072930
s20261019-1389:I1:C,s20261019-1389,train,1,REFRAIN,1,U1,0.903919,0.000611,0.356158,0.000552
s20261019-1390:I0:C,s20261019-1390,test,0,,,,0.095407,1.000000,0.514776,0.095407
s20261019-1390:I1:C,s20261019-1390,test,1,REFRAIN,7,U1,0.923202,0.001613,0.470683,0.001489
s20261019-1391:I0:C,s20261019-1391,test,0,,,,0.086683,1.000000,0.208022,0.086683
s20261019-1391:I1:C,s20261019-1391,test,1,REFRAIN,6,U2,0.921300,0.008940,0.543112,0.008236
s20261019-1392:I0:C,s20261019-1392,train,0,,,,0.080188,1.000000,0.175393,0.080188
s20261019-1392:I1:C,s20261019-1392,train,1,REFRAIN,5,U2,0.905272,0.000000,0.204279,0.000000
s20261019-1393:I0:C,s20261019-1393,train,0,,,,0.085522,1.000000,0.748574,0.085522
s20261019-1393:I1:C,s20261019-1393,train,1,ACT,0,U1,0.903475,0.999693,0.915503,0.903198
s20261019-1394:I0:C,s20261019-1394,train,0,,,,0.057156,1.000000,0.521780,0.057156
s20261019-1394:I1:C,s20261019-1394,train,1,REFRAIN,4,U1,0.918009,0.000009,0.207473,0.000008
s20261019-1395:I0:C,s20261019-1395,val,0,,,,0.097167,0.027102,0.751939,0.002633
s20261019-1395:I1:C,s20261019-1395,val,1,ACT,1,U1,0.922057,0.936392,0.582727,0.863406
s20261019-1396:I0:C,s20261019-1396,val,0,,,,0.076702,1.000000,0.347435,0.076702
s20261019-1396:I1:C,s20261019-1396,val,1,REFRAIN,5,U2,0.905193,0.000000,0.372281,0.000000
s20261019-1397:I0:C,s20261019-1397,train,0,,,,0.081218,1.000000,0.614295,0.081218
s20261019-1397:I1:C,s20261019-1397,train,1,ACT,3,U2,0.926877,1.000000,0.619142,0.926877
s20261019-1398:I0:C,s20261019-1398,test,0,,,,0.076284,1.000000,0.776495,0.076284
s20261019-1398:I1:C,s20261019-1398,test,1,ACT,6,U2,0.929151,0.999997,0.927747,0.929148
s20261019-1399:I0:C,s20261019-1399,train,0,,,,0.072174,1.000000,0.609985,0.072174
s20261019-1399:I1:C,s20261019-1399,train,1,REFRAIN,3,U1,0.905620,0.015157,0.489751,0.013726
s20261019-1400:I0:C,s20261019-1400,test,0,,,,0.059063,1.000000,0.488891,0.059063
s20261019-1400:I1:C,s20261019-1400,test,1,ACT,6,U2,0.908553,0.999457,0.782890,0.908059
s20261019-1401:I0:C,s20261019-1401,train,0,,,,0.087490,1.000000,0.788265,0.087490
s20261019-1401:I1:C,s20261019-1401,train,1,REFRAIN,4,U2,0.955320,0.000000,0.431124,0.000000
s20261019-1402:I0:C,s20261019-1402,train,0,,,,0.071204,1.000000,0.600077,0.071204
s20261019-1402:I1:C,s20261019-1402,train,1,REFRAIN,3,U1,0.909491,0.096436,0.483196,0.087708
s20261019-1403:I0:C,s20261019-1403,train,0,,,,0.080093,1.000000,0.521431,0.080093
s20261019-1403:I1:C,s20261019-1403,train,1,ACT,5,U2,0.936190,1.000000,0.533173,0.936190
s20261019-1404:I0:C,s20261019-1404,train,0,,,,0.121573,0.772726,0.323528,0.093942
s20261019-1404:I1:C,s20261019-1404,train,1,REFRAIN,5,U1,0.890406,0.025695,0.208129,0.022879
s20261019-1405:I0:C,s20261019-1405,train,0,,,,0.073254,1.000000,0.348056,0.073254
s20261019-1405:I1:C,s20261019-1405,train,1,REFRAIN,3,U2,0.912780,0.476444,0.379680,0.434888
s20261019-1406:I0:C,s20261019-1406,val,0,,,,0.077571,1.000000,0.544804,0.077571
s20261019-1406:I1:C,s20261019-1406,val,1,ACT,0,U1,0.935052,0.667164,0.802303,0.623834
s20261019-1407:I0:C,s20261019-1407,test,0,,,,0.125857,1.000000,0.750209,0.125857
s20261019-1407:I1:C,s20261019-1407,test,1,ACT,7,U1,0.922910,0.966531,0.690820,0.892021
s20261019-1408:I0:C,s20261019-1408,train,0,,,,0.116386,1.000000,0.381265,0.116386
s20261019-1408:I1:C,s20261019-1408,train,1,REFRAIN,5,U1,0.913152,0.006115,0.248265,0.005584
s20261019-1409:I0:C,s20261019-1409,test,0,,,,0.068664,1.000000,0.493242,0.068664
s20261019-1409:I1:C,s20261019-1409,test,1,ACT,6,U1,0.893884,0.814113,0.658364,0.727723
s20261019-1410:I0:C,s20261019-1410,val,0,,,,0.068574,1.000000,0.494285,0.068574
s20261019-1410:I1:C,s20261019-1410,val,1,ACT,0,U2,0.914672,1.000000,0.884059,0.914672
s20261019-1411:I0:C,s20261019-1411,train,0,,,,0.110434,1.000000,0.224658,0.110434
s20261019-1411:I1:C,s20261019-1411,train,1,ACT,2,U1,0.931025,0.017579,0.198307,0.016367
s20261019-1412:I0:C,s20261019-1412,test,0,,,,0.076512,1.000000,0.805064,0.076512
s20261019-1412:I1:C,s20261019-1412,test,1,ACT,7,U1,0.914394,0.908148,0.757818,0.830406
s20261019-1413:I0:C,s20261019-1413,test,0,,,,0.073308,1.000000,0.174556,0.073308
s20261019-1413:I1:C,s20261019-1413,test,1,REFRAIN,6,U2,0.920578,0.071819,0.481851,0.066115
s20261019-1414:I0:C,s20261019-1414,test,0,,,,0.082253,1.000000,0.380970,0.082253
s20261019-1414:I1:C,s20261019-1414,test,1,REFRAIN,7,U2,0.914934,0.674513,0.446574,0.617135
s20261019-1415:I0:C,s20261019-1415,train,0,,,,0.091460,1.000000,0.378326,0.091460
s20261019-1415:I1:C,s20261019-1415,train,1,REFRAIN,4,U2,0.887798,0.000000,0.143363,0.000000
s20261019-1416:I0:C,s20261019-1416,train,0,,,,0.091610,1.000000,0.478245,0.091610
s20261019-1416:I1:C,s20261019-1416,train,1,REFRAIN,1,U1,0.915108,0.001932,0.336260,0.001768
s20261019-1417:I0:C,s20261019-1417,train,0,,,,0.089069,1.000000,0.442970,0.089069
s20261019-1417:I1:C,s20261019-1417,train,1,REFRAIN,3,U2,0.878597,0.137348,0.466605,0.120673
s20261019-1418:I0:C,s20261019-1418,val,0,,,,0.082249,1.000000,0.484104,0.082249
s20261019-1418:I1:C,s20261019-1418,val,1,ACT,0,U2,0.903109,1.000000,0.887263,0.903109
s20261019-1419:I0:C,s20261019-1419,val,0,,,,0.079284,1.000000,0.590170,0.079284
s20261019-1419:I1:C,s20261019-1419,val,1,REFRAIN,2,U1,0.927105,0.130819,0.482508,0.121283
s20261019-1420:I0:C,s20261019-1420,train,0,,,,0.066229,1.000000,0.442825,0.066229
s20261019-1420:I1:C,s20261019-1420,train,1,REFRAIN,2,U1,0.927207,0.037798,0.352019,0.035047
s20261019-1421:I0:C,s20261019-1421,train,0,,,,0.075160,1.000000,0.767664,0.075160
s20261019-1421:I1:C,s20261019-1421,train,1,ACT,4,U1,0.924856,0.918229,0.387773,0.849230
s20261019-1422:I0:C,s20261019-1422,test,0,,,,0.084173,1.000000,0.453006,0.084173
s20261019-1422:I1:C,s20261019-1422,test,1,ACT,7,U2,0.902832,0.995783,0.515536,0.899024
s20261019-1423:I0:C,s20261019-1423,test,0,,,,0.072258,1.000000,0.456477,0.072258
s20261019-1423:I1:C,s20261019-1423,test,1,ACT,6,U2,0.924533,0.999998,0.758033,0.924532
s20261019-1424:I0:C,s20261019-1424,train,0,,,,0.074760,1.000000,0.472368,0.074760
s20261019-1424:I1:C,s20261019-1424,train,1,ACT,2,U2,0.906808,0.475458,0.536346,0.431149
s20261019-1425:I0:C,s20261019-1425,test,0,,,,0.087088,1.000000,0.519671,0.087088
s20261019-1425:I1:C,s20261019-1425,test,1,REFRAIN,7,U2,0.847842,0.287652,0.587429,0.243884
s20261019-1426:I0:C,s20261019-1426,test,0,,,,0.061125,1.000000,0.730390,0.061125
s20261019-1426:I1:C,s20261019-1426,test,1,ACT,6,U2,0.931867,0.999976,0.909507,0.931845
s20261019-1427:I0:C,s20261019-1427,train,0,,,,0.057634,1.000000,0.794887,0.057634
s20261019-1427:I1:C,s20261019-1427,train,1,ACT,0,U1,0.901858,0.999920,0.928578,0.901786
s20261019-1428:I0:C,s20261019-1428,val,0,,,,0.078965,1.000000,0.633318,0.078965
s20261019-1428:I1:C,s20261019-1428,val,1,REFRAIN,5,U1,0.903226,0.014061,0.434048,0.012700
s20261019-1429:I0:C,s20261019-1429,train,0,,,,0.068772,1.000000,0.482872,0.068772
s20261019-1429:I1:C,s20261019-1429,train,1,REFRAIN,3,U1,0.900139,0.065828,0.382994,0.059254
s20261019-1430:I0:C,s20261019-1430,train,0,,,,0.108358,1.000000,0.747516,0.108358
s20261019-1430:I1:C,s20261019-1430,train,1,REFRAIN,3,U2,0.916623,0.000000,0.728970,0.000000
s20261019-1431:I0:C,s20261019-1431,train,0,,,,0.082418,1.000000,0.662366,0.082418
s20261019-1431:I1:C,s20261019-1431,train,1,ACT,5,U2,0.914163,1.000000,0.658963,0.914163
s20261019-1432:I0:C,s20261019-1432,train,0,,,,0.090744,1.000000,0.618359,0.090744
s20261019-1432:I1:C,s20261019-1432,train,1,ACT,1,U2,0.887350,0.550109,0.539317,0.488139
s20261019-1433:I0:C,s20261019-1433,train,0,,,,0.084648,1.000000,0.533680,0.084648
s20261019-1433:I1:C,s20261019-1433,train,1,ACT,1,U2,0.910419,1.000000,0.480579,0.910419
s20261019-1434:I0:C,s20261019-1434,train,0,,,,0.093999,1.000000,0.513078,0.093999
s20261019-1434:I1:C,s20261019-1434,train,1,ACT,2,U1,0.923879,0.099588,0.421225,0.092007
s20261019-1435:I0:C,s20261019-1435,train,0,,,,0.049299,1.000000,0.529634,0.049299
s20261019-1435:I1:C,s20261019-1435,train,1,REFRAIN,1,U1,0.944191,0.000004,0.362585,0.000004
s20261019-1436:I0:C,s20261019-1436,test,0,,,,0.071332,1.000000,0.514991,0.071332
s20261019-1436:I1:C,s20261019-1436,test,1,REFRAIN,7,U1,0.915363,0.011617,0.448769,0.010633
s20261019-1437:I0:C,s20261019-1437,test,0,,,,0.074232,1.000000,0.530160,0.074232
s20261019-1437:I1:C,s20261019-1437,test,1,REFRAIN,6,U1,0.917555,0.667168,0.674626,0.612163
s20261019-1438:I0:C,s20261019-1438,val,0,,,,0.156226,0.001228,0.419254,0.000192
s20261019-1438:I1:C,s20261019-1438,val,1,REFRAIN,1,U1,0.919271,0.018720,0.287194,0.017209
s20261019-1439:I0:C,s20261019-1439,train,0,,,,0.077885,1.000000,0.585899,0.077885
s20261019-1439:I1:C,s20261019-1439,train,1,ACT,1,U2,0.941791,0.999968,0.511181,0.941761
s20261019-1440:I0:C,s20261019-1440,train,0,,,,0.078381,1.000000,0.776477,0.078381
s20261019-1440:I1:C,s20261019-1440,train,1,ACT,0,U2,0.923918,0.999955,0.962342,0.923876
s20261019-1441:I0:C,s20261019-1441,train,0,,,,0.090495,1.000000,0.817615,0.090495
s20261019-1441:I1:C,s20261019-1441,train,1,REFRAIN,3,U2,0.919001,0.000243,0.796347,0.000224
s20261019-1442:I0:C,s20261019-1442,train,0,,,,0.063068,1.000000,0.485621,0.063068
s20261019-1442:I1:C,s20261019-1442,train,1,ACT,0,U1,0.924987,0.945717,0.783288,0.874776
s20261019-1443:I0:C,s20261019-1443,train,0,,,,0.099771,1.000000,0.226059,0.099771
s20261019-1443:I1:C,s20261019-1443,train,1,ACT,0,U2,0.922388,0.960052,0.719122,0.885540
s20261019-1444:I0:C,s20261019-1444,test,0,,,,0.092844,1.000000,0.394246,0.092844
s20261019-1444:I1:C,s20261019-1444,test,1,ACT,6,U2,0.923489,1.000000,0.726554,0.923489
s20261019-1445:I0:C,s20261019-1445,test,0,,,,0.085679,1.000000,0.487635,0.085679
s20261019-1445:I1:C,s20261019-1445,test,1,ACT,7,U2,0.942172,1.000000,0.540936,0.942172
s20261019-1446:I0:C,s20261019-1446,test,0,,,,0.086415,1.000000,0.695731,0.086415
s20261019-1446:I1:C,s20261019-1446,test,1,REFRAIN,7,U2,0.725799,0.000000,0.748564,0.000000
s20261019-1447:I0:C,s20261019-1447,train,0,,,,0.084883,1.000000,0.395847,0.084883
s20261019-1447:I1:C,s20261019-1447,train,1,REFRAIN,0,U1,0.913325,0.746693,0.738511,0.681973
s20261019-1448:I0:C,s20261019-1448,train,0,,,,0.082010,1.000000,0.719165,0.082010
s20261019-1448:I1:C,s20261019-1448,train,1,ACT,5,U2,0.921522,0.245221,0.710412,0.225977
s20261019-1449:I0:C,s20261019-1449,train,0,,,,0.092018,1.000000,0.367962,0.092018
s20261019-1449:I1:C,s20261019-1449,train,1,REFRAIN,3,U1,0.912303,0.025255,0.291490,0.023040
s20261019-1450:I0:C,s20261019-1450,test,0,,,,0.074499,1.000000,0.440956,0.074499
s20261019-1450:I1:C,s20261019-1450,test,1,REFRAIN,7,U2,0.915612,0.756868,0.507040,0.692998
s20261019-1451:I0:C,s20261019-1451,train,0,,,,0.063672,1.000000,0.495421,0.063672
s20261019-1451:I1:C,s20261019-1451,train,1,REFRAIN,2,U1,0.918724,0.008203,0.397966,0.007536
s20261019-1452:I0:C,s20261019-1452,train,0,,,,0.100162,1.000000,0.566008,0.100162
s20261019-1452:I1:C,s20261019-1452,train,1,REFRAIN,4,U2,0.560501,0.030957,0.242425,0.017351
s20261019-1453:I0:C,s20261019-1453,train,0,,,,0.074905,1.000000,0.214353,0.074905
s20261019-1453:I1:C,s20261019-1453,train,1,REFRAIN,3,U2,0.907885,0.000004,0.246584,0.000004
s20261019-1454:I0:C,s20261019-1454,test,0,,,,0.076060,1.000000,0.483094,0.076060
s20261019-1454:I1:C,s20261019-1454,test,1,REFRAIN,7,U1,0.910751,0.006215,0.433086,0.005660
s20261019-1455:I0:C,s20261019-1455,train,0,,,,0.104981,1.000000,0.783112,0.104981
s20261019-1455:I1:C,s20261019-1455,train,1,ACT,4,U1,0.914146,0.891156,0.439524,0.814646
s20261019-1456:I0:C,s20261019-1456,train,0,,,,0.088638,1.000000,0.535752,0.088638
s20261019-1456:I1:C,s20261019-1456,train,1,REFRAIN,3,U1,0.907222,0.000545,0.416044,0.000494
s20261019-1457:I0:C,s20261019-1457,train,0,,,,0.080945,1.000000,0.352917,0.080945
s20261019-1457:I1:C,s20261019-1457,train,1,REFRAIN,4,U2,0.804406,0.000001,0.123548,0.000001
s20261019-1458:I0:C,s20261019-1458,train,0,,,,0.215136,0.000373,0.349901,0.000080
s20261019-1458:I1:C,s20261019-1458,train,1,REFRAIN,1,U1,0.920814,0.001813,0.240114,0.001670
s20261019-1459:I0:C,s20261019-1459,train,0,,,,0.074565,1.000000,0.820389,0.074565
s20261019-1459:I1:C,s20261019-1459,train,1,ACT,3,U1,0.929605,0.981647,0.713369,0.912544
s20261019-1460:I0:C,s20261019-1460,test,0,,,,0.083300,1.000000,0.736845,0.083300
s20261019-1460:I1:C,s20261019-1460,test,1,ACT,6,U1,0.906560,0.999979,0.828854,0.906541
s20261019-1461:I0:C,s20261019-1461,test,0,,,,0.084739,1.000000,0.252791,0.084739
s20261019-1461:I1:C,s20261019-1461,test,1,REFRAIN,7,U1,0.928373,0.000013,0.218948,0.000012
s20261019-1462:I0:C,s20261019-1462,val,0,,,,0.090428,1.000000,0.433689,0.090428
s20261019-1462:I1:C,s20261019-1462,val,1,REFRAIN,1,U2,0.925888,0.000002,0.375459,0.000002
s20261019-1463:I0:C,s20261019-1463,test,0,,,,0.102393,1.000000,0.225427,0.102393
s20261019-1463:I1:C,s20261019-1463,test,1,REFRAIN,7,U2,0.925088,0.000000,0.278054,0.000000
s20261019-1464:I0:C,s20261019-1464,val,0,,,,0.080143,1.000000,0.517721,0.080143
s20261019-1464:I1:C,s20261019-1464,val,1,REFRAIN,1,U1,0.938230,0.000171,0.380860,0.000161
s20261019-1465:I0:C,s20261019-1465,test,0,,,,0.128046,1.000000,0.199131,0.128046
s20261019-1465:I1:C,s20261019-1465,test,1,REFRAIN,7,U2,0.929358,0.000000,0.249836,0.000000
s20261019-1466:I0:C,s20261019-1466,test,0,,,,0.071811,1.000000,0.831921,0.071811
s20261019-1466:I1:C,s20261019-1466,test,1,REFRAIN,7,U2,0.749907,0.000000,0.857088,0.000000
s20261019-1467:I0:C,s20261019-1467,train,0,,,,0.085191,1.000000,0.182870,0.085191
s20261019-1467:I1:C,s20261019-1467,train,1,REFRAIN,4,U2,0.897826,0.000000,0.059015,0.000000
s20261019-1468:I0:C,s20261019-1468,train,0,,,,0.083565,1.000000,0.515760,0.083565
s20261019-1468:I1:C,s20261019-1468,train,1,ACT,0,U2,0.928370,0.995732,0.892060,0.924407
s20261019-1469:I0:C,s20261019-1469,train,0,,,,0.093971,1.000000,0.437712,0.093971
s20261019-1469:I1:C,s20261019-1469,train,1,ACT,1,U2,0.916955,0.912106,0.394599,0.836360
s20261019-1470:I0:C,s20261019-1470,train,0,,,,0.073905,1.000000,0.170015,0.073905
s20261019-1470:I1:C,s20261019-1470,train,1,REFRAIN,4,U1,0.902456,0.000689,0.057561,0.000622
s20261019-1471:I0:C,s20261019-1471,train,0,,,,0.103420,1.000000,0.405650,0.103420
s20261019-1471:I1:C,s20261019-1471,train,1,REFRAIN,1,U1,0.911024,0.001095,0.278551,0.000997
s20261019-1472:I0:C,s20261019-1472,test,0,,,,0.075904,0.072042,0.782140,0.005468
s20261019-1472:I1:C,s20261019-1472,test,1,ACT,6,U1,0.911150,0.999996,0.864617,0.911147
s20261019-1473:I0:C,s20261019-1473,val,0,,,,0.086783,1.000000,0.129330,0.086783
s20261019-1473:I1:C,s20261019-1473,val,1,REFRAIN,1,U2,0.904352,0.000000,0.126773,0.000000
s20261019-1474:I0:C,s20261019-1474,train,0,,,,0.076351,1.000000,0.475526,0.076351
s20261019-1474:I1:C,s20261019-1474,train,1,ACT,0,U1,0.925083,0.965711,0.776478,0.893363
s20261019-1475:I0:C,s20261019-1475,test,0,,,,0.113417,1.000000,0.235980,0.113417
s20261019-1475:I1:C,s20261019-1475,test,1,REFRAIN,7,U1,0.920255,0.000094,0.215764,0.000086
s20261019-1476:I0:C,s20261019-1476,test,0,,,,0.067758,1.000000,0.506811,0.067758
s20261019-1476:I1:C,s20261019-1476,test,1,ACT,6,U2,0.927822,0.999973,0.801627,0.927797
s20261019-1477:I0:C,s20261019-1477,train,0,,,,0.110069,1.000000,0.437533,0.110069
s20261019-1477:I1:C,s20261019-1477,train,1,REFRAIN,5,U1,0.906965,0.000207,0.288726,0.000188
s20261019-1478:I0:C,s20261019-1478,val,0,,,,0.084794,1.000000,0.595864,0.084794
s20261019-1478:I1:C,s20261019-1478,val,1,ACT,0,U2,0.934223,0.999898,0.919149,0.934128
s20261019-1479:I0:C,s20261019-1479,val,0,,,,0.105926,1.000000,0.162511,0.105926
s20261019-1479:I1:C,s20261019-1479,val,1,REFRAIN,5,U2,0.913889,0.000000,0.192884,0.000000
s20261019-1480:I0:C,s20261019-1480,val,0,,,,0.093236,1.000000,0.147410,0.093236
s20261019-1480:I1:C,s20261019-1480,val,1,REFRAIN,0,U1,0.916865,0.654707,0.430129,0.600278
s20261019-1481:I0:C,s20261019-1481,test,0,,,,0.072978,1.000000,0.603592,0.072978
s20261019-1481:I1:C,s20261019-1481,test,1,ACT,7,U2,0.924500,1.000000,0.650738,0.924500
s20261019-1482:I0:C,s20261019-1482,train,0,,,,0.052539,1.000000,0.566916,0.052539
s20261019-1482:I1:C,s20261019-1482,train,1,ACT,0,U1,0.927981,0.795421,0.816059,0.738135
s20261019-1483:I0:C,s20261019-1483,train,0,,,,0.124112,0.954541,0.303226,0.118470
s20261019-1483:I1:C,s20261019-1483,train,1,REFRAIN,5,U1,0.924380,0.000080,0.192818,0.000074
s20261019-1484:I0:C,s20261019-1484,test,0,,,,0.082530,1.000000,0.710715,0.082530
s20261019-1484:I1:C,s20261019-1484,test,1,REFRAIN,7,U2,0.687303,0.000000,0.752785,0.000000
s20261019-1485:I0:C,s20261019-1485,train,0,,,,0.088406,1.000000,0.726731,0.088406
s20261019-1485:I1:C,s20261019-1485,train,1,REFRAIN,4,U2,0.923138,0.000000,0.350911,0.000000
s20261019-1486:I0:C,s20261019-1486,test,0,,,,0.081873,1.000000,0.545883,0.081873
s20261019-1486:I1:C,s20261019-1486,test,1,ACT,6,U2,0.930577,1.000000,0.816759,0.930577
s20261019-1487:I0:C,s20261019-1487,train,0,,,,0.085956,1.000000,0.709482,0.085956
s20261019-1487:I1:C,s20261019-1487,train,1,ACT,0,U1,0.902294,0.999377,0.892769,0.901732
s20261019-1488:I0:C,s20261019-1488,train,0,,,,0.089614,1.000000,0.556623,0.089614
s20261019-1488:I1:C,s20261019-1488,train,1,REFRAIN,5,U1,0.918832,0.032705,0.378048,0.030050
s20261019-1489:I0:C,s20261019-1489,train,0,,,,0.110398,1.000000,0.794336,0.110398
s20261019-1489:I1:C,s20261019-1489,train,1,ACT,3,U1,0.924094,0.993532,0.678993,0.918117
s20261019-1490:I0:C,s20261019-1490,train,0,,,,0.119999,0.015778,0.718945,0.001893
s20261019-1490:I1:C,s20261019-1490,train,1,ACT,1,U1,0.910711,0.996107,0.556659,0.907166
s20261019-1491:I0:C,s20261019-1491,test,0,,,,0.080902,1.000000,0.471605,0.080902
s20261019-1491:I1:C,s20261019-1491,test,1,ACT,6,U2,0.917124,0.999999,0.771725,0.917124
s20261019-1492:I0:C,s20261019-1492,train,0,,,,0.077164,1.000000,0.177420,0.077164
s20261019-1492:I1:C,s20261019-1492,train,1,REFRAIN,3,U1,0.905771,0.004124,0.139560,0.003736
s20261019-1493:I0:C,s20261019-1493,train,0,,,,0.058000,1.000000,0.629572,0.058000
s20261019-1493:I1:C,s20261019-1493,train,1,ACT,3,U1,0.921537,0.173040,0.511709,0.159463
s20261019-1494:I0:C,s20261019-1494,train,0,,,,0.085725,1.000000,0.418501,0.085725
s20261019-1494:I1:C,s20261019-1494,train,1,REFRAIN,5,U1,0.906855,0.002098,0.283905,0.001903
s20261019-1495:I0:C,s20261019-1495,train,0,,,,0.086276,1.000000,0.223268,0.086276
s20261019-1495:I1:C,s20261019-1495,train,1,REFRAIN,3,U2,0.901632,0.000001,0.258804,0.000001
s20261019-1496:I0:C,s20261019-1496,test,0,,,,0.079886,1.000000,0.448818,0.079886
s20261019-1496:I1:C,s20261019-1496,test,1,REFRAIN,7,U2,0.912572,0.982469,0.513170,0.896574
s20261019-1497:I0:C,s20261019-1497,test,0,,,,0.081350,1.000000,0.543880,0.081350
s20261019-1497:I1:C,s20261019-1497,test,1,ACT,6,U2,0.905617,1.000000,0.817283,0.905617
s20261019-1498:I0:C,s20261019-1498,test,0,,,,0.063561,1.000000,0.796842,0.063561
s20261019-1498:I1:C,s20261019-1498,test,1,ACT,6,U2,0.930690,0.999979,0.933497,0.930671
s20261019-1499:I0:C,s20261019-1499,train,0,,,,0.080432,1.000000,0.634765,0.080432
s20261019-1499:I1:C,s20261019-1499,train,1,REFRAIN,4,U2,0.944878,0.000000,0.285342,0.000000
s20261019-1500:I0:C,s20261019-1500,train,0,,,,0.076173,1.000000,0.518645,0.076173
s20261019-1500:I1:C,s20261019-1500,train,1,REFRAIN,4,U2,0.873165,0.000000,0.206132,0.000000
s20261019-1501:I0:C,s20261019-1501,val,0,,,,0.094519,1.000000,0.374294,0.094519
s20261019-1501:I1:C,s20261019-1501,val,1,REFRAIN,1,U2,0.928982,0.000000,0.337759,0.000000
s20261019-1502:I0:C,s20261019-1502,test,0,,,,0.086042,1.000000,0.153163,0.086042
s20261019-1502:I1:C,s20261019-1502,test,1,ACT,6,U2,0.928030,0.063988,0.452527,0.059382
s20261019-1503:I0:C,s20261019-1503,train,0,,,,0.065234,1.000000,0.795913,0.065234
s20261019-1503:I1:C,s20261019-1503,train,1,ACT,4,U1,0.898586,0.976426,0.450468,0.877402
s20261019-1504:I0:C,s20261019-1504,train,0,,,,0.081542,1.000000,0.424448,0.081542
s20261019-1504:I1:C,s20261019-1504,train,1,REFRAIN,3,U1,0.905292,0.128621,0.331722,0.116440
s20261019-1505:I0:C,s20261019-1505,val,0,,,,0.147766,0.999998,0.461688,0.147766
s20261019-1505:I1:C,s20261019-1505,val,1,REFRAIN,5,U1,0.904980,0.090674,0.290046,0.082058
s20261019-1506:I0:C,s20261019-1506,train,0,,,,0.087511,1.000000,0.724837,0.087511
s20261019-1506:I1:C,s20261019-1506,train,1,REFRAIN,2,U2,0.910694,0.586449,0.748756,0.534076
s20261019-1507:I0:C,s20261019-1507,val,0,,,,0.080017,1.000000,0.477142,0.080017
s20261019-1507:I1:C,s20261019-1507,val,1,REFRAIN,3,U1,0.914677,0.045880,0.390291,0.041965
s20261019-1508:I0:C,s20261019-1508,train,0,,,,0.078504,1.000000,0.238583,0.078504
s20261019-1508:I1:C,s20261019-1508,train,1,REFRAIN,4,U2,0.902632,0.000000,0.077593,0.000000
s20261019-1509:I0:C,s20261019-1509,train,0,,,,0.080482,1.000000,0.216602,0.080482
s20261019-1509:I1:C,s20261019-1509,train,1,REFRAIN,3,U2,0.918907,0.000019,0.252076,0.000018
s20261019-1510:I0:C,s20261019-1510,val,0,,,,0.104147,1.000000,0.478971,0.104147
s20261019-1510:I1:C,s20261019-1510,val,1,REFRAIN,4,U1,0.915435,0.001314,0.180285,0.001203
s20261019-1511:I0:C,s20261019-1511,test,0,,,,0.077868,1.000000,0.410202,0.077868
s20261019-1511:I1:C,s20261019-1511,test,1,REFRAIN,7,U1,0.899595,0.126129,0.360328,0.113465
s20261019-1512:I0:C,s20261019-1512,val,0,,,,0.105983,1.000000,0.402151,0.105983
s20261019-1512:I1:C,s20261019-1512,val,1,REFRAIN,2,U1,0.904672,0.063782,0.350813,0.057702
s20261019-1513:I0:C,s20261019-1513,train,0,,,,0.085683,1.000000,0.202373,0.085683
s20261019-1513:I1:C,s20261019-1513,train,1,REFRAIN,5,U2,0.917280,0.000000,0.245020,0.000000
s20261019-1514:I0:C,s20261019-1514,train,0,,,,0.085618,1.000000,0.391215,0.085618
s20261019-1514:I1:C,s20261019-1514,train,1,REFRAIN,4,U1,0.915462,0.000759,0.136567,0.000695
s20261019-1515:I0:C,s20261019-1515,train,0,,,,0.096886,1.000000,0.499990,0.096886
s20261019-1515:I1:C,s20261019-1515,train,1,ACT,1,U2,0.908193,0.966942,0.430057,0.878169
s20261019-1516:I0:C,s20261019-1516,train,0,,,,0.126072,1.000000,0.163777,0.126072
s20261019-1516:I1:C,s20261019-1516,train,1,REFRAIN,1,U1,0.911840,0.000000,0.114553,0.000000
s20261019-1517:I0:C,s20261019-1517,test,0,,,,0.060259,1.000000,0.712151,0.060259
s20261019-1517:I1:C,s20261019-1517,test,1,ACT,6,U2,0.925862,0.999996,0.900655,0.925858
s20261019-1518:I0:C,s20261019-1518,val,0,,,,0.213620,0.042278,0.428796,0.009031
s20261019-1518:I1:C,s20261019-1518,val,1,REFRAIN,2,U1,0.915806,0.040398,0.357197,0.036997
s20261019-1519:I0:C,s20261019-1519,val,0,,,,0.084724,1.000000,0.499343,0.084724
s20261019-1519:I1:C,s20261019-1519,val,1,REFRAIN,4,U2,0.737503,0.000933,0.200535,0.000688
s20261019-1520:I0:C,s20261019-1520,train,0,,,,0.093844,1.000000,0.192164,0.093844
s20261019-1520:I1:C,s20261019-1520,train,1,REFRAIN,1,U1,0.922888,0.000000,0.132205,0.000000
s20261019-1521:I0:C,s20261019-1521,train,0,,,,0.070709,1.000000,0.780095,0.070709
s20261019-1521:I1:C,s20261019-1521,train,1,ACT,1,U1,0.919673,0.965293,0.615239,0.887755
s20261019-1522:I0:C,s20261019-1522,train,0,,,,0.075779,1.000000,0.440958,0.075779
s20261019-1522:I1:C,s20261019-1522,train,1,ACT,1,U2,0.928700,0.957171,0.382823,0.888924
s20261019-1523:I0:C,s20261019-1523,train,0,,,,0.093331,1.000000,0.688228,0.093331
s20261019-1523:I1:C,s20261019-1523,train,1,REFRAIN,4,U2,0.832907,0.000001,0.326931,0.000001
s20261019-1524:I0:C,s20261019-1524,val,0,,,,0.078471,1.000000,0.156365,0.078471
s20261019-1524:I1:C,s20261019-1524,val,1,REFRAIN,3,U1,0.906710,0.000330,0.123895,0.000299
s20261019-1525:I0:C,s20261019-1525,test,0,,,,0.096067,1.000000,0.197678,0.096067
s20261019-1525:I1:C,s20261019-1525,test,1,REFRAIN,6,U2,0.917033,0.000004,0.502710,0.000003
s20261019-1526:I0:C,s20261019-1526,val,0,,,,0.085259,1.000000,0.426297,0.085259
s20261019-1526:I1:C,s20261019-1526,val,1,REFRAIN,3,U2,0.908439,0.695513,0.451627,0.631831
s20261019-1527:I0:C,s20261019-1527,test,0,,,,0.067214,1.000000,0.404711,0.067214
s20261019-1527:I1:C,s20261019-1527,test,1,REFRAIN,7,U1,0.931739,0.000918,0.351505,0.000855
s20261019-1528:I0:C,s20261019-1528,test,0,,,,0.095692,1.000000,0.454997,0.095692
s20261019-1528:I1:C,s20261019-1528,test,1,ACT,7,U2,0.909611,0.969885,0.529661,0.882218
s20261019-1529:I0:C,s20261019-1529,val,0,,,,0.073468,1.000000,0.520698,0.073468
s20261019-1529:I1:C,s20261019-1529,val,1,REFRAIN,4,U2,0.757803,0.000002,0.207032,0.000001
s20261019-1530:I0:C,s20261019-1530,train,0,,,,0.068540,1.000000,0.499190,0.068540
s20261019-1530:I1:C,s20261019-1530,train,1,REFRAIN,4,U1,0.920480,0.000176,0.188891,0.000162
s20261019-1531:I0:C,s20261019-1531,train,0,,,,0.097716,1.000000,0.436534,0.097716
s20261019-1531:I1:C,s20261019-1531,train,1,REFRAIN,1,U1,0.923827,0.001389,0.294614,0.001283
s20261019-1532:I0:C,s20261019-1532,val,0,,,,0.094607,1.000000,0.193486,0.094607
s20261019-1532:I1:C,s20261019-1532,val,1,REFRAIN,4,U1,0.920865,0.000011,0.067478,0.000011
s20261019-1533:I0:C,s20261019-1533,train,0,,,,0.098860,1.000000,0.147869,0.098860
s20261019-1533:I1:C,s20261019-1533,train,1,REFRAIN,5,U2,0.924047,0.000000,0.184328,0.000000
s20261019-1534:I0:C,s20261019-1534,train,0,,,,0.089577,1.000000,0.299367,0.089577
s20261019-1534:I1:C,s20261019-1534,train,1,REFRAIN,1,U2,0.902216,0.000000,0.263612,0.000000
s20261019-1535:I0:C,s20261019-1535,train,0,,,,0.068556,1.000000,0.480559,0.068556
s20261019-1535:I1:C,s20261019-1535,train,1,ACT,0,U1,0.921167,0.216134,0.771786,0.199096
s20261019-1536:I0:C,s20261019-1536,test,0,,,,0.096759,1.000000,0.469015,0.096759
s20261019-1536:I1:C,s20261019-1536,test,1,REFRAIN,7,U1,0.927626,0.002582,0.406519,0.002395
s20261019-1537:I0:C,s20261019-1537,train,0,,,,0.076571,1.000000,0.432000,0.076571
s20261019-1537:I1:C,s20261019-1537,train,1,ACT,2,U2,0.917718,0.987654,0.506780,0.906387
s20261019-1538:I0:C,s20261019-1538,train,0,,,,0.079695,1.000000,0.679568,0.079695
s20261019-1538:I1:C,s20261019-1538,train,1,ACT,4,U1,0.912601,0.932845,0.322480,0.851316
s20261019-1539:I0:C,s20261019-1539,train,0,,,,0.086605,1.000000,0.751007,0.086605
s20261019-1539:I1:C,s20261019-1539,train,1,REFRAIN,4,U2,0.934079,0.000000,0.377066,0.000000
s20261019-1540:I0:C,s20261019-1540,train,0,,,,0.072287,1.000000,0.765559,0.072287
s20261019-1540:I1:C,s20261019-1540,train,1,REFRAIN,5,U2,0.920220,0.189071,0.755892,0.173987
s20261019-1541:I0:C,s20261019-1541,train,0,,,,0.079501,1.000000,0.398219,0.079501
s20261019-1541:I1:C,s20261019-1541,train,1,ACT,0,U2,0.916186,1.000000,0.851678,0.916186
s20261019-1542:I0:C,s20261019-1542,test,0,,,,0.088844,1.000000,0.737888,0.088844
s20261019-1542:I1:C,s20261019-1542,test,1,ACT,6,U2,0.930019,0.999986,0.917500,0.930005
s20261019-1543:I0:C,s20261019-1543,test,0,,,,0.098963,1.000000,0.563350,0.098963
s20261019-1543:I1:C,s20261019-1543,test,1,REFRAIN,7,U1,0.922498,0.000346,0.520481,0.000319
s20261019-1544:I0:C,s20261019-1544,test,0,,,,0.070184,1.000000,0.229423,0.070184
s20261019-1544:I1:C,s20261019-1544,test,1,REFRAIN,6,U1,0.916720,0.215211,0.380703,0.197288
s20261019-1545:I0:C,s20261019-1545,val,0,,,,0.073012,1.000000,0.219666,0.073012
s20261019-1545:I1:C,s20261019-1545,val,1,REFRAIN,4,U2,0.891219,0.000000,0.069468,0.000000
s20261019-1546:I0:C,s20261019-1546,test,0,,,,0.085273,1.000000,0.427936,0.085273
s20261019-1546:I1:C,s20261019-1546,test,1,ACT,6,U1,0.936900,0.802069,0.603602,0.751458
s20261019-1547:I0:C,s20261019-1547,val,0,,,,0.086623,1.000000,0.473478,0.086623
s20261019-1547:I1:C,s20261019-1547,val,1,ACT,5,U2,0.854779,1.000000,0.489119,0.854779
s20261019-1548:I0:C,s20261019-1548,train,0,,,,0.079558,1.000000,0.185776,0.079558
s20261019-1548:I1:C,s20261019-1548,train,1,REFRAIN,1,U2,0.902152,0.000000,0.169802,0.000000
s20261019-1549:I0:C,s20261019-1549,train,0,,,,0.069264,1.000000,0.635993,0.069264
s20261019-1549:I1:C,s20261019-1549,train,1,REFRAIN,5,U1,0.908267,0.002064,0.440077,0.001874
s20261019-1550:I0:C,s20261019-1550,train,0,,,,0.080105,1.000000,0.453059,0.080105
s20261019-1550:I1:C,s20261019-1550,train,1,REFRAIN,4,U2,0.919772,0.000000,0.187251,0.000000
s20261019-1551:I0:C,s20261019-1551,test,0,,,,0.081250,1.000000,0.549849,0.081250
s20261019-1551:I1:C,s20261019-1551,test,1,ACT,6,U2,0.917032,1.000000,0.831367,0.917032
s20261019-1552:I0:C,s20261019-1552,test,0,,,,0.089115,1.000000,0.579544,0.089115
s20261019-1552:I1:C,s20261019-1552,test,1,ACT,7,U2,0.935415,0.823399,0.634713,0.770220
s20261019-1553:I0:C,s20261019-1553,train,0,,,,0.109482,0.954410,0.350211,0.104491
s20261019-1553:I1:C,s20261019-1553,train,1,REFRAIN,3,U1,0.927002,0.035986,0.279206,0.033359
s20261019-1554:I0:C,s20261019-1554,train,0,,,,0.202848,0.999887,0.508664,0.202825
s20261019-1554:I1:C,s20261019-1554,train,1,REFRAIN,4,U1,0.910243,0.001882,0.188977,0.001713
s20261019-1555:I0:C,s20261019-1555,val,0,,,,0.072515,1.000000,0.510850,0.072515
s20261019-1555:I1:C,s20261019-1555,val,1,REFRAIN,4,U1,0.924552,0.000737,0.195229,0.000682
s20261019-1556:I0:C,s20261019-1556,test,0,,,,0.069133,1.000000,0.780142,0.069133
s20261019-1556:I1:C,s20261019-1556,test,1,ACT,6,U2,0.926504,0.999999,0.928968,0.926503
s20261019-1557:I0:C,s20261019-1557,train,0,,,,0.085460,1.000000,0.242414,0.085460
s20261019-1557:I1:C,s20261019-1557,train,1,REFRAIN,5,U2,0.911386,0.000000,0.272361,0.000000
s20261019-1558:I0:C,s20261019-1558,train,0,,,,0.088366,1.000000,0.718147,0.088366
s20261019-1558:I1:C,s20261019-1558,train,1,REFRAIN,1,U2,0.916551,0.000000,0.639359,0.000000
s20261019-1559:I0:C,s20261019-1559,train,0,,,,0.108692,1.000000,0.225357,0.108692
s20261019-1559:I1:C,s20261019-1559,train,1,REFRAIN,1,U1,0.926605,0.000000,0.157362,0.000000
s20261019-1560:I0:C,s20261019-1560,test,0,,,,0.096665,1.000000,0.417716,0.096665
s20261019-1560:I1:C,s20261019-1560,test,1,REFRAIN,7,U2,0.923305,0.862907,0.482996,0.796726
s20261019-1561:I0:C,s20261019-1561,train,0,,,,0.083440,1.000000,0.757394,0.083440
s20261019-1561:I1:C,s20261019-1561,train,1,REFRAIN,3,U2,0.902747,0.000000,0.752266,0.000000
s20261019-1562:I0:C,s20261019-1562,test,0,,,,0.091619,1.000000,0.764014,0.091619
s20261019-1562:I1:C,s20261019-1562,test,1,REFRAIN,7,U2,0.849193,0.000000,0.806294,0.000000
s20261019-1563:I0:C,s20261019-1563,train,0,,,,0.068959,1.000000,0.816320,0.068959
s20261019-1563:I1:C,s20261019-1563,train,1,ACT,2,U2,0.907145,0.961694,0.830687,0.872395
s20261019-1564:I0:C,s20261019-1564,train,0,,,,0.090294,1.000000,0.520423,0.090294
s20261019-1564:I1:C,s20261019-1564,train,1,REFRAIN,4,U2,0.910591,0.000022,0.197327,0.000020
s20261019-1565:I0:C,s20261019-1565,train,0,,,,0.086023,1.000000,0.714535,0.086023
s20261019-1565:I1:C,s20261019-1565,train,1,ACT,2,U2,0.917893,0.861868,0.740349,0.791103
s20261019-1566:I0:C,s20261019-1566,train,0,,,,0.184251,0.008634,0.446822,0.001591
s20261019-1566:I1:C,s20261019-1566,train,1,REFRAIN,2,U1,0.917388,0.013688,0.369373,0.012558
s20261019-1567:I0:C,s20261019-1567,test,0,,,,0.064433,1.000000,0.719224,0.064433
s20261019-1567:I1:C,s20261019-1567,test,1,ACT,7,U1,0.932702,0.980643,0.660795,0.914647
s20261019-1568:I0:C,s20261019-1568,train,0,,,,0.079519,1.000000,0.520709,0.079519
s20261019-1568:I1:C,s20261019-1568,train,1,ACT,3,U2,0.923088,0.999984,0.536746,0.923073
s20261019-1569:I0:C,s20261019-1569,train,0,,,,0.093959,1.000000,0.697952,0.093959
s20261019-1569:I1:C,s20261019-1569,train,1,ACT,0,U2,0.912561,0.999889,0.943105,0.912460
s20261019-1570:I0:C,s20261019-1570,train,0,,,,0.098086,1.000000,0.454910,0.098086
s20261019-1570:I1:C,s20261019-1570,train,1,REFRAIN,4,U2,0.872684,0.000008,0.176053,0.000007
s20261019-1571:I0:C,s20261019-1571,train,0,,,,0.100723,1.000000,0.440509,0.100723
s20261019-1571:I1:C,s20261019-1571,train,1,ACT,1,U2,0.917637,0.986463,0.394829,0.905215
s20261019-1572:I0:C,s20261019-1572,val,0,,,,0.062516,1.000000,0.751462,0.062516
s20261019-1572:I1:C,s20261019-1572,val,1,REFRAIN,2,U2,0.913523,0.385165,0.777103,0.351857
s20261019-1573:I0:C,s20261019-1573,test,0,,,,0.105406,1.000000,0.422180,0.105406
s20261019-1573:I1:C,s20261019-1573,test,1,REFRAIN,7,U1,0.924271,0.007711,0.379125,0.007127
s20261019-1574:I0:C,s20261019-1574,test,0,,,,0.077108,1.000000,0.167504,0.077108
s20261019-1574:I1:C,s20261019-1574,test,1,REFRAIN,7,U1,0.930919,0.000030,0.144093,0.000028
s20261019-1575:I0:C,s20261019-1575,test,0,,,,0.089824,1.000000,0.203784,0.089824
s20261019-1575:I1:C,s20261019-1575,test,1,REFRAIN,7,U1,0.924729,0.000003,0.184974,0.000003
s20261019-1576:I0:C,s20261019-1576,test,0,,,,0.050644,1.000000,0.460401,0.050644
s20261019-1576:I1:C,s20261019-1576,test,1,ACT,6,U2,0.921802,1.000000,0.761255,0.921802
s20261019-1577:I0:C,s20261019-1577,train,0,,,,0.080239,1.000000,0.483697,0.080239
s20261019-1577:I1:C,s20261019-1577,train,1,ACT,5,U2,0.897298,0.999995,0.513474,0.897293
s20261019-1578:I0:C,s20261019-1578,train,0,,,,0.091397,1.000000,0.659546,0.091397
s20261019-1578:I1:C,s20261019-1578,train,1,REFRAIN,1,U2,0.886527,0.000000,0.574696,0.000000
s20261019-1579:I0:C,s20261019-1579,train,0,,,,0.129117,0.999996,0.493672,0.129116
s20261019-1579:I1:C,s20261019-1579,train,1,REFRAIN,1,U1,0.904531,0.000675,0.336959,0.000610
s20261019-1580:I0:C,s20261019-1580,train,0,,,,0.074661,1.000000,0.507838,0.074661
s20261019-1580:I1:C,s20261019-1580,train,1,ACT,0,U2,0.919398,1.000000,0.886896,0.919397
s20261019-1581:I0:C,s20261019-1581,test,0,,,,0.114970,1.000000,0.137488,0.114970
s20261019-1581:I1:C,s20261019-1581,test,1,REFRAIN,7,U1,0.926538,0.000062,0.128942,0.000058
s20261019-1582:I0:C,s20261019-1582,train,0,,,,0.089527,1.000000,0.203516,0.089527
s20261019-1582:I1:C,s20261019-1582,train,1,REFRAIN,2,U1,0.921486,0.028204,0.177652,0.025990
s20261019-1583:I0:C,s20261019-1583,val,0,,,,0.072470,1.000000,0.151098,0.072470
s20261019-1583:I1:C,s20261019-1583,val,1,REFRAIN,0,U2,0.909224,0.749205,0.617823,0.681195
s20261019-1584:I0:C,s20261019-1584,train,0,,,,0.095206,1.000000,0.750362,0.095206
s20261019-1584:I1:C,s20261019-1584,train,1,REFRAIN,1,U2,0.832387,0.000000,0.665753,0.000000
s20261019-1585:I0:C,s20261019-1585,train,0,,,,0.095431,1.000000,0.210489,0.095431
s20261019-1585:I1:C,s20261019-1585,train,1,ACT,0,U1,0.917033,0.885211,0.546697,0.811768
s20261019-1586:I0:C,s20261019-1586,test,0,,,,0.082589,1.000000,0.736352,0.082589
s20261019-1586:I1:C,s20261019-1586,test,1,ACT,7,U1,0.907252,0.995620,0.691164,0.903278
s20261019-1587:I0:C,s20261019-1587,train,0,,,,0.075535,1.000000,0.344981,0.075535
s20261019-1587:I1:C,s20261019-1587,train,1,REFRAIN,2,U2,0.927621,0.002831,0.420703,0.002626
s20261019-1588:I0:C,s20261019-1588,train,0,,,,0.075466,1.000000,0.655475,0.075466
s20261019-1588:I1:C,s20261019-1588,train,1,REFRAIN,0,U1,0.890063,0.760688,0.863584,0.677060
s20261019-1589:I0:C,s20261019-1589,test,0,,,,0.164602,0.000003,0.665554,0.000001
s20261019-1589:I1:C,s20261019-1589,test,1,ACT,6,U1,0.913061,0.999998,0.787887,0.913059
s20261019-1590:I0:C,s20261019-1590,train,0,,,,0.082138,1.000000,0.254187,0.082138
s20261019-1590:I1:C,s20261019-1590,train,1,REFRAIN,1,U2,0.916816,0.000001,0.235238,0.000001
s20261019-1591:I0:C,s20261019-1591,test,0,,,,0.084737,1.000000,0.221998,0.084737
s20261019-1591:I1:C,s20261019-1591,test,1,REFRAIN,7,U2,0.893410,0.000000,0.273857,0.000000
s20261019-1592:I0:C,s20261019-1592,train,0,,,,0.084802,1.000000,0.464900,0.084802
s20261019-1592:I1:C,s20261019-1592,train,1,REFRAIN,1,U1,0.941095,0.001045,0.328078,0.000984
s20261019-1593:I0:C,s20261019-1593,train,0,,,,0.073229,1.000000,0.793961,0.073229
s20261019-1593:I1:C,s20261019-1593,train,1,ACT,1,U1,0.917475,0.997429,0.644684,0.915117
s20261019-1594:I0:C,s20261019-1594,train,0,,,,0.080468,1.000000,0.499022,0.080468
s20261019-1594:I1:C,s20261019-1594,train,1,ACT,2,U2,0.890463,0.999994,0.559386,0.890457
s20261019-1595:I0:C,s20261019-1595,train,0,,,,0.077544,1.000000,0.197243,0.077544
s20261019-1595:I1:C,s20261019-1595,train,1,REFRAIN,5,U1,0.917829,0.000219,0.123319,0.000201
s20261019-1596:I0:C,s20261019-1596,val,0,,,,0.104242,1.000000,0.327709,0.104242
s20261019-1596:I1:C,s20261019-1596,val,1,REFRAIN,4,U1,0.936151,0.001560,0.116700,0.001461
s20261019-1597:I0:C,s20261019-1597,test,0,,,,0.078882,1.000000,0.441931,0.078882
s20261019-1597:I1:C,s20261019-1597,test,1,REFRAIN,6,U1,0.931199,0.268506,0.611669,0.250032
s20261019-1598:I0:C,s20261019-1598,test,0,,,,0.070289,1.000000,0.562560,0.070289
s20261019-1598:I1:C,s20261019-1598,test,1,REFRAIN,7,U1,0.910634,0.021529,0.493800,0.019605
s20261019-1599:I0:C,s20261019-1599,train,0,,,,0.064100,1.000000,0.244037,0.064100
s20261019-1599:I1:C,s20261019-1599,train,1,REFRAIN,2,U2,0.920047,0.000000,0.328359,0.000000
s20261019-1600:I0:C,s20261019-1600,test,0,,,,0.058845,1.000000,0.722287,0.058845
s20261019-1600:I1:C,s20261019-1600,test,1,REFRAIN,7,U2,0.913498,0.000003,0.763708,0.000003
s20261019-1601:I0:C,s20261019-1601,train,0,,,,0.081607,1.000000,0.541634,0.081607
s20261019-1601:I1:C,s20261019-1601,train,1,REFRAIN,3,U1,0.925863,0.092948,0.450302,0.086057
s20261019-1602:I0:C,s20261019-1602,train,0,,,,0.101744,1.000000,0.549970,0.101744
s20261019-1602:I1:C,s20261019-1602,train,1,REFRAIN,1,U1,0.920099,0.000518,0.385558,0.000476
s20261019-1603:I0:C,s20261019-1603,test,0,,,,0.075819,1.000000,0.166907,0.075819
s20261019-1603:I1:C,s20261019-1603,test,1,REFRAIN,7,U1,0.928603,0.000000,0.152777,0.000000
s20261019-1604:I0:C,s20261019-1604,train,0,,,,0.076702,1.000000,0.364028,0.076702
s20261019-1604:I1:C,s20261019-1604,train,1,REFRAIN,5,U1,0.904560,0.000571,0.240676,0.000516
s20261019-1605:I0:C,s20261019-1605,train,0,,,,0.071275,1.000000,0.300133,0.071275
s20261019-1605:I1:C,s20261019-1605,train,1,REFRAIN,1,U2,0.922890,0.000122,0.275325,0.000112
s20261019-1606:I0:C,s20261019-1606,test,0,,,,0.078216,1.000000,0.476000,0.078216
s20261019-1606:I1:C,s20261019-1606,test,1,ACT,6,U2,0.926667,0.999980,0.778663,0.926649
s20261019-1607:I0:C,s20261019-1607,train,0,,,,0.089494,1.000000,0.797372,0.089494
s20261019-1607:I1:C,s20261019-1607,train,1,REFRAIN,3,U2,0.912121,0.000364,0.775730,0.000332
s20261019-1608:I0:C,s20261019-1608,train,0,,,,0.081537,1.000000,0.236137,0.081537
s20261019-1608:I1:C,s20261019-1608,train,1,REFRAIN,1,U1,0.915672,0.000000,0.165740,0.000000
s20261019-1609:I0:C,s20261019-1609,train,0,,,,0.087228,1.000000,0.508505,0.087228
s20261019-1609:I1:C,s20261019-1609,train,1,ACT,1,U2,0.908287,0.999965,0.458163,0.908255
s20261019-1610:I0:C,s20261019-1610,train,0,,,,0.108739,1.000000,0.516237,0.108739
s20261019-1610:I1:C,s20261019-1610,train,1,REFRAIN,1,U1,0.934293,0.000123,0.360705,0.000115
s20261019-1611:I0:C,s20261019-1611,test,0,,,,0.081449,1.000000,0.494903,0.081449
s20261019-1611:I1:C,s20261019-1611,test,1,ACT,6,U2,0.918142,1.000000,0.786404,0.918142
s20261019-1612:I0:C,s20261019-1612,train,0,,,,0.087089,1.000000,0.799893,0.087089
s20261019-1612:I1:C,s20261019-1612,train,1,REFRAIN,1,U2,0.890355,0.000000,0.721927,0.000000
s20261019-1613:I0:C,s20261019-1613,train,0,,,,0.080345,1.000000,0.691581,0.080345
s20261019-1613:I1:C,s20261019-1613,train,1,REFRAIN,5,U2,0.915117,0.188007,0.701042,0.172049
s20261019-1614:I0:C,s20261019-1614,test,0,,,,0.094667,1.000000,0.439706,0.094667
s20261019-1614:I1:C,s20261019-1614,test,1,REFRAIN,6,U1,0.938040,0.845666,0.611869,0.793269
s20261019-1615:I0:C,s20261019-1615,train,0,,,,0.077842,1.000000,0.713753,0.077842
s20261019-1615:I1:C,s20261019-1615,train,1,ACT,3,U1,0.915305,0.975547,0.590258,0.892924
s20261019-1616:I0:C,s20261019-1616,test,0,,,,0.071435,1.000000,0.784574,0.071435
s20261019-1616:I1:C,s20261019-1616,test,1,ACT,6,U1,0.908267,0.999994,0.860157,0.908262
s20261019-1617:I0:C,s20261019-1617,train,0,,,,0.075184,1.000000,0.455447,0.075184
s20261019-1617:I1:C,s20261019-1617,train,1,REFRAIN,2,U1,0.919100,0.008266,0.362424,0.007597
s20261019-1618:I0:C,s20261019-1618,train,0,,,,0.090280,1.000000,0.720393,0.090280
s20261019-1618:I1:C,s20261019-1618,train,1,REFRAIN,3,U2,0.928721,0.000000,0.705113,0.000000
s20261019-1619:I0:C,s20261019-1619,train,0,,,,0.080834,1.000000,0.512471,0.080834
s20261019-1619:I1:C,s20261019-1619,train,1,REFRAIN,3,U1,0.909878,0.003963,0.394015,0.003606
s20261019-1620:I0:C,s20261019-1620,test,0,,,,0.096762,1.000000,0.510259,0.096762
s20261019-1620:I1:C,s20261019-1620,test,1,ACT,6,U1,0.920711,0.147677,0.653880,0.135968
s20261019-1621:I0:C,s20261019-1621,val,0,,,,0.085214,1.000000,0.220639,0.085214
s20261019-1621:I1:C,s20261019-1621,val,1,REFRAIN,3,U2,0.913064,0.000011,0.255824,0.000010
s20261019-1622:I0:C,s20261019-1622,train,0,,,,0.065483,1.000000,0.474436,0.065483
s20261019-1622:I1:C,s20261019-1622,train,1,ACT,2,U2,0.919660,0.374068,0.545361,0.344016
s20261019-1623:I0:C,s20261019-1623,train,0,,,,0.079650,1.000000,0.537102,0.079650
s20261019-1623:I1:C,s20261019-1623,train,1,ACT,1,U2,0.900620,0.896864,0.464308,0.807734
s20261019-1624:I0:C,s20261019-1624,test,0,,,,0.083432,1.000000,0.459561,0.083432
s20261019-1624:I1:C,s20261019-1624,test,1,ACT,6,U1,0.929390,0.060203,0.631151,0.055952
s20261019-1625:I0:C,s20261019-1625,val,0,,,,0.078209,1.000000,0.693005,0.078209
s20261019-1625:I1:C,s20261019-1625,val,1,ACT,0,U1,0.912636,0.999975,0.883362,0.912614
s20261019-1626:I0:C,s20261019-1626,test,0,,,,0.084582,1.000000,0.455035,0.084582
s20261019-1626:I1:C,s20261019-1626,test,1,ACT,7,U2,0.943532,0.893202,0.517693,0.842765
s20261019-1627:I0:C,s20261019-1627,test,0,,,,0.075649,1.000000,0.505516,0.075649
s20261019-1627:I1:C,s20261019-1627,test,1,ACT,6,U2,0.921076,1.000000,0.797254,0.921076
s20261019-1628:I0:C,s20261019-1628,train,0,,,,0.095019,1.000000,0.277565,0.095019
s20261019-1628:I1:C,s20261019-1628,train,1,REFRAIN,1,U1,0.915333,0.000000,0.183592,0.000000
s20261019-1629:I0:C,s20261019-1629,test,0,,,,0.076113,1.000000,0.449461,0.076113
s20261019-1629:I1:C,s20261019-1629,test,1,REFRAIN,7,U1,0.919102,0.017049,0.389434,0.015670
s20261019-1630:I0:C,s20261019-1630,train,0,,,,0.084097,1.000000,0.714838,0.084097
s20261019-1630:I1:C,s20261019-1630,train,1,REFRAIN,3,U2,0.920115,0.000001,0.699567,0.000001
s20261019-1631:I0:C,s20261019-1631,test,0,,,,0.107267,1.000000,0.528809,0.107267
s20261019-1631:I1:C,s20261019-1631,test,1,REFRAIN,7,U1,0.915816,0.025913,0.458324,0.023732
s20261019-1632:I0:C,s20261019-1632,test,0,,,,0.096883,1.000000,0.373015,0.096883
s20261019-1632:I1:C,s20261019-1632,test,1,REFRAIN,7,U1,0.899780,0.103050,0.335885,0.092722
s20261019-1633:I0:C,s20261019-1633,train,0,,,,0.098294,1.000000,0.773352,0.098294
s20261019-1633:I1:C,s20261019-1633,train,1,REFRAIN,4,U2,0.943421,0.000000,0.425205,0.000000
s20261019-1634:I0:C,s20261019-1634,train,0,,,,0.083743,1.000000,0.221730,0.083743
s20261019-1634:I1:C,s20261019-1634,train,1,REFRAIN,3,U2,0.924677,0.000002,0.253534,0.000002
s20261019-1635:I0:C,s20261019-1635,train,0,,,,0.065649,1.000000,0.493497,0.065649
s20261019-1635:I1:C,s20261019-1635,train,1,REFRAIN,4,U1,0.915944,0.000026,0.191526,0.000024
s20261019-1636:I0:C,s20261019-1636,train,0,,,,0.079423,1.000000,0.211468,0.079423
s20261019-1636:I1:C,s20261019-1636,train,1,REFRAIN,5,U2,0.914621,0.000000,0.239961,0.000000
s20261019-1637:I0:C,s20261019-1637,test,0,,,,0.159310,0.000167,0.702665,0.000027
s20261019-1637:I1:C,s20261019-1637,test,1,ACT,7,U1,0.925302,0.993978,0.649870,0.919730
s20261019-1638:I0:C,s20261019-1638,train,0,,,,0.140977,0.000049,0.767636,0.000007
s20261019-1638:I1:C,s20261019-1638,train,1,ACT,3,U1,0.919654,0.997053,0.653635,0.916944
s20261019-1639:I0:C,s20261019-1639,test,0,,,,0.078040,1.000000,0.464126,0.078040
s20261019-1639:I1:C,s20261019-1639,test,1,ACT,7,U2,0.918726,0.969263,0.526532,0.890487
s20261019-1640:I0:C,s20261019-1640,val,0,,,,0.082537,1.000000,0.580291,0.082537
s20261019-1640:I1:C,s20261019-1640,val,1,ACT,3,U2,0.915244,0.914054,0.597573,0.836582
s20261019-1641:I0:C,s20261019-1641,train,0,,,,0.087370,0.999993,0.457399,0.087369
s20261019-1641:I1:C,s20261019-1641,train,1,REFRAIN,3,U1,0.909249,0.372930,0.361587,0.339086
s20261019-1642:I0:C,s20261019-1642,val,0,,,,0.075330,1.000000,0.425615,0.075330
s20261019-1642:I1:C,s20261019-1642,val,1,REFRAIN,5,U1,0.920103,0.000034,0.289007,0.000031
s20261019-1643:I0:C,s20261019-1643,train,0,,,,0.068176,1.000000,0.489408,0.068176
s20261019-1643:I1:C,s20261019-1643,train,1,ACT,0,U2,0.930004,1.000000,0.888104,0.930004
s20261019-1644:I0:C,s20261019-1644,val,0,,,,0.070129,1.000000,0.203801,0.070129
s20261019-1644:I1:C,s20261019-1644,val,1,REFRAIN,5,U2,0.917775,0.000000,0.232800,0.000000
s20261019-1645:I0:C,s20261019-1645,train,0,,,,0.069057,1.000000,0.712984,0.069057
s20261019-1645:I1:C,s20261019-1645,train,1,REFRAIN,3,U2,0.922855,0.001024,0.708464,0.000945
s20261019-1646:I0:C,s20261019-1646,test,0,,,,0.109255,1.000000,0.397376,0.109255
s20261019-1646:I1:C,s20261019-1646,test,1,ACT,6,U1,0.927014,0.970156,0.585705,0.899349
s20261019-1647:I0:C,s20261019-1647,test,0,,,,0.095092,1.000000,0.472291,0.095092
s20261019-1647:I1:C,s20261019-1647,test,1,ACT,6,U2,0.934058,0.999999,0.770639,0.934057
s20261019-1648:I0:C,s20261019-1648,train,0,,,,0.080257,1.000000,0.174624,0.080257
s20261019-1648:I1:C,s20261019-1648,train,1,REFRAIN,5,U1,0.921066,0.000001,0.116637,0.000001
s20261019-1649:I0:C,s20261019-1649,test,0,,,,0.096892,1.000000,0.523192,0.096892
s20261019-1649:I1:C,s20261019-1649,test,1,REFRAIN,7,U1,0.915996,0.000190,0.452035,0.000174
s20261019-1650:I0:C,s20261019-1650,test,0,,,,0.092635,1.000000,0.817271,0.092635
s20261019-1650:I1:C,s20261019-1650,test,1,REFRAIN,7,U2,0.752944,0.000000,0.849857,0.000000
s20261019-1651:I0:C,s20261019-1651,train,0,,,,0.082255,1.000000,0.625438,0.082255
s20261019-1651:I1:C,s20261019-1651,train,1,ACT,5,U2,0.899095,1.000000,0.626581,0.899095
s20261019-1652:I0:C,s20261019-1652,train,0,,,,0.075528,1.000000,0.825468,0.075528
s20261019-1652:I1:C,s20261019-1652,train,1,ACT,2,U2,0.899733,0.681290,0.837785,0.612980
s20261019-1653:I0:C,s20261019-1653,train,0,,,,0.075305,1.000000,0.479827,0.075305
s20261019-1653:I1:C,s20261019-1653,train,1,ACT,0,U1,0.925467,0.986276,0.778043,0.912766
s20261019-1654:I0:C,s20261019-1654,val,0,,,,0.056612,1.000000,0.218575,0.056612
s20261019-1654:I1:C,s20261019-1654,val,1,REFRAIN,2,U1,0.925424,0.107395,0.182265,0.099386
s20261019-1655:I0:C,s20261019-1655,train,0,,,,0.065884,1.000000,0.511012,0.065884
s20261019-1655:I1:C,s20261019-1655,train,1,REFRAIN,5,U1,0.917385,0.002125,0.338984,0.001950
s20261019-1656:I0:C,s20261019-1656,test,0,,,,0.294086,0.978831,0.642687,0.287860
s20261019-1656:I1:C,s20261019-1656,test,1,ACT,6,U1,0.898446,0.981979,0.763925,0.882256
s20261019-1657:I0:C,s20261019-1657,train,0,,,,0.065007,1.000000,0.307901,0.065007
s20261019-1657:I1:C,s20261019-1657,train,1,REFRAIN,4,U2,0.862888,0.000670,0.108961,0.000578
s20261019-1658:I0:C,s20261019-1658,test,0,,,,0.076590,1.000000,0.494450,0.076590
s20261019-1658:I1:C,s20261019-1658,test,1,ACT,6,U1,0.932032,0.964755,0.656943,0.899183
s20261019-1659:I0:C,s20261019-1659,val,0,,,,0.080447,1.000000,0.557886,0.080447
s20261019-1659:I1:C,s20261019-1659,val,1,ACT,1,U2,0.923385,0.999644,0.488005,0.923057
s20261019-1660:I0:C,s20261019-1660,train,0,,,,0.091373,1.000000,0.384995,0.091373
s20261019-1660:I1:C,s20261019-1660,train,1,ACT,2,U2,0.916122,0.944310,0.464909,0.865103
s20261019-1661:I0:C,s20261019-1661,train,0,,,,0.081348,1.000000,0.177999,0.081348
s20261019-1661:I1:C,s20261019-1661,train,1,REFRAIN,4,U2,0.917042,0.000000,0.058715,0.000000
s20261019-1662:I0:C,s20261019-1662,train,0,,,,0.162217,0.000044,0.718918,0.000007
s20261019-1662:I1:C,s20261019-1662,train,1,ACT,1,U1,0.922877,0.990256,0.556441,0.913884
s20261019-1663:I0:C,s20261019-1663,train,0,,,,0.111623,1.000000,0.341787,0.111623
s20261019-1663:I1:C,s20261019-1663,train,1,REFRAIN,4,U1,0.932054,0.000181,0.122450,0.000169
s20261019-1664:I0:C,s20261019-1664,train,0,,,,0.074013,1.000000,0.146897,0.074013
s20261019-1664:I1:C,s20261019-1664,train,1,REFRAIN,2,U2,0.921658,0.000000,0.212219,0.000000
s20261019-1665:I0:C,s20261019-1665,train,0,,,,0.094047,1.000000,0.748505,0.094047
s20261019-1665:I1:C,s20261019-1665,train,1,ACT,5,U2,0.929430,0.967009,0.752866,0.898767
s20261019-1666:I0:C,s20261019-1666,train,0,,,,0.091636,1.000000,0.490694,0.091636
s20261019-1666:I1:C,s20261019-1666,train,1,ACT,5,U2,0.910984,0.999161,0.532544,0.910219
s20261019-1667:I0:C,s20261019-1667,test,0,,,,0.078727,1.000000,0.746918,0.078727
s20261019-1667:I1:C,s20261019-1667,test,1,ACT,7,U1,0.915363,0.950606,0.680644,0.870150
s20261019-1668:I0:C,s20261019-1668,train,0,,,,0.082058,1.000000,0.573852,0.082058
s20261019-1668:I1:C,s20261019-1668,train,1,ACT,0,U2,0.916759,0.999996,0.910069,0.916756
s20261019-1669:I0:C,s20261019-1669,test,0,,,,0.086498,1.000000,0.175293,0.086498
s20261019-1669:I1:C,s20261019-1669,test,1,ACT,6,U2,0.923935,0.179137,0.475955,0.165511
s20261019-1670:I0:C,s20261019-1670,train,0,,,,0.055338,1.000000,0.476041,0.055338
s20261019-1670:I1:C,s20261019-1670,train,1,REFRAIN,5,U1,0.899940,0.010297,0.308044,0.009266
s20261019-1671:I0:C,s20261019-1671,test,0,,,,0.086616,1.000000,0.401439,0.086616
s20261019-1671:I1:C,s20261019-1671,test,1,REFRAIN,7,U2,0.916592,0.577526,0.461194,0.529355
s20261019-1672:I0:C,s20261019-1672,train,0,,,,0.078823,1.000000,0.601347,0.078823
s20261019-1672:I1:C,s20261019-1672,train,1,ACT,2,U2,0.932323,0.863551,0.674767,0.805108
s20261019-1673:I0:C,s20261019-1673,train,0,,,,0.076595,1.000000,0.543705,0.076595
s20261019-1673:I1:C,s20261019-1673,train,1,ACT,0,U2,0.922189,0.998830,0.897920,0.921111
s20261019-1674:I0:C,s20261019-1674,val,0,,,,0.099418,1.000000,0.447729,0.099418
s20261019-1674:I1:C,s20261019-1674,val,1,REFRAIN,5,U1,0.910910,0.000240,0.293447,0.000218
s20261019-1675:I0:C,s20261019-1675,train,0,,,,0.070731,1.000000,0.435734,0.070731
s20261019-1675:I1:C,s20261019-1675,train,1,ACT,0,U2,0.915738,0.999999,0.864796,0.915738
s20261019-1676:I0:C,s20261019-1676,train,0,,,,0.071167,1.000000,0.398681,0.071167
s20261019-1676:I1:C,s20261019-1676,train,1,REFRAIN,2,U2,0.913779,0.390687,0.469964,0.357001
s20261019-1677:I0:C,s20261019-1677,train,0,,,,0.094943,1.000000,0.472258,0.094943
s20261019-1677:I1:C,s20261019-1677,train,1,REFRAIN,2,U1,0.930717,0.150799,0.387931,0.140351
s20261019-1678:I0:C,s20261019-1678,train,0,,,,0.075057,1.000000,0.412156,0.075057
s20261019-1678:I1:C,s20261019-1678,train,1,REFRAIN,4,U2,0.842647,0.000000,0.142882,0.000000
s20261019-1679:I0:C,s20261019-1679,test,0,,,,0.067748,1.000000,0.451473,0.067748
s20261019-1679:I1:C,s20261019-1679,test,1,ACT,6,U2,0.916380,0.999998,0.774900,0.916378
s20261019-1680:I0:C,s20261019-1680,test,0,,,,0.091481,1.000000,0.171342,0.091481
s20261019-1680:I1:C,s20261019-1680,test,1,ACT,6,U1,0.917188,0.521226,0.341841,0.478062
s20261019-1681:I0:C,s20261019-1681,train,0,,,,0.079897,1.000000,0.191291,0.079897
s20261019-1681:I1:C,s20261019-1681,train,1,REFRAIN,3,U1,0.917986,0.025251,0.160065,0.023180
s20261019-1682:I0:C,s20261019-1682,train,0,,,,0.090481,1.000000,0.747226,0.090481
s20261019-1682:I1:C,s20261019-1682,train,1,ACT,2,U2,0.923449,0.803785,0.766380,0.742254
s20261019-1683:I0:C,s20261019-1683,train,0,,,,0.093876,1.000000,0.533393,0.093876
s20261019-1683:I1:C,s20261019-1683,train,1,ACT,5,U2,0.919790,0.999939,0.543645,0.919734
s20261019-1684:I0:C,s20261019-1684,train,0,,,,0.067540,1.000000,0.184737,0.067540
s20261019-1684:I1:C,s20261019-1684,train,1,REFRAIN,5,U2,0.915201,0.000000,0.213242,0.000000
s20261019-1685:I0:C,s20261019-1685,train,0,,,,0.066045,0.999996,0.515846,0.066045
s20261019-1685:I1:C,s20261019-1685,train,1,REFRAIN,2,U1,0.924818,0.000030,0.424809,0.000028
s20261019-1686:I0:C,s20261019-1686,test,0,,,,0.066875,1.000000,0.539279,0.066875
s20261019-1686:I1:C,s20261019-1686,test,1,ACT,6,U1,0.933084,0.329239,0.678612,0.307208
s20261019-1687:I0:C,s20261019-1687,train,0,,,,0.073416,1.000000,0.410572,0.073416
s20261019-1687:I1:C,s20261019-1687,train,1,REFRAIN,4,U2,0.724527,0.004822,0.159653,0.003494
s20261019-1688:I0:C,s20261019-1688,train,0,,,,0.082978,1.000000,0.210558,0.082978
s20261019-1688:I1:C,s20261019-1688,train,1,REFRAIN,1,U2,0.914015,0.000000,0.189915,0.000000
s20261019-1689:I0:C,s20261019-1689,train,0,,,,0.087749,1.000000,0.819895,0.087749
s20261019-1689:I1:C,s20261019-1689,train,1,REFRAIN,5,U2,0.921950,0.175643,0.805192,0.161934
s20261019-1690:I0:C,s20261019-1690,train,0,,,,0.066218,0.999998,0.499541,0.066218
s20261019-1690:I1:C,s20261019-1690,train,1,REFRAIN,5,U1,0.907437,0.015517,0.323168,0.014081
s20261019-1691:I0:C,s20261019-1691,train,0,,,,0.077040,1.000000,0.236274,0.077040
s20261019-1691:I1:C,s20261019-1691,train,1,REFRAIN,5,U2,0.916502,0.000000,0.266053,0.000000
s20261019-1692:I0:C,s20261019-1692,val,0,,,,0.104303,1.000000,0.162205,0.104303
s20261019-1692:I1:C,s20261019-1692,val,1,REFRAIN,0,U2,0.912748,0.697162,0.635545,0.636334
s20261019-1693:I0:C,s20261019-1693,val,0,,,,0.083717,1.000000,0.619743,0.083717
s20261019-1693:I1:C,s20261019-1693,val,1,REFRAIN,3,U1,0.917849,0.010040,0.490197,0.009215
s20261019-1694:I0:C,s20261019-1694,train,0,,,,0.081387,1.000000,0.757939,0.081387
s20261019-1694:I1:C,s20261019-1694,train,1,ACT,0,U2,0.924689,0.999987,0.964203,0.924677
s20261019-1695:I0:C,s20261019-1695,train,0,,,,0.087238,1.000000,0.563421,0.087238
s20261019-1695:I1:C,s20261019-1695,train,1,REFRAIN,4,U2,0.956043,0.000000,0.223976,0.000000
s20261019-1696:I0:C,s20261019-1696,train,0,,,,0.079955,1.000000,0.177288,0.079955
s20261019-1696:I1:C,s20261019-1696,train,1,REFRAIN,0,U1,0.915635,0.267637,0.491975,0.245058
s20261019-1697:I0:C,s20261019-1697,train,0,,,,0.067173,1.000000,0.320999,0.067173
s20261019-1697:I1:C,s20261019-1697,train,1,ACT,0,U2,0.914228,0.999999,0.801608,0.914228
s20261019-1698:I0:C,s20261019-1698,train,0,,,,0.077619,1.000000,0.770685,0.077619
s20261019-1698:I1:C,s20261019-1698,train,1,ACT,1,U1,0.926285,0.970216,0.605447,0.898697
s20261019-1699:I0:C,s20261019-1699,test,0,,,,0.068933,1.000000,0.801779,0.068933
s20261019-1699:I1:C,s20261019-1699,test,1,ACT,6,U2,0.928115,0.999979,0.936827,0.928095
s20261019-1700:I0:C,s20261019-1700,train,0,,,,0.083060,1.000000,0.430624,0.083060
s20261019-1700:I1:C,s20261019-1700,train,1,REFRAIN,2,U1,0.922708,0.000264,0.348760,0.000243
s20261019-1701:I0:C,s20261019-1701,train,0,,,,0.051876,1.000000,0.412704,0.051876
s20261019-1701:I1:C,s20261019-1701,train,1,REFRAIN,0,U1,0.937482,0.521468,0.741881,0.488867
s20261019-1702:I0:C,s20261019-1702,train,0,,,,0.078865,1.000000,0.482064,0.078865
s20261019-1702:I1:C,s20261019-1702,train,1,ACT,0,U2,0.905421,0.999999,0.886086,0.905421
s20261019-1703:I0:C,s20261019-1703,val,0,,,,0.072386,1.000000,0.465066,0.072386
s20261019-1703:I1:C,s20261019-1703,val,1,ACT,3,U2,0.913527,0.999999,0.486580,0.913526
s20261019-1704:I0:C,s20261019-1704,val,0,,,,0.078965,1.000000,0.786322,0.078965
s20261019-1704:I1:C,s20261019-1704,val,1,REFRAIN,1,U2,0.915401,0.000000,0.726488,0.000000
s20261019-1705:I0:C,s20261019-1705,train,0,,,,0.100328,1.000000,0.746219,0.100328
s20261019-1705:I1:C,s20261019-1705,train,1,ACT,5,U1,0.906668,0.999944,0.568164,0.906617
s20261019-1706:I0:C,s20261019-1706,val,0,,,,0.060370,1.000000,0.446497,0.060370
s20261019-1706:I1:C,s20261019-1706,val,1,REFRAIN,3,U1,0.913306,0.002240,0.338277,0.002046
s20261019-1707:I0:C,s20261019-1707,val,0,,,,0.083274,1.000000,0.450043,0.083274
s20261019-1707:I1:C,s20261019-1707,val,1,ACT,5,U2,0.943523,0.999983,0.467520,0.943506
s20261019-1708:I0:C,s20261019-1708,val,0,,,,0.078958,1.000000,0.751290,0.078958
s20261019-1708:I1:C,s20261019-1708,val,1,REFRAIN,5,U2,0.914766,0.441629,0.739354,0.403988
s20261019-1709:I0:C,s20261019-1709,train,0,,,,0.095677,1.000000,0.171946,0.095677
s20261019-1709:I1:C,s20261019-1709,train,1,REFRAIN,4,U1,0.913491,0.000017,0.062984,0.000015
s20261019-1710:I0:C,s20261019-1710,train,0,,,,0.074995,1.000000,0.480398,0.074995
s20261019-1710:I1:C,s20261019-1710,train,1,REFRAIN,2,U1,0.915829,0.061071,0.412742,0.055930
s20261019-1711:I0:C,s20261019-1711,train,0,,,,0.098278,1.000000,0.446846,0.098278
s20261019-1711:I1:C,s20261019-1711,train,1,ACT,5,U2,0.897341,0.999301,0.464624,0.896714
s20261019-1712:I0:C,s20261019-1712,test,0,,,,0.082165,1.000000,0.394556,0.082165
s20261019-1712:I1:C,s20261019-1712,test,1,REFRAIN,7,U2,0.913863,0.087557,0.466064,0.080015
s20261019-1713:I0:C,s20261019-1713,train,0,,,,0.088012,1.000000,0.361633,0.088012
s20261019-1713:I1:C,s20261019-1713,train,1,REFRAIN,0,U1,0.927824,0.361823,0.684443,0.335708
s20261019-1714:I0:C,s20261019-1714,train,0,,,,0.069537,1.000000,0.223622,0.069537
s20261019-1714:I1:C,s20261019-1714,train,1,REFRAIN,1,U1,0.906591,0.000000,0.153729,0.000000
s20261019-1715:I0:C,s20261019-1715,train,0,,,,0.080544,1.000000,0.771757,0.080544
s20261019-1715:I1:C,s20261019-1715,train,1,ACT,2,U1,0.914087,0.999932,0.675812,0.914024
s20261019-1716:I0:C,s20261019-1716,train,0,,,,0.079075,1.000000,0.443930,0.079075
s20261019-1716:I1:C,s20261019-1716,train,1,REFRAIN,3,U2,0.915745,0.962309,0.467471,0.881230
s20261019-1717:I0:C,s20261019-1717,train,0,,,,0.078876,1.000000,0.528894,0.078876
s20261019-1717:I1:C,s20261019-1717,train,1,REFRAIN,4,U2,0.921598,0.000000,0.209235,0.000000
s20261019-1718:I0:C,s20261019-1718,train,0,,,,0.080597,1.000000,0.456589,0.080597
s20261019-1718:I1:C,s20261019-1718,train,1,REFRAIN,4,U2,0.934690,0.000000,0.166171,0.000000
s20261019-1719:I0:C,s20261019-1719,train,0,,,,0.072340,1.000000,0.421846,0.072340
s20261019-1719:I1:C,s20261019-1719,train,1,ACT,3,U2,0.915783,0.678919,0.447475,0.621743
s20261019-1720:I0:C,s20261019-1720,test,0,,,,0.090994,1.000000,0.429436,0.090994
s20261019-1720:I1:C,s20261019-1720,test,1,ACT,6,U2,0.918974,1.000000,0.751019,0.918974
s20261019-1721:I0:C,s20261019-1721,val,0,,,,0.102991,1.000000,0.124865,0.102991
s20261019-1721:I1:C,s20261019-1721,val,1,REFRAIN,5,U1,0.923551,0.000257,0.082572,0.000237
s20261019-1722:I0:C,s20261019-1722,train,0,,,,0.077583,1.000000,0.698630,0.077583
s20261019-1722:I1:C,s20261019-1722,train,1,REFRAIN,1,U2,0.893064,0.000000,0.617998,0.000000
s20261019-1723:I0:C,s20261019-1723,train,0,,,,0.077880,1.000000,0.576323,0.077880
s20261019-1723:I1:C,s20261019-1723,train,1,REFRAIN,3,U1,0.905768,0.005096,0.453865,0.004615
s20261019-1724:I0:C,s20261019-1724,train,0,,,,0.125817,0.985792,0.431989,0.124029
s20261019-1724:I1:C,s20261019-1724,train,1,REFRAIN,3,U1,0.909341,0.168899,0.342967,0.153587
s20261019-1725:I0:C,s20261019-1725,test,0,,,,0.081844,1.000000,0.725409,0.081844
s20261019-1725:I1:C,s20261019-1725,test,1,ACT,6,U2,0.926778,0.999981,0.901754,0.926760
s20261019-1726:I0:C,s20261019-1726,val,0,,,,0.083863,1.000000,0.194294,0.083863
s20261019-1726:I1:C,s20261019-1726,val,1,REFRAIN,2,U2,0.912565,0.000000,0.265399,0.000000
s20261019-1727:I0:C,s20261019-1727,test,0,,,,0.076073,1.000000,0.758070,0.076073
s20261019-1727:I1:C,s20261019-1727,test,1,REFRAIN,7,U2,0.738446,0.000000,0.794781,0.000000
s20261019-1728:I0:C,s20261019-1728,train,0,,,,0.079811,1.000000,0.751032,0.079811
s20261019-1728:I1:C,s20261019-1728,train,1,REFRAIN,3,U2,0.924562,0.000000,0.732943,0.000000
s20261019-1729:I0:C,s20261019-1729,train,0,,,,0.069582,1.000000,0.773121,0.069582
s20261019-1729:I1:C,s20261019-1729,train,1,ACT,0,U1,0.915707,0.999658,0.922065,0.915393
s20261019-1730:I0:C,s20261019-1730,test,0,,,,0.073495,1.000000,0.771983,0.073495
s20261019-1730:I1:C,s20261019-1730,test,1,ACT,7,U1,0.926890,0.934115,0.705943,0.865821
s20261019-1731:I0:C,s20261019-1731,val,0,,,,0.080297,1.000000,0.167468,0.080297
s20261019-1731:I1:C,s20261019-1731,val,1,REFRAIN,3,U2,0.925668,0.000001,0.201869,0.000001
s20261019-1732:I0:C,s20261019-1732,train,0,,,,0.067882,1.000000,0.189729,0.067882
s20261019-1732:I1:C,s20261019-1732,train,1,REFRAIN,1,U2,0.922357,0.000000,0.180058,0.000000
s20261019-1733:I0:C,s20261019-1733,train,0,,,,0.068347,1.000000,0.162669,0.068347
s20261019-1733:I1:C,s20261019-1733,train,1,REFRAIN,3,U1,0.909384,0.006576,0.135887,0.005980
s20261019-1734:I0:C,s20261019-1734,test,0,,,,0.100643,1.000000,0.166233,0.100643
s20261019-1734:I1:C,s20261019-1734,test,1,REFRAIN,6,U2,0.920295,0.004882,0.469100,0.004493
s20261019-1735:I0:C,s20261019-1735,train,0,,,,0.068966,1.000000,0.201449,0.068966
s20261019-1735:I1:C,s20261019-1735,train,1,REFRAIN,5,U1,0.924003,0.113285,0.138853,0.104675
s20261019-1736:I0:C,s20261019-1736,test,0,,,,0.095747,1.000000,0.566883,0.095747
s20261019-1736:I1:C,s20261019-1736,test,1,ACT,6,U2,0.925521,0.999037,0.826540,0.924630
s20261019-1737:I0:C,s20261019-1737,train,0,,,,0.080556,1.000000,0.796249,0.080556
s20261019-1737:I1:C,s20261019-1737,train,1,ACT,4,U1,0.907361,0.941069,0.448002,0.853889
s20261019-1738:I0:C,s20261019-1738,train,0,,,,0.064376,1.000000,0.405802,0.064376
s20261019-1738:I1:C,s20261019-1738,train,1,REFRAIN,5,U1,0.905088,0.001595,0.257740,0.001444
s20261019-1739:I0:C,s20261019-1739,train,0,,,,0.075259,1.000000,0.467075,0.075259
s20261019-1739:I1:C,s20261019-1739,train,1,ACT,2,U2,0.909909,0.661946,0.539486,0.602310
s20261019-1740:I0:C,s20261019-1740,train,0,,,,0.061005,1.000000,0.262448,0.061005
s20261019-1740:I1:C,s20261019-1740,train,1,ACT,2,U1,0.917235,0.817022,0.225912,0.749401
s20261019-1741:I0:C,s20261019-1741,train,0,,,,0.082703,1.000000,0.639593,0.082703
s20261019-1741:I1:C,s20261019-1741,train,1,REFRAIN,4,U1,0.914233,0.000830,0.282829,0.000759
s20261019-1742:I0:C,s20261019-1742,val,0,,,,0.064981,1.000000,0.249623,0.064981
s20261019-1742:I1:C,s20261019-1742,val,1,REFRAIN,0,U1,0.916324,0.712729,0.571259,0.653090
s20261019-1743:I0:C,s20261019-1743,train,0,,,,0.074768,1.000000,0.694419,0.074768
s20261019-1743:I1:C,s20261019-1743,train,1,ACT,0,U2,0.922208,0.999979,0.949844,0.922189
s20261019-1744:I0:C,s20261019-1744,train,0,,,,0.095204,1.000000,0.325334,0.095204
s20261019-1744:I1:C,s20261019-1744,train,1,REFRAIN,2,U1,0.908058,0.036282,0.277701,0.032946
s20261019-1745:I0:C,s20261019-1745,test,0,,,,0.083932,1.000000,0.446837,0.083932
s20261019-1745:I1:C,s20261019-1745,test,1,REFRAIN,7,U1,0.900060,0.037265,0.393439,0.033540
s20261019-1746:I0:C,s20261019-1746,train,0,,,,0.090427,1.000000,0.714433,0.090427
s20261019-1746:I1:C,s20261019-1746,train,1,REFRAIN,2,U2,0.893692,0.606114,0.740454,0.541679
s20261019-1747:I0:C,s20261019-1747,test,0,,,,0.071962,1.000000,0.417672,0.071962
s20261019-1747:I1:C,s20261019-1747,test,1,REFRAIN,7,U2,0.900807,0.932622,0.482990,0.840113
s20261019-1748:I0:C,s20261019-1748,train,0,,,,0.084112,1.000000,0.650405,0.084112
s20261019-1748:I1:C,s20261019-1748,train,1,ACT,3,U2,0.909191,0.981172,0.643481,0.892072
s20261019-1749:I0:C,s20261019-1749,test,0,,,,0.117615,0.038656,0.736759,0.004547
s20261019-1749:I1:C,s20261019-1749,test,1,ACT,6,U1,0.916487,0.999988,0.837279,0.916476
s20261019-1750:I0:C,s20261019-1750,train,0,,,,0.082926,1.000000,0.757659,0.082926
s20261019-1750:I1:C,s20261019-1750,train,1,REFRAIN,3,U2,0.928550,0.000000,0.741916,0.000000
s20261019-1751:I0:C,s20261019-1751,test,0,,,,0.073405,1.000000,0.453279,0.073405
s20261019-1751:I1:C,s20261019-1751,test,1,REFRAIN,7,U2,0.922963,0.000069,0.515706,0.000064
s20261019-1752:I0:C,s20261019-1752,test,0,,,,0.118030,0.116829,0.753538,0.013789
s20261019-1752:I1:C,s20261019-1752,test,1,ACT,7,U1,0.921008,0.885712,0.697687,0.815748
s20261019-1753:I0:C,s20261019-1753,val,0,,,,0.081660,1.000000,0.765668,0.081660
s20261019-1753:I1:C,s20261019-1753,val,1,REFRAIN,1,U2,0.919875,0.000000,0.685218,0.000000
s20261019-1754:I0:C,s20261019-1754,train,0,,,,0.097408,1.000000,0.529622,0.097408
s20261019-1754:I1:C,s20261019-1754,train,1,REFRAIN,4,U1,0.923239,0.011228,0.218784,0.010366
s20261019-1755:I0:C,s20261019-1755,val,0,,,,0.061214,1.000000,0.375008,0.061214
s20261019-1755:I1:C,s20261019-1755,val,1,REFRAIN,4,U1,0.933217,0.000032,0.136179,0.000030
s20261019-1756:I0:C,s20261019-1756,test,0,,,,0.074616,1.000000,0.477837,0.074616
s20261019-1756:I1:C,s20261019-1756,test,1,ACT,6,U2,0.914087,1.000000,0.779868,0.914087
s20261019-1757:I0:C,s20261019-1757,train,0,,,,0.102527,1.000000,0.304846,0.102527
s20261019-1757:I1:C,s20261019-1757,train,1,REFRAIN,0,U1,0.933571,0.335900,0.645008,0.313587
s20261019-1758:I0:C,s20261019-1758,test,0,,,,0.077413,1.000000,0.166986,0.077413
s20261019-1758:I1:C,s20261019-1758,test,1,REFRAIN,6,U1,0.916151,0.678366,0.315955,0.621486
s20261019-1759:I0:C,s20261019-1759,test,0,,,,0.082182,1.000000,0.696260,0.082182
s20261019-1759:I1:C,s20261019-1759,test,1,ACT,6,U1,0.909410,0.999998,0.801623,0.909409
s20261019-1760:I0:C,s20261019-1760,val,0,,,,0.088611,0.823985,0.690097,0.073014
s20261019-1760:I1:C,s20261019-1760,val,1,ACT,2,U1,0.913431,0.996510,0.583286,0.910243
s20261019-1761:I0:C,s20261019-1761,train,0,,,,0.075236,1.000000,0.150468,0.075236
s20261019-1761:I1:C,s20261019-1761,train,1,REFRAIN,2,U1,0.923206,0.055178,0.131528,0.050941
s20261019-1762:I0:C,s20261019-1762,test,0,,,,0.085747,1.000000,0.152566,0.085747
s20261019-1762:I1:C,s20261019-1762,test,1,REFRAIN,6,U1,0.916251,0.353749,0.302915,0.324122
s20261019-1763:I0:C,s20261019-1763,test,0,,,,0.098238,1.000000,0.404395,0.098238
s20261019-1763:I1:C,s20261019-1763,test,1,REFRAIN,7,U1,0.909594,0.005862,0.354177,0.005332
s20261019-1764:I0:C,s20261019-1764,train,0,,,,0.065592,1.000000,0.649582,0.065592
s20261019-1764:I1:C,s20261019-1764,train,1,REFRAIN,3,U2,0.918339,0.001109,0.648854,0.001018
s20261019-1765:I0:C,s20261019-1765,val,0,,,,0.110896,1.000000,0.808754,0.110896
s20261019-1765:I1:C,s20261019-1765,val,1,ACT,2,U1,0.915054,0.999958,0.722599,0.915016
s20261019-1766:I0:C,s20261019-1766,train,0,,,,0.062013,1.000000,0.718980,0.062013
s20261019-1766:I1:C,s20261019-1766,train,1,ACT,3,U1,0.918164,0.995608,0.591883,0.914131
s20261019-1767:I0:C,s20261019-1767,val,0,,,,0.067211,1.000000,0.215290,0.067211
s20261019-1767:I1:C,s20261019-1767,val,1,REFRAIN,1,U1,0.914236,0.000000,0.142379,0.000000
s20261019-1768:I0:C,s20261019-1768,val,0,,,,0.068812,0.505926,0.776242,0.034814
s20261019-1768:I1:C,s20261019-1768,val,1,ACT,0,U1,0.926613,0.999636,0.923587,0.926275
s20261019-1769:I0:C,s20261019-1769,train,0,,,,0.080942,1.000000,0.450596,0.080942
s20261019-1769:I1:C,s20261019-1769,train,1,ACT,5,U2,0.897993,0.999997,0.467938,0.897991
s20261019-1770:I0:C,s20261019-1770,train,0,,,,0.076702,1.000000,0.298880,0.076702
s20261019-1770:I1:C,s20261019-1770,train,1,REFRAIN,0,U1,0.927928,0.826113,0.626999,0.766574
s20261019-1771:I0:C,s20261019-1771,train,0,,,,0.058048,1.000000,0.777108,0.058048
s20261019-1771:I1:C,s20261019-1771,train,1,ACT,4,U1,0.918144,0.968459,0.422818,0.889184
s20261019-1772:I0:C,s20261019-1772,train,0,,,,0.076585,0.985001,0.789797,0.075436
s20261019-1772:I1:C,s20261019-1772,train,1,ACT,1,U1,0.916522,0.980244,0.632340,0.898414
s20261019-1773:I0:C,s20261019-1773,train,0,,,,0.077006,1.000000,0.676755,0.077006
s20261019-1773:I1:C,s20261019-1773,train,1,REFRAIN,1,U2,0.919165,0.000000,0.611049,0.000000
s20261019-1774:I0:C,s20261019-1774,train,0,,,,0.096897,1.000000,0.434077,0.096897
s20261019-1774:I1:C,s20261019-1774,train,1,ACT,5,U2,0.914436,0.443738,0.467980,0.405770
s20261019-1775:I0:C,s20261019-1775,val,0,,,,0.066458,1.000000,0.168419,0.066458
s20261019-1775:I1:C,s20261019-1775,val,1,REFRAIN,3,U2,0.922003,0.000003,0.201107,0.000003
s20261019-1776:I0:C,s20261019-1776,test,0,,,,0.125038,0.049337,0.363195,0.006169
s20261019-1776:I1:C,s20261019-1776,test,1,REFRAIN,7,U1,0.910780,0.035896,0.325379,0.032693
s20261019-1777:I0:C,s20261019-1777,train,0,,,,0.102533,1.000000,0.422924,0.102533
s20261019-1777:I1:C,s20261019-1777,train,1,ACT,0,U1,0.924360,0.421526,0.738267,0.389642
s20261019-1778:I0:C,s20261019-1778,train,0,,,,0.074196,0.999977,0.437989,0.074195
s20261019-1778:I1:C,s20261019-1778,train,1,REFRAIN,0,U1,0.927705,0.341648,0.754798,0.316948
s20261019-1779:I0:C,s20261019-1779,val,0,,,,0.090411,1.000000,0.211277,0.090411
s20261019-1779:I1:C,s20261019-1779,val,1,REFRAIN,2,U2,0.927253,0.000000,0.289797,0.000000
s20261019-1780:I0:C,s20261019-1780,test,0,,,,0.072483,1.000000,0.519208,0.072483
s20261019-1780:I1:C,s20261019-1780,test,1,ACT,6,U2,0.917509,0.999999,0.802759,0.917508
s20261019-1781:I0:C,s20261019-1781,train,0,,,,0.051464,1.000000,0.480404,0.051464
s20261019-1781:I1:C,s20261019-1781,train,1,REFRAIN,5,U1,0.909137,0.016638,0.306524,0.015127
s20261019-1782:I0:C,s20261019-1782,train,0,,,,0.079283,1.000000,0.157872,0.079283
s20261019-1782:I1:C,s20261019-1782,train,1,REFRAIN,1,U1,0.929241,0.000000,0.114760,0.000000
s20261019-1783:I0:C,s20261019-1783,train,0,,,,0.074835,1.000000,0.134403,0.074835
s20261019-1783:I1:C,s20261019-1783,train,1,REFRAIN,1,U1,0.927069,0.000000,0.095586,0.000000
s20261019-1784:I0:C,s20261019-1784,train,0,,,,0.070389,1.000000,0.230942,0.070389
s20261019-1784:I1:C,s20261019-1784,train,1,REFRAIN,2,U1,0.932458,0.024541,0.199843,0.022884
s20261019-1785:I0:C,s20261019-1785,val,0,,,,0.073996,1.000000,0.515508,0.073996
s20261019-1785:I1:C,s20261019-1785,val,1,ACT,1,U2,0.925475,0.557052,0.446366,0.515537
s20261019-1786:I0:C,s20261019-1786,test,0,,,,0.105067,1.000000,0.815007,0.105067
s20261019-1786:I1:C,s20261019-1786,test,1,ACT,6,U2,0.931910,0.999997,0.943336,0.931908
s20261019-1787:I0:C,s20261019-1787,train,0,,,,0.072092,1.000000,0.167057,0.072092
s20261019-1787:I1:C,s20261019-1787,train,1,REFRAIN,3,U1,0.915499,0.014579,0.144669,0.013347
s20261019-1788:I0:C,s20261019-1788,test,0,,,,0.049040,1.000000,0.783980,0.049040
s20261019-1788:I1:C,s20261019-1788,test,1,REFRAIN,7,U2,0.920894,0.000000,0.816617,0.000000
s20261019-1789:I0:C,s20261019-1789,train,0,,,,0.088261,1.000000,0.133419,0.088261
s20261019-1789:I1:C,s20261019-1789,train,1,REFRAIN,0,U1,0.914860,0.753962,0.420347,0.689769
s20261019-1790:I0:C,s20261019-1790,train,0,,,,0.080586,1.000000,0.409522,0.080586
s20261019-1790:I1:C,s20261019-1790,train,1,REFRAIN,4,U2,0.936963,0.000000,0.143139,0.000000
s20261019-1791:I0:C,s20261019-1791,train,0,,,,0.071335,1.000000,0.776726,0.071335
s20261019-1791:I1:C,s20261019-1791,train,1,ACT,2,U2,0.914775,0.839048,0.797659,0.767540
s20261019-1792:I0:C,s20261019-1792,train,0,,,,0.087043,1.000000,0.516405,0.087043
s20261019-1792:I1:C,s20261019-1792,train,1,ACT,2,U2,0.944900,0.558375,0.581881,0.527609
s20261019-1793:I0:C,s20261019-1793,train,0,,,,0.052590,1.000000,0.228239,0.052590
s20261019-1793:I1:C,s20261019-1793,train,1,ACT,0,U1,0.918932,0.605311,0.552984,0.556240
s20261019-1794:I0:C,s20261019-1794,test,0,,,,0.104722,1.000000,0.444595,0.104722
s20261019-1794:I1:C,s20261019-1794,test,1,ACT,6,U2,0.926188,0.999980,0.764162,0.926170
s20261019-1795:I0:C,s20261019-1795,train,0,,,,0.091846,1.000000,0.725500,0.091846
s20261019-1795:I1:C,s20261019-1795,train,1,ACT,2,U1,0.913086,0.999706,0.622627,0.912817
s20261019-1796:I0:C,s20261019-1796,train,0,,,,0.101195,1.000000,0.382371,0.101195
s20261019-1796:I1:C,s20261019-1796,train,1,ACT,0,U1,0.923760,0.986492,0.721136,0.911281
s20261019-1797:I0:C,s20261019-1797,train,0,,,,0.077064,1.000000,0.516325,0.077064
s20261019-1797:I1:C,s20261019-1797,train,1,REFRAIN,2,U2,0.907753,0.261530,0.582333,0.237405
s20261019-1798:I0:C,s20261019-1798,test,0,,,,0.066216,1.000000,0.715282,0.066216
s20261019-1798:I1:C,s20261019-1798,test,1,ACT,7,U1,0.914864,0.975132,0.648536,0.892114
s20261019-1799:I0:C,s20261019-1799,train,0,,,,0.129025,1.000000,0.208230,0.129025
s20261019-1799:I1:C,s20261019-1799,train,1,REFRAIN,2,U2,0.883505,0.000000,0.288774,0.000000
s20261019-1800:I0:C,s20261019-1800,train,0,,,,0.080442,1.000000,0.483293,0.080442
s20261019-1800:I1:C,s20261019-1800,train,1,REFRAIN,5,U1,0.917119,0.001622,0.316594,0.001488
s20261019-1801:I0:C,s20261019-1801,train,0,,,,0.091285,1.000000,0.722831,0.091285
s20261019-1801:I1:C,s20261019-1801,train,1,REFRAIN,1,U2,0.856901,0.000000,0.637509,0.000000
s20261019-1802:I0:C,s20261019-1802,val,0,,,,0.118779,0.886643,0.444672,0.105315
s20261019-1802:I1:C,s20261019-1802,val,1,ACT,0,U1,0.920588,0.992887,0.764343,0.914040
s20261019-1803:I0:C,s20261019-1803,test,0,,,,0.091285,1.000000,0.522467,0.091285
s20261019-1803:I1:C,s20261019-1803,test,1,ACT,6,U2,0.893085,0.999986,0.816453,0.893073
s20261019-1804:I0:C,s20261019-1804,val,0,,,,0.081829,1.000000,0.769973,0.081829
s20261019-1804:I1:C,s20261019-1804,val,1,ACT,0,U1,0.903903,0.998665,0.921204,0.902696
s20261019-1805:I0:C,s20261019-1805,train,0,,,,0.080011,1.000000,0.419922,0.080011
s20261019-1805:I1:C,s20261019-1805,train,1,ACT,0,U1,0.923644,0.247154,0.740253,0.228282
s20261019-1806:I0:C,s20261019-1806,train,0,,,,0.077131,1.000000,0.482545,0.077131
s20261019-1806:I1:C,s20261019-1806,train,1,ACT,0,U2,0.914767,0.999995,0.895839,0.914762
s20261019-1807:I0:C,s20261019-1807,val,0,,,,0.065396,1.000000,0.723016,0.065396
s20261019-1807:I1:C,s20261019-1807,val,1,REFRAIN,3,U2,0.920488,0.000027,0.717499,0.000025
s20261019-1808:I0:C,s20261019-1808,test,0,,,,0.094556,1.000000,0.523610,0.094556
s20261019-1808:I1:C,s20261019-1808,test,1,REFRAIN,7,U2,0.919232,0.000351,0.575868,0.000323
s20261019-1809:I0:C,s20261019-1809,test,0,,,,0.084888,1.000000,0.518585,0.084888
s20261019-1809:I1:C,s20261019-1809,test,1,ACT,6,U2,0.916668,0.999998,0.805459,0.916666
s20261019-1810:I0:C,s20261019-1810,train,0,,,,0.066808,1.000000,0.778763,0.066808
s20261019-1810:I1:C,s20261019-1810,train,1,ACT,0,U2,0.929086,0.999994,0.961835,0.929080
s20261019-1811:I0:C,s20261019-1811,train,0,,,,0.085759,1.000000,0.802805,0.085759
s20261019-1811:I1:C,s20261019-1811,train,1,ACT,5,U1,0.913584,0.997931,0.621305,0.911693
s20261019-1812:I0:C,s20261019-1812,test,0,,,,0.086044,1.000000,0.153136,0.086044
s20261019-1812:I1:C,s20261019-1812,test,1,ACT,6,U2,0.927491,0.005026,0.443399,0.004662
s20261019-1813:I0:C,s20261019-1813,train,0,,,,0.090953,1.000000,0.810851,0.090953
s20261019-1813:I1:C,s20261019-1813,train,1,ACT,5,U1,0.900468,0.982525,0.628915,0.884732
s20261019-1814:I0:C,s20261019-1814,train,0,,,,0.081477,1.000000,0.438297,0.081477
s20261019-1814:I1:C,s20261019-1814,train,1,REFRAIN,4,U2,0.924358,0.000000,0.158847,0.000000
s20261019-1815:I0:C,s20261019-1815,val,0,,,,0.124691,1.000000,0.138472,0.124691
s20261019-1815:I1:C,s20261019-1815,val,1,REFRAIN,0,U1,0.921894,0.399374,0.436860,0.368181
s20261019-1816:I0:C,s20261019-1816,train,0,,,,0.090259,1.000000,0.759332,0.090259
s20261019-1816:I1:C,s20261019-1816,train,1,REFRAIN,1,U2,0.914175,0.000000,0.692460,0.000000
s20261019-1817:I0:C,s20261019-1817,train,0,,,,0.075313,1.000000,0.424605,0.075313
s20261019-1817:I1:C,s20261019-1817,train,1,REFRAIN,1,U2,0.925465,0.029710,0.368460,0.027496
s20261019-1818:I0:C,s20261019-1818,test,0,,,,0.073299,1.000000,0.813962,0.073299
s20261019-1818:I1:C,s20261019-1818,test,1,ACT,6,U2,0.932617,0.999990,0.939736,0.932607
s20261019-1819:I0:C,s20261019-1819,val,0,,,,0.095133,1.000000,0.534558,0.095133
s20261019-1819:I1:C,s20261019-1819,val,1,ACT,5,U2,0.913506,1.000000,0.544750,0.913506
s20261019-1820:I0:C,s20261019-1820,test,0,,,,0.076742,1.000000,0.356833,0.076742
s20261019-1820:I1:C,s20261019-1820,test,1,REFRAIN,7,U2,0.929153,0.000018,0.420500,0.000017
s20261019-1821:I0:C,s20261019-1821,test,0,,,,0.103675,0.999974,0.496232,0.103672
s20261019-1821:I1:C,s20261019-1821,test,1,ACT,6,U1,0.932038,0.651851,0.664861,0.607550
s20261019-1822:I0:C,s20261019-1822,test,0,,,,0.092504,1.000000,0.409304,0.092504
s20261019-1822:I1:C,s20261019-1822,test,1,REFRAIN,7,U2,0.923134,0.743510,0.467891,0.686359
s20261019-1823:I0:C,s20261019-1823,val,0,,,,0.072156,1.000000,0.528057,0.072156
s20261019-1823:I1:C,s20261019-1823,val,1,ACT,1,U2,0.866632,0.276562,0.460004,0.239678
s20261019-1824:I0:C,s20261019-1824,train,0,,,,0.088944,1.000000,0.758505,0.088944
s20261019-1824:I1:C,s20261019-1824,train,1,ACT,2,U2,0.920667,0.891396,0.788246,0.820679
s20261019-1825:I0:C,s20261019-1825,test,0,,,,0.076416,1.000000,0.166725,0.076416
s20261019-1825:I1:C,s20261019-1825,test,1,REFRAIN,6,U2,0.917546,0.586132,0.467358,0.537803
s20261019-1826:I0:C,s20261019-1826,train,0,,,,0.095262,1.000000,0.124769,0.095262
s20261019-1826:I1:C,s20261019-1826,train,1,REFRAIN,1,U2,0.922866,0.000000,0.118218,0.000000
s20261019-1827:I0:C,s20261019-1827,val,0,,,,0.075476,1.000000,0.438088,0.075476
s20261019-1827:I1:C,s20261019-1827,val,1,REFRAIN,3,U1,0.915259,0.101759,0.340660,0.093136
s20261019-1828:I0:C,s20261019-1828,train,0,,,,0.110066,1.000000,0.175261,0.110066
s20261019-1828:I1:C,s20261019-1828,train,1,REFRAIN,2,U1,0.914768,0.052005,0.158797,0.047573
s20261019-1829:I0:C,s20261019-1829,train,0,,,,0.081989,1.000000,0.229804,0.081989
s20261019-1829:I1:C,s20261019-1829,train,1,REFRAIN,1,U1,0.915348,0.000000,0.151457,0.000000
s20261019-1830:I0:C,s20261019-1830,train,0,,,,0.086289,1.000000,0.671118,0.086289
s20261019-1830:I1:C,s20261019-1830,train,1,REFRAIN,4,U2,0.919540,0.000000,0.318352,0.000000
s20261019-1831:I0:C,s20261019-1831,train,0,,,,0.153044,1.000000,0.165087,0.153044
s20261019-1831:I1:C,s20261019-1831,train,1,REFRAIN,5,U1,0.927069,0.000013,0.106488,0.000012
s20261019-1832:I0:C,s20261019-1832,train,0,,,,0.113041,1.000000,0.812372,0.113041
s20261019-1832:I1:C,s20261019-1832,train,1,REFRAIN,4,U2,0.885804,0.000000,0.456603,0.000000
s20261019-1833:I0:C,s20261019-1833,train,0,,,,0.144870,0.175677,0.441686,0.025450
s20261019-1833:I1:C,s20261019-1833,train,1,REFRAIN,3,U1,0.914961,0.021779,0.348038,0.019927
s20261019-1834:I0:C,s20261019-1834,val,0,,,,0.054947,1.000000,0.804960,0.054947
s20261019-1834:I1:C,s20261019-1834,val,1,ACT,5,U1,0.906998,0.998792,0.619550,0.905902
s20261019-1835:I0:C,s20261019-1835,val,0,,,,0.084870,1.000000,0.755349,0.084870
s20261019-1835:I1:C,s20261019-1835,val,1,REFRAIN,5,U2,0.921987,0.067049,0.745297,0.061818
s20261019-1836:I0:C,s20261019-1836,val,0,,,,0.087171,1.000000,0.271756,0.087171
s20261019-1836:I1:C,s20261019-1836,val,1,REFRAIN,4,U1,0.915558,0.001740,0.092226,0.001593
s20261019-1837:I0:C,s20261019-1837,test,0,,,,0.084373,1.000000,0.752751,0.084373
s20261019-1837:I1:C,s20261019-1837,test,1,ACT,6,U2,0.927972,0.999988,0.913933,0.927962
s20261019-1838:I0:C,s20261019-1838,test,0,,,,0.072331,1.000000,0.583420,0.072331
s20261019-1838:I1:C,s20261019-1838,test,1,REFRAIN,7,U1,0.907371,0.012496,0.515076,0.011339
s20261019-1839:I0:C,s20261019-1839,train,0,,,,0.076072,1.000000,0.776507,0.076072
s20261019-1839:I1:C,s20261019-1839,train,1,ACT,2,U2,0.920329,0.705174,0.791565,0.648992
s20261019-1840:I0:C,s20261019-1840,train,0,,,,0.084714,1.000000,0.159877,0.084714
s20261019-1840:I1:C,s20261019-1840,train,1,REFRAIN,3,U2,0.930056,0.000000,0.196959,0.000000
s20261019-1841:I0:C,s20261019-1841,train,0,,,,0.068430,1.000000,0.600103,0.068430
s20261019-1841:I1:C,s20261019-1841,train,1,ACT,0,U2,0.912078,0.999067,0.917768,0.911227
s20261019-1842:I0:C,s20261019-1842,test,0,,,,0.054125,1.000000,0.530790,0.054125
s20261019-1842:I1:C,s20261019-1842,test,1,REFRAIN,7,U1,0.913109,0.001856,0.470084,0.001694
s20261019-1843:I0:C,s20261019-1843,train,0,,,,0.088140,1.000000,0.166785,0.088140
s20261019-1843:I1:C,s20261019-1843,train,1,REFRAIN,1,U2,0.894320,0.000001,0.159889,0.000001
s20261019-1844:I0:C,s20261019-1844,train,0,,,,0.102510,1.000000,0.487165,0.102510
s20261019-1844:I1:C,s20261019-1844,train,1,REFRAIN,5,U1,0.910336,0.005281,0.325659,0.004807
s20261019-1845:I0:C,s20261019-1845,val,0,,,,0.089427,1.000000,0.168871,0.089427
s20261019-1845:I1:C,s20261019-1845,val,1,REFRAIN,2,U2,0.916249,0.000018,0.239815,0.000017
s20261019-1846:I0:C,s20261019-1846,test,0,,,,0.116827,1.000000,0.406392,0.116827
s20261019-1846:I1:C,s20261019-1846,test,1,REFRAIN,7,U1,0.904837,0.019473,0.366659,0.017620
s20261019-1847:I0:C,s20261019-1847,val,0,,,,0.081350,1.000000,0.463952,0.081350
s20261019-1847:I1:C,s20261019-1847,val,1,ACT,0,U2,0.924897,0.999999,0.864691,0.924897
s20261019-1848:I0:C,s20261019-1848,train,0,,,,0.070332,1.000000,0.590078,0.070332
s20261019-1848:I1:C,s20261019-1848,train,1,REFRAIN,1,U1,0.913388,0.000280,0.409026,0.000256
s20261019-1849:I0:C,s20261019-1849,train,0,,,,0.081109,0.999994,0.770877,0.081109
s20261019-1849:I1:C,s20261019-1849,train,1,ACT,1,U1,0.930188,0.991171,0.603075,0.921975
s20261019-1850:I0:C,s20261019-1850,train,0,,,,0.091928,1.000000,0.163480,0.091928
s20261019-1850:I1:C,s20261019-1850,train,1,REFRAIN,4,U1,0.923162,0.000931,0.055283,0.000860
s20261019-1851:I0:C,s20261019-1851,train,0,,,,0.078969,1.000000,0.788677,0.078969
s20261019-1851:I1:C,s20261019-1851,train,1,ACT,0,U1,0.902084,0.999729,0.927594,0.901840
s20261019-1852:I0:C,s20261019-1852,test,0,,,,0.076854,1.000000,0.715631,0.076854
s20261019-1852:I1:C,s20261019-1852,test,1,ACT,6,U1,0.907864,0.999995,0.824369,0.907860
s20261019-1853:I0:C,s20261019-1853,train,0,,,,0.090684,1.000000,0.543365,0.090684
s20261019-1853:I1:C,s20261019-1853,train,1,REFRAIN,4,U1,0.918132,0.110797,0.217554,0.101726
s20261019-1854:I0:C,s20261019-1854,train,0,,,,0.082471,1.000000,0.184800,0.082471
s20261019-1854:I1:C,s20261019-1854,train,1,REFRAIN,4,U2,0.936249,0.000000,0.057557,0.000000
s20261019-1855:I0:C,s20261019-1855,train,0,,,,0.078149,1.000000,0.796539,0.078149
s20261019-1855:I1:C,s20261019-1855,train,1,ACT,3,U1,0.913802,0.996146,0.710560,0.910280
s20261019-1856:I0:C,s20261019-1856,train,0,,,,0.082253,1.000000,0.716272,0.082253
s20261019-1856:I1:C,s20261019-1856,train,1,REFRAIN,5,U2,0.920580,0.214246,0.708605,0.197230
s20261019-1857:I0:C,s20261019-1857,test,0,,,,0.067503,0.995023,0.440312,0.067167
s20261019-1857:I1:C,s20261019-1857,test,1,REFRAIN,7,U1,0.925689,0.007533,0.393746,0.006973
s20261019-1858:I0:C,s20261019-1858,train,0,,,,0.100256,1.000000,0.434984,0.100256
s20261019-1858:I1:C,s20261019-1858,train,1,REFRAIN,4,U1,0.919140,0.001596,0.160432,0.001467
s20261019-1859:I0:C,s20261019-1859,train,0,,,,0.053988,1.000000,0.389640,0.053988
s20261019-1859:I1:C,s20261019-1859,train,1,REFRAIN,2,U2,0.922715,0.647610,0.468723,0.597559
s20261019-1860:I0:C,s20261019-1860,test,0,,,,0.069854,1.000000,0.475894,0.069854
s20261019-1860:I1:C,s20261019-1860,test,1,ACT,6,U2,0.926151,1.000000,0.775280,0.926151
s20261019-1861:I0:C,s20261019-1861,train,0,,,,0.070801,1.000000,0.799004,0.070801
s20261019-1861:I1:C,s20261019-1861,train,1,ACT,2,U2,0.922391,0.830213,0.815378,0.765781
s20261019-1862:I0:C,s20261019-1862,test,0,,,,0.073437,1.000000,0.380944,0.073437
s20261019-1862:I1:C,s20261019-1862,test,1,REFRAIN,7,U2,0.920746,0.019977,0.445241,0.018394
s20261019-1863:I0:C,s20261019-1863,val,0,,,,0.088300,1.000000,0.673140,0.088300
s20261019-1863:I1:C,s20261019-1863,val,1,ACT,3,U2,0.920756,0.934150,0.665607,0.860124
s20261019-1864:I0:C,s20261019-1864,val,0,,,,0.066695,1.000000,0.253379,0.066695
s20261019-1864:I1:C,s20261019-1864,val,1,REFRAIN,2,U1,0.924256,0.047715,0.218454,0.044101
s20261019-1865:I0:C,s20261019-1865,train,0,,,,0.071125,1.000000,0.168528,0.071125
s20261019-1865:I1:C,s20261019-1865,train,1,REFRAIN,1,U1,0.917045,0.000000,0.117815,0.000000
s20261019-1866:I0:C,s20261019-1866,train,0,,,,0.072990,1.000000,0.462381,0.072990
s20261019-1866:I1:C,s20261019-1866,train,1,REFRAIN,2,U1,0.920504,0.016874,0.386949,0.015533
s20261019-1867:I0:C,s20261019-1867,val,0,,,,0.088968,1.000000,0.465730,0.088968
s20261019-1867:I1:C,s20261019-1867,val,1,REFRAIN,2,U2,0.930400,0.968601,0.538453,0.901186
s20261019-1868:I0:C,s20261019-1868,test,0,,,,0.066634,1.000000,0.489629,0.066634
s20261019-1868:I1:C,s20261019-1868,test,1,ACT,7,U2,0.913608,1.000000,0.544336,0.913608
s20261019-1869:I0:C,s20261019-1869,train,0,,,,0.088827,1.000000,0.402071,0.088827
s20261019-1869:I1:C,s20261019-1869,train,1,REFRAIN,2,U1,0.903763,0.017812,0.329280,0.016098
s20261019-1870:I0:C,s20261019-1870,train,0,,,,0.092731,1.000000,0.437618,0.092731
s20261019-1870:I1:C,s20261019-1870,train,1,REFRAIN,4,U1,0.922025,0.000106,0.168246,0.000097
s20261019-1871:I0:C,s20261019-1871,train,0,,,,0.079502,1.000000,0.791385,0.079502
s20261019-1871:I1:C,s20261019-1871,train,1,ACT,3,U1,0.916110,0.993864,0.682887,0.910488
s20261019-1872:I0:C,s20261019-1872,train,0,,,,0.083131,1.000000,0.174317,0.083131
s20261019-1872:I1:C,s20261019-1872,train,1,REFRAIN,1,U2,0.904520,0.000000,0.159894,0.000000
s20261019-1873:I0:C,s20261019-1873,train,0,,,,0.102791,1.000000,0.218198,0.102791
s20261019-1873:I1:C,s20261019-1873,train,1,ACT,0,U2,0.906377,0.823880,0.716058,0.746747
s20261019-1874:I0:C,s20261019-1874,train,0,,,,0.078255,1.000000,0.652227,0.078255
s20261019-1874:I1:C,s20261019-1874,train,1,ACT,1,U2,0.939333,0.998662,0.578154,0.938076
s20261019-1875:I0:C,s20261019-1875,test,0,,,,0.083892,1.000000,0.192498,0.083892
s20261019-1875:I1:C,s20261019-1875,test,1,REFRAIN,6,U2,0.915099,0.434724,0.508544,0.397815
s20261019-1876:I0:C,s20261019-1876,train,0,,,,0.137555,1.000000,0.191901,0.137555
s20261019-1876:I1:C,s20261019-1876,train,1,REFRAIN,3,U1,0.903963,0.007903,0.159555,0.007144
s20261019-1877:I0:C,s20261019-1877,test,0,,,,0.097720,1.000000,0.522454,0.097720
s20261019-1877:I1:C,s20261019-1877,test,1,ACT,6,U1,0.940893,0.467300,0.670430,0.439679
s20261019-1878:I0:C,s20261019-1878,train,0,,,,0.075117,1.000000,0.520967,0.075117
s20261019-1878:I1:C,s20261019-1878,train,1,ACT,5,U2,0.911756,0.999923,0.532034,0.911686
s20261019-1879:I0:C,s20261019-1879,train,0,,,,0.061232,1.000000,0.155318,0.061232
s20261019-1879:I1:C,s20261019-1879,train,1,REFRAIN,4,U1,0.915561,0.000060,0.048600,0.000055
s20261019-1880:I0:C,s20261019-1880,train,0,,,,0.073922,1.000000,0.621178,0.073922
s20261019-1880:I1:C,s20261019-1880,train,1,ACT,2,U2,0.939576,0.582210,0.670591,0.547031
s20261019-1881:I0:C,s20261019-1881,train,0,,,,0.063000,1.000000,0.175153,0.063000
s20261019-1881:I1:C,s20261019-1881,train,1,REFRAIN,2,U2,0.912566,0.000000,0.243789,0.000000
s20261019-1882:I0:C,s20261019-1882,test,0,,,,0.092065,0.139338,0.651596,0.012828
s20261019-1882:I1:C,s20261019-1882,test,1,ACT,7,U1,0.921864,0.986250,0.597891,0.909188
s20261019-1883:I0:C,s20261019-1883,test,0,,,,0.243910,0.999140,0.520571,0.243700
s20261019-1883:I1:C,s20261019-1883,test,1,ACT,6,U1,0.900247,0.988114,0.674515,0.889546
s20261019-1884:I0:C,s20261019-1884,train,0,,,,0.064159,1.000000,0.443163,0.064159
s20261019-1884:I1:C,s20261019-1884,train,1,REFRAIN,1,U1,0.960215,0.000003,0.301471,0.000003
s20261019-1885:I0:C,s20261019-1885,train,0,,,,0.118057,1.000000,0.436402,0.118057
s20261019-1885:I1:C,s20261019-1885,train,1,REFRAIN,5,U1,0.904079,0.014129,0.281856,0.012773
s20261019-1886:I0:C,s20261019-1886,train,0,,,,0.081831,1.000000,0.731420,0.081831
s20261019-1886:I1:C,s20261019-1886,train,1,REFRAIN,3,U2,0.927582,0.000000,0.731716,0.000000
s20261019-1887:I0:C,s20261019-1887,val,0,,,,0.088811,1.000000,0.763222,0.088811
s20261019-1887:I1:C,s20261019-1887,val,1,REFRAIN,1,U2,0.916473,0.000000,0.679958,0.000000
s20261019-1888:I0:C,s20261019-1888,test,0,,,,0.065538,1.000000,0.271567,0.065538
s20261019-1888:I1:C,s20261019-1888,test,1,REFRAIN,6,U1,0.911955,0.084925,0.443585,0.077448
s20261019-1889:I0:C,s20261019-1889,train,0,,,,0.093736,1.000000,0.492345,0.093736
s20261019-1889:I1:C,s20261019-1889,train,1,ACT,1,U2,0.921246,0.695171,0.441177,0.640424
s20261019-1890:I0:C,s20261019-1890,train,0,,,,0.072603,1.000000,0.773818,0.072603
s20261019-1890:I1:C,s20261019-1890,train,1,ACT,2,U1,0.906853,0.999876,0.665886,0.906740
s20261019-1891:I0:C,s20261019-1891,val,0,,,,0.094361,1.000000,0.451424,0.094361
s20261019-1891:I1:C,s20261019-1891,val,1,REFRAIN,4,U2,0.844976,0.000000,0.170056,0.000000
s20261019-1892:I0:C,s20261019-1892,train,0,,,,0.087542,1.000000,0.762244,0.087542
s20261019-1892:I1:C,s20261019-1892,train,1,REFRAIN,5,U2,0.923086,0.069565,0.763868,0.064214
s20261019-1893:I0:C,s20261019-1893,train,0,,,,0.080749,1.000000,0.131549,0.080749
s20261019-1893:I1:C,s20261019-1893,train,1,REFRAIN,1,U1,0.919599,0.000000,0.096743,0.000000
s20261019-1894:I0:C,s20261019-1894,train,0,,,,0.066612,1.000000,0.125389,0.066612
s20261019-1894:I1:C,s20261019-1894,train,1,REFRAIN,1,U1,0.922087,0.000000,0.082368,0.000000
s20261019-1895:I0:C,s20261019-1895,train,0,,,,0.087319,1.000000,0.197245,0.087319
s20261019-1895:I1:C,s20261019-1895,train,1,REFRAIN,2,U2,0.926486,0.000000,0.276009,0.000000
s20261019-1896:I0:C,s20261019-1896,train,0,,,,0.077411,1.000000,0.297206,0.077411
s20261019-1896:I1:C,s20261019-1896,train,1,REFRAIN,4,U2,0.906522,0.000000,0.100197,0.000000
s20261019-1897:I0:C,s20261019-1897,train,0,,,,0.084202,1.000000,0.378535,0.084202
s20261019-1897:I1:C,s20261019-1897,train,1,REFRAIN,3,U1,0.910230,0.219259,0.297545,0.199576
s20261019-1898:I0:C,s20261019-1898,train,0,,,,0.108088,1.000000,0.762211,0.108088
s20261019-1898:I1:C,s20261019-1898,train,1,REFRAIN,1,U2,0.744871,0.000000,0.677524,0.000000
s20261019-1899:I0:C,s20261019-1899,train,0,,,,0.079936,0.942617,0.739548,0.075349
s20261019-1899:I1:C,s20261019-1899,train,1,ACT,2,U1,0.913328,0.996179,0.631752,0.909838
s20261019-1900:I0:C,s20261019-1900,test,0,,,,0.089086,1.000000,0.453795,0.089086
s20261019-1900:I1:C,s20261019-1900,test,1,REFRAIN,7,U2,0.920511,0.009570,0.511678,0.008809
s20261019-1901:I0:C,s20261019-1901,train,0,,,,0.105594,1.000000,0.508175,0.105594
s20261019-1901:I1:C,s20261019-1901,train,1,ACT,3,U2,0.913317,0.999091,0.533391,0.912487
s20261019-1902:I0:C,s20261019-1902,train,0,,,,0.096845,1.000000,0.676761,0.096845
s20261019-1902:I1:C,s20261019-1902,train,1,REFRAIN,1,U2,0.892727,0.000000,0.596043,0.000000
s20261019-1903:I0:C,s20261019-1903,train,0,,,,0.108436,1.000000,0.756323,0.108436
s20261019-1903:I1:C,s20261019-1903,train,1,ACT,2,U1,0.908654,0.999588,0.649509,0.908280
s20261019-1904:I0:C,s20261019-1904,train,0,,,,0.094219,1.000000,0.541662,0.094219
s20261019-1904:I1:C,s20261019-1904,train,1,REFRAIN,1,U1,0.906829,0.000460,0.374506,0.000417
s20261019-1905:I0:C,s20261019-1905,train,0,,,,0.081412,1.000000,0.230193,0.081412
s20261019-1905:I1:C,s20261019-1905,train,1,ACT,0,U2,0.918444,0.933739,0.728481,0.857586
s20261019-1906:I0:C,s20261019-1906,test,0,,,,0.084551,1.000000,0.591801,0.084551
s20261019-1906:I1:C,s20261019-1906,test,1,ACT,7,U2,0.950967,0.001942,0.647717,0.001847
s20261019-1907:I0:C,s20261019-1907,test,0,,,,0.066487,0.920173,0.729859,0.061180
s20261019-1907:I1:C,s20261019-1907,test,1,ACT,7,U1,0.931496,0.985792,0.673489,0.918261
s20261019-1908:I0:C,s20261019-1908,train,0,,,,0.123225,0.042218,0.321066,0.005202
s20261019-1908:I1:C,s20261019-1908,train,1,REFRAIN,1,U1,0.921773,0.000231,0.216362,0.000213
s20261019-1909:I0:C,s20261019-1909,val,0,,,,0.087665,1.000000,0.164913,0.087665
s20261019-1909:I1:C,s20261019-1909,val,1,REFRAIN,4,U1,0.910900,0.000816,0.055120,0.000744
s20261019-1910:I0:C,s20261019-1910,train,0,,,,0.113123,1.000000,0.787022,0.113123
s20261019-1910:I1:C,s20261019-1910,train,1,ACT,4,U1,0.918091,0.869103,0.431614,0.797915
s20261019-1911:I0:C,s20261019-1911,test,0,,,,0.093477,1.000000,0.735078,0.093477
s20261019-1911:I1:C,s20261019-1911,test,1,ACT,7,U1,0.925305,0.953652,0.700207,0.882419
s20261019-1912:I0:C,s20261019-1912,train,0,,,,0.113197,1.000000,0.735483,0.113197
s20261019-1912:I1:C,s20261019-1912,train,1,ACT,4,U1,0.916973,0.833214,0.377973,0.764034
s20261019-1913:I0:C,s20261019-1913,val,0,,,,0.078163,1.000000,0.156488,0.078163
s20261019-1913:I1:C,s20261019-1913,val,1,REFRAIN,1,U2,0.914819,0.000001,0.151010,0.000001
s20261019-1914:I0:C,s20261019-1914,train,0,,,,0.077990,1.000000,0.521537,0.077990
s20261019-1914:I1:C,s20261019-1914,train,1,ACT,0,U2,0.919255,1.000000,0.897902,0.919255
s20261019-1915:I0:C,s20261019-1915,train,0,,,,0.083450,1.000000,0.757628,0.083450
s20261019-1915:I1:C,s20261019-1915,train,1,ACT,3,U1,0.917672,0.985005,0.648346,0.903911
s20261019-1916:I0:C,s20261019-1916,test,0,,,,0.090486,1.000000,0.420674,0.090486
s20261019-1916:I1:C,s20261019-1916,test,1,REFRAIN,7,U1,0.910835,0.001891,0.376609,0.001722
s20261019-1917:I0:C,s20261019-1917,train,0,,,,0.081907,1.000000,0.444417,0.081907
s20261019-1917:I1:C,s20261019-1917,train,1,ACT,0,U2,0.909072,1.000000,0.875430,0.909072
s20261019-1918:I0:C,s20261019-1918,test,0,,,,0.118115,1.000000,0.245120,0.118115
s20261019-1918:I1:C,s20261019-1918,test,1,REFRAIN,7,U1,0.931627,0.000022,0.223230,0.000020
s20261019-1919:I0:C,s20261019-1919,train,0,,,,0.085246,1.000000,0.664389,0.085246
s20261019-1919:I1:C,s20261019-1919,train,1,ACT,3,U2,0.910823,0.997653,0.664424,0.908685
s20261019-1920:I0:C,s20261019-1920,train,0,,,,0.093502,1.000000,0.536480,0.093502
s20261019-1920:I1:C,s20261019-1920,train,1,ACT,5,U2,0.908894,0.985616,0.546276,0.895820
s20261019-1921:I0:C,s20261019-1921,test,0,,,,0.105354,1.000000,0.796766,0.105354
s20261019-1921:I1:C,s20261019-1921,test,1,ACT,6,U2,0.929110,0.999993,0.929428,0.929104
s20261019-1922:I0:C,s20261019-1922,test,0,,,,0.091862,1.000000,0.436192,0.091862
s20261019-1922:I1:C,s20261019-1922,test,1,ACT,6,U2,0.914503,0.999999,0.764560,0.914502
s20261019-1923:I0:C,s20261019-1923,train,0,,,,0.100158,1.000000,0.407991,0.100158
s20261019-1923:I1:C,s20261019-1923,train,1,REFRAIN,3,U1,0.895230,0.168045,0.316922,0.150439
s20261019-1924:I0:C,s20261019-1924,train,0,,,,0.072788,1.000000,0.216779,0.072788
s20261019-1924:I1:C,s20261019-1924,train,1,REFRAIN,1,U2,0.912348,0.000009,0.195743,0.000008
s20261019-1925:I0:C,s20261019-1925,train,0,,,,0.110326,1.000000,0.157955,0.110326
s20261019-1925:I1:C,s20261019-1925,train,1,ACT,0,U1,0.915127,0.297546,0.470165,0.272292
s20261019-1926:I0:C,s20261019-1926,val,0,,,,0.054445,1.000000,0.437445,0.054445
s20261019-1926:I1:C,s20261019-1926,val,1,REFRAIN,3,U1,0.908831,0.008798,0.334514,0.007996
s20261019-1927:I0:C,s20261019-1927,val,0,,,,0.087933,1.000000,0.182121,0.087933
s20261019-1927:I1:C,s20261019-1927,val,1,REFRAIN,5,U1,0.921891,0.000216,0.116267,0.000199
s20261019-1928:I0:C,s20261019-1928,test,0,,,,0.040998,1.000000,0.581418,0.040998
s20261019-1928:I1:C,s20261019-1928,test,1,ACT,6,U1,0.895828,0.763285,0.711149,0.683772
s20261019-1929:I0:C,s20261019-1929,test,0,,,,0.080771,1.000000,0.230971,0.080771
s20261019-1929:I1:C,s20261019-1929,test,1,REFRAIN,6,U2,0.926370,0.014807,0.567466,0.013717
s20261019-1930:I0:C,s20261019-1930,train,0,,,,0.075370,1.000000,0.614932,0.075370
s20261019-1930:I1:C,s20261019-1930,train,1,REFRAIN,3,U2,0.921852,0.010782,0.620187,0.009939
s20261019-1931:I0:C,s20261019-1931,train,0,,,,0.068917,1.000000,0.749120,0.068917
s20261019-1931:I1:C,s20261019-1931,train,1,ACT,2,U1,0.911828,0.996685,0.633276,0.908805
s20261019-1932:I0:C,s20261019-1932,train,0,,,,0.113190,1.000000,0.813897,0.113190
s20261019-1932:I1:C,s20261019-1932,train,1,ACT,4,U1,0.920916,0.846450,0.482337,0.779509
s20261019-1933:I0:C,s20261019-1933,train,0,,,,0.181665,0.999480,0.579958,0.181571
s20261019-1933:I1:C,s20261019-1933,train,1,REFRAIN,3,U1,0.899880,0.052362,0.453941,0.047120
s20261019-1934:I0:C,s20261019-1934,train,0,,,,0.057940,1.000000,0.734965,0.057940
s20261019-1934:I1:C,s20261019-1934,train,1,ACT,0,U1,0.924047,0.999934,0.908774,0.923986
s20261019-1935:I0:C,s20261019-1935,train,0,,,,0.077207,0.999998,0.534553,0.077207
s20261019-1935:I1:C,s20261019-1935,train,1,ACT,0,U1,0.887023,0.921872,0.806987,0.817722
s20261019-1936:I0:C,s20261019-1936,train,0,,,,0.081221,1.000000,0.138162,0.081221
s20261019-1936:I1:C,s20261019-1936,train,1,REFRAIN,5,U2,0.917381,0.000000,0.164866,0.000000
s20261019-1937:I0:C,s20261019-1937,test,0,,,,0.073668,1.000000,0.576625,0.073668
s20261019-1937:I1:C,s20261019-1937,test,1,ACT,6,U2,0.923125,0.999874,0.834278,0.923009
s20261019-1938:I0:C,s20261019-1938,test,0,,,,0.120508,0.819226,0.427925,0.098723
s20261019-1938:I1:C,s20261019-1938,test,1,ACT,6,U1,0.938984,0.778060,0.608978,0.730586
s20261019-1939:I0:C,s20261019-1939,train,0,,,,0.083839,1.000000,0.486647,0.083839
s20261019-1939:I1:C,s20261019-1939,train,1,REFRAIN,2,U2,0.943779,0.748343,0.556201,0.706270
s20261019-1940:I0:C,s20261019-1940,val,0,,,,0.083348,1.000000,0.711038,0.083348
s20261019-1940:I1:C,s20261019-1940,val,1,ACT,0,U1,0.918599,0.999576,0.894904,0.918209
s20261019-1941:I0:C,s20261019-1941,train,0,,,,0.082503,1.000000,0.722796,0.082503
s20261019-1941:I1:C,s20261019-1941,train,1,REFRAIN,5,U2,0.923118,0.275259,0.715357,0.254097
s20261019-1942:I0:C,s20261019-1942,test,0,,,,0.079804,1.000000,0.641103,0.079804
s20261019-1942:I1:C,s20261019-1942,test,1,ACT,6,U1,0.921578,0.682096,0.762149,0.628605
s20261019-1943:I0:C,s20261019-1943,val,0,,,,0.087199,1.000000,0.353286,0.087199
s20261019-1943:I1:C,s20261019-1943,val,1,ACT,5,U2,0.922739,0.999348,0.378291,0.922137
s20261019-1944:I0:C,s20261019-1944,train,0,,,,0.068556,1.000000,0.157316,0.068556
s20261019-1944:I1:C,s20261019-1944,train,1,REFRAIN,3,U2,0.917652,0.000000,0.189124,0.000000
s20261019-1945:I0:C,s20261019-1945,test,0,,,,0.088024,1.000000,0.413588,0.088024
s20261019-1945:I1:C,s20261019-1945,test,1,ACT,6,U2,0.919981,1.000000,0.733640,0.919981
s20261019-1946:I0:C,s20261019-1946,train,0,,,,0.083120,1.000000,0.488859,0.083120
s20261019-1946:I1:C,s20261019-1946,train,1,ACT,1,U2,0.914464,0.993383,0.425601,0.908413
s20261019-1947:I0:C,s20261019-1947,val,0,,,,0.093340,1.000000,0.795993,0.093340
s20261019-1947:I1:C,s20261019-1947,val,1,ACT,5,U1,0.921699,0.976714,0.612752,0.900236
s20261019-1948:I0:C,s20261019-1948,test,0,,,,0.086252,1.000000,0.514449,0.086252
s20261019-1948:I1:C,s20261019-1948,test,1,ACT,6,U2,0.884615,0.999999,0.811859,0.884614
s20261019-1949:I0:C,s20261019-1949,test,0,,,,0.083798,1.000000,0.234103,0.083798
s20261019-1949:I1:C,s20261019-1949,test,1,REFRAIN,7,U2,0.923378,0.000000,0.298707,0.000000
s20261019-1950:I0:C,s20261019-1950,train,0,,,,0.105272,1.000000,0.410594,0.105272
s20261019-1950:I1:C,s20261019-1950,train,1,REFRAIN,4,U2,0.907335,0.000000,0.139427,0.000000
s20261019-1951:I0:C,s20261019-1951,test,0,,,,0.075907,1.000000,0.528951,0.075907
s20261019-1951:I1:C,s20261019-1951,test,1,ACT,6,U2,0.931641,0.999965,0.803614,0.931608
s20261019-1952:I0:C,s20261019-1952,val,0,,,,0.061682,1.000000,0.578246,0.061682
s20261019-1952:I1:C,s20261019-1952,val,1,ACT,0,U1,0.940461,0.368297,0.820023,0.346369
s20261019-1953:I0:C,s20261019-1953,val,0,,,,0.073200,0.966795,0.380719,0.070769
s20261019-1953:I1:C,s20261019-1953,val,1,REFRAIN,1,U1,0.951155,0.000034,0.257152,0.000032
s20261019-1954:I0:C,s20261019-1954,test,0,,,,0.093828,1.000000,0.154846,0.093828
s20261019-1954:I1:C,s20261019-1954,test,1,REFRAIN,7,U1,0.933709,0.000052,0.144159,0.000048
s20261019-1955:I0:C,s20261019-1955,train,0,,,,0.087701,1.000000,0.571572,0.087701
s20261019-1955:I1:C,s20261019-1955,train,1,ACT,3,U2,0.898583,0.999997,0.580503,0.898580
s20261019-1956:I0:C,s20261019-1956,train,0,,,,0.057723,1.000000,0.494967,0.057723
s20261019-1956:I1:C,s20261019-1956,train,1,REFRAIN,0,U1,0.938510,0.760122,0.783574,0.713382
s20261019-1957:I0:C,s20261019-1957,test,0,,,,0.064830,1.000000,0.467246,0.064830
s20261019-1957:I1:C,s20261019-1957,test,1,REFRAIN,6,U1,0.936522,0.813413,0.636347,0.761780
s20261019-1958:I0:C,s20261019-1958,train,0,,,,0.076965,1.000000,0.194479,0.076965
s20261019-1958:I1:C,s20261019-1958,train,1,REFRAIN,5,U1,0.919181,0.104332,0.124896,0.095900
s20261019-1959:I0:C,s20261019-1959,train,0,,,,0.151431,0.582653,0.423567,0.088232
s20261019-1959:I1:C,s20261019-1959,train,1,REFRAIN,2,U1,0.907135,0.089165,0.353106,0.080885
s20261019-1960:I0:C,s20261019-1960,train,0,,,,0.085644,1.000000,0.492316,0.085644
s20261019-1960:I1:C,s20261019-1960,train,1,ACT,0,U1,0.929561,0.977461,0.787635,0.908610
s20261019-1961:I0:C,s20261019-1961,train,0,,,,0.091160,1.000000,0.510823,0.091160
s20261019-1961:I1:C,s20261019-1961,train,1,ACT,2,U2,0.921760,0.999595,0.569607,0.921386
s20261019-1962:I0:C,s20261019-1962,test,0,,,,0.065367,1.000000,0.736984,0.065367
s20261019-1962:I1:C,s20261019-1962,test,1,ACT,6,U2,0.927017,0.999995,0.910882,0.927012
s20261019-1963:I0:C,s20261019-1963,test,0,,,,0.076958,1.000000,0.521826,0.076958
s20261019-1963:I1:C,s20261019-1963,test,1,REFRAIN,7,U1,0.918033,0.005218,0.453293,0.004791
s20261019-1964:I0:C,s20261019-1964,val,0,,,,0.104023,1.000000,0.347319,0.104023
s20261019-1964:I1:C,s20261019-1964,val,1,REFRAIN,4,U1,0.927463,0.001320,0.124383,0.001224
s20261019-1965:I0:C,s20261019-1965,train,0,,,,0.067044,1.000000,0.717599,0.067044
s20261019-1965:I1:C,s20261019-1965,train,1,REFRAIN,4,U2,0.921968,0.000000,0.348762,0.000000
s20261019-1966:I0:C,s20261019-1966,test,0,,,,0.089440,1.000000,0.208660,0.089440
s20261019-1966:I1:C,s20261019-1966,test,1,REFRAIN,6,U2,0.918112,0.000117,0.526231,0.000107
s20261019-1967:I0:C,s20261019-1967,train,0,,,,0.101491,1.000000,0.610583,0.101491
s20261019-1967:I1:C,s20261019-1967,train,1,REFRAIN,2,U1,0.908942,0.036458,0.500173,0.033139
s20261019-1968:I0:C,s20261019-1968,train,0,,,,0.069658,1.000000,0.187360,0.069658
s20261019-1968:I1:C,s20261019-1968,train,1,REFRAIN,1,U2,0.919565,0.000000,0.170985,0.000000
s20261019-1969:I0:C,s20261019-1969,train,0,,,,0.085996,1.000000,0.704500,0.085996
s20261019-1969:I1:C,s20261019-1969,train,1,ACT,0,U1,0.913707,0.999988,0.888463,0.913695
s20261019-1970:I0:C,s20261019-1970,train,0,,,,0.063787,1.000000,0.186765,0.063787
s20261019-1970:I1:C,s20261019-1970,train,1,REFRAIN,0,U1,0.916717,0.883694,0.475306,0.810097
s20261019-1971:I0:C,s20261019-1971,test,0,,,,0.056583,1.000000,0.380783,0.056583
s20261019-1971:I1:C,s20261019-1971,test,1,REFRAIN,7,U1,0.928565,0.011065,0.329957,0.010275
s20261019-1972:I0:C,s20261019-1972,train,0,,,,0.082923,1.000000,0.454257,0.082923
s20261019-1972:I1:C,s20261019-1972,train,1,REFRAIN,5,U1,0.908923,0.005259,0.291201,0.004780
s20261019-1973:I0:C,s20261019-1973,train,0,,,,0.065116,1.000000,0.395307,0.065116
s20261019-1973:I1:C,s20261019-1973,train,1,ACT,1,U2,0.913652,0.958442,0.357959,0.875682
s20261019-1974:I0:C,s20261019-1974,train,0,,,,0.097040,1.000000,0.659195,0.097040
s20261019-1974:I1:C,s20261019-1974,train,1,REFRAIN,1,U2,0.732098,0.000000,0.579007,0.000000
s20261019-1975:I0:C,s20261019-1975,train,0,,,,0.093691,1.000000,0.456837,0.093691
s20261019-1975:I1:C,s20261019-1975,train,1,ACT,3,U2,0.925821,0.897225,0.478691,0.830669
s20261019-1976:I0:C,s20261019-1976,train,0,,,,0.075858,1.000000,0.519583,0.075858
s20261019-1976:I1:C,s20261019-1976,train,1,ACT,0,U2,0.902120,1.000000,0.891724,0.902120
s20261019-1977:I0:C,s20261019-1977,train,0,,,,0.111443,1.000000,0.676335,0.111443
s20261019-1977:I1:C,s20261019-1977,train,1,ACT,2,U1,0.900883,0.999952,0.576345,0.900840
s20261019-1978:I0:C,s20261019-1978,train,0,,,,0.088771,1.000000,0.640169,0.088771
s20261019-1978:I1:C,s20261019-1978,train,1,REFRAIN,2,U2,0.912203,0.829128,0.693561,0.756333
s20261019-1979:I0:C,s20261019-1979,train,0,,,,0.092446,1.000000,0.431390,0.092446
s20261019-1979:I1:C,s20261019-1979,train,1,REFRAIN,4,U2,0.928711,0.000000,0.154199,0.000000
s20261019-1980:I0:C,s20261019-1980,train,0,,,,0.081747,1.000000,0.733893,0.081747
s20261019-1980:I1:C,s20261019-1980,train,1,REFRAIN,4,U1,0.913185,0.930589,0.377583,0.849800
s20261019-1981:I0:C,s20261019-1981,train,0,,,,0.091801,1.000000,0.795097,0.091801
s20261019-1981:I1:C,s20261019-1981,train,1,ACT,5,U1,0.904723,0.990035,0.618410,0.895707
s20261019-1982:I0:C,s20261019-1982,test,0,,,,0.084201,1.000000,0.439558,0.084201
s20261019-1982:I1:C,s20261019-1982,test,1,REFRAIN,7,U1,0.935041,0.000051,0.394895,0.000048
s20261019-1983:I0:C,s20261019-1983,train,0,,,,0.064456,1.000000,0.505404,0.064456
s20261019-1983:I1:C,s20261019-1983,train,1,REFRAIN,2,U1,0.916797,0.027066,0.412658,0.024814
s20261019-1984:I0:C,s20261019-1984,test,0,,,,0.089445,1.000000,0.374676,0.089445
s20261019-1984:I1:C,s20261019-1984,test,1,ACT,6,U2,0.920144,1.000000,0.702043,0.920144
s20261019-1985:I0:C,s20261019-1985,val,0,,,,0.073651,1.000000,0.147347,0.073651
s20261019-1985:I1:C,s20261019-1985,val,1,REFRAIN,5,U1,0.916590,0.000059,0.095280,0.000054
s20261019-1986:I0:C,s20261019-1986,train,0,,,,0.111083,1.000000,0.401215,0.111083
s20261019-1986:I1:C,s20261019-1986,train,1,ACT,3,U2,0.908693,0.985373,0.422525,0.895402
s20261019-1987:I0:C,s20261019-1987,train,0,,,,0.083078,1.000000,0.440282,0.083078
s20261019-1987:I1:C,s20261019-1987,train,1,REFRAIN,5,U1,0.909123,0.012672,0.295235,0.011521
s20261019-1988:I0:C,s20261019-1988,test,0,,,,0.093520,1.000000,0.553412,0.093520
s20261019-1988:I1:C,s20261019-1988,test,1,REFRAIN,7,U1,0.922167,0.000481,0.493998,0.000443
s20261019-1989:I0:C,s20261019-1989,val,0,,,,0.083535,1.000000,0.401516,0.083535
s20261019-1989:I1:C,s20261019-1989,val,1,REFRAIN,1,U1,0.947404,0.000000,0.285697,0.000000
s20261019-1990:I0:C,s20261019-1990,test,0,,,,0.078360,1.000000,0.202654,0.078360
s20261019-1990:I1:C,s20261019-1990,test,1,REFRAIN,7,U1,0.928947,0.000139,0.182606,0.000129
s20261019-1991:I0:C,s20261019-1991,train,0,,,,0.059845,1.000000,0.229527,0.059845
s20261019-1991:I1:C,s20261019-1991,train,1,REFRAIN,3,U1,0.921521,0.046366,0.178661,0.042727
s20261019-1992:I0:C,s20261019-1992,train,0,,,,0.082554,1.000000,0.735141,0.082554
s20261019-1992:I1:C,s20261019-1992,train,1,REFRAIN,3,U2,0.931966,0.000000,0.720709,0.000000
s20261019-1993:I0:C,s20261019-1993,train,0,,,,0.083030,1.000000,0.803338,0.083030
s20261019-1993:I1:C,s20261019-1993,train,1,ACT,3,U1,0.922901,0.912086,0.677090,0.841765
s20261019-1994:I0:C,s20261019-1994,train,0,,,,0.094645,1.000000,0.468142,0.094645
s20261019-1994:I1:C,s20261019-1994,train,1,REFRAIN,2,U2,0.933506,0.081920,0.547236,0.076473
s20261019-1995:I0:C,s20261019-1995,train,0,,,,0.074654,1.000000,0.238362,0.074654
s20261019-1995:I1:C,s20261019-1995,train,1,REFRAIN,1,U1,0.919428,0.000000,0.170239,0.000000
s20261019-1996:I0:C,s20261019-1996,val,0,,,,0.081953,0.999986,0.508559,0.081952
s20261019-1996:I1:C,s20261019-1996,val,1,REFRAIN,2,U1,0.914682,0.000015,0.414812,0.000014
s20261019-1997:I0:C,s20261019-1997,train,0,,,,0.062334,1.000000,0.687180,0.062334
s20261019-1997:I1:C,s20261019-1997,train,1,REFRAIN,4,U1,0.915033,0.912556,0.329808,0.835019
s20261019-1998:I0:C,s20261019-1998,train,0,,,,0.096753,1.000000,0.763666,0.096753
s20261019-1998:I1:C,s20261019-1998,train,1,ACT,0,U1,0.937688,0.999772,0.915217,0.937474
s20261019-1999:I0:C,s20261019-1999,train,0,,,,0.086801,1.000000,0.467622,0.086801
s20261019-1999:I1:C,s20261019-1999,train,1,REFRAIN,1,U2,0.887193,0.184127,0.406309,0.163356
s20261019-2000:I0:C,s20261019-2000,val,0,,,,0.106051,1.000000,0.503944,0.106051
s20261019-2000:I1:C,s20261019-2000,val,1,REFRAIN,3,U1,0.919744,0.109514,0.400776,0.100724
s20261019-2001:I0:C,s20261019-2001,train,0,,,,0.091966,1.000000,0.686774,0.091966
s20261019-2001:I1:C,s20261019-2001,train,1,REFRAIN,1,U2,0.891452,0.000000,0.617610,0.000000
s20261019-2002:I0:C,s20261019-2002,val,0,,,,0.080468,1.000000,0.137115,0.080468
s20261019-2002:I1:C,s20261019-2002,val,1,REFRAIN,3,U1,0.917016,0.000818,0.117534,0.000750
s20261019-2003:I0:C,s20261019-2003,test,0,,,,0.083008,1.000000,0.753324,0.083008
s20261019-2003:I1:C,s20261019-2003,test,1,ACT,7,U1,0.922344,0.965361,0.687037,0.890395
s20261019-2004:I0:C,s20261019-2004,test,0,,,,0.088127,1.000000,0.181156,0.088127
s20261019-2004:I1:C,s20261019-2004,test,1,REFRAIN,7,U2,0.881309,0.000004,0.229150,0.000003
s20261019-2005:I0:C,s20261019-2005,train,0,,,,0.083467,1.000000,0.536661,0.083467
s20261019-2005:I1:C,s20261019-2005,train,1,REFRAIN,3,U1,0.904209,0.006027,0.423239,0.005450
s20261019-2006:I0:C,s20261019-2006,test,0,,,,0.072788,1.000000,0.359284,0.072788
s20261019-2006:I1:C,s20261019-2006,test,1,ACT,6,U1,0.926924,0.220709,0.527654,0.204581
s20261019-2007:I0:C,s20261019-2007,test,0,,,,0.050612,1.000000,0.206910,0.050612
s20261019-2007:I1:C,s20261019-2007,test,1,REFRAIN,6,U1,0.914182,0.267811,0.352966,0.244828
s20261019-2008:I0:C,s20261019-2008,train,0,,,,0.077339,1.000000,0.524704,0.077339
s20261019-2008:I1:C,s20261019-2008,train,1,ACT,2,U2,0.939973,0.873603,0.597026,0.821163
s20261019-2009:I0:C,s20261019-2009,train,0,,,,0.087303,1.000000,0.584874,0.087303
s20261019-2009:I1:C,s20261019-2009,train,1,ACT,0,U2,0.927294,0.999995,0.914207,0.927290
s20261019-2010:I0:C,s20261019-2010,train,0,,,,0.122053,0.397564,0.390048,0.048524
s20261019-2010:I1:C,s20261019-2010,train,1,ACT,0,U1,0.927367,0.800232,0.716974,0.742109
s20261019-2011:I0:C,s20261019-2011,train,0,,,,0.082569,1.000000,0.120034,0.082569
s20261019-2011:I1:C,s20261019-2011,train,1,REFRAIN,3,U2,0.925842,0.000000,0.150685,0.000000
s20261019-2012:I0:C,s20261019-2012,test,0,,,,0.057067,1.000000,0.195475,0.057067
s20261019-2012:I1:C,s20261019-2012,test,1,REFRAIN,6,U1,0.908144,0.529144,0.340405,0.480539
s20261019-2013:I0:C,s20261019-2013,train,0,,,,0.079792,1.000000,0.434006,0.079792
s20261019-2013:I1:C,s20261019-2013,train,1,ACT,1,U2,0.926173,0.358567,0.377074,0.332095
s20261019-2014:I0:C,s20261019-2014,train,0,,,,0.087979,1.000000,0.501331,0.087979
s20261019-2014:I1:C,s20261019-2014,train,1,ACT,0,U2,0.917683,0.999993,0.887996,0.917676
s20261019-2015:I0:C,s20261019-2015,val,0,,,,0.090395,1.000000,0.399867,0.090395
s20261019-2015:I1:C,s20261019-2015,val,1,ACT,1,U2,0.915062,0.984692,0.349232,0.901054
s20261019-2016:I0:C,s20261019-2016,train,0,,,,0.088855,1.000000,0.537838,0.088855
s20261019-2016:I1:C,s20261019-2016,train,1,ACT,1,U2,0.937385,0.999705,0.484212,0.937108
s20261019-2017:I0:C,s20261019-2017,test,0,,,,0.076723,1.000000,0.450421,0.076723
s20261019-2017:I1:C,s20261019-2017,test,1,ACT,6,U2,0.915227,1.000000,0.766229,0.915227
s20261019-2018:I0:C,s20261019-2018,val,0,,,,0.080999,1.000000,0.429327,0.080999
s20261019-2018:I1:C,s20261019-2018,val,1,REFRAIN,5,U1,0.907864,0.000191,0.284125,0.000173
s20261019-2019:I0:C,s20261019-2019,val,0,,,,0.085827,1.000000,0.182914,0.085827
s20261019-2019:I1:C,s20261019-2019,val,1,REFRAIN,3,U2,0.924175,0.000002,0.220198,0.000002
s20261019-2020:I0:C,s20261019-2020,train,0,,,,0.079122,1.000000,0.173088,0.079122
s20261019-2020:I1:C,s20261019-2020,train,1,REFRAIN,5,U2,0.927489,0.000000,0.210559,0.000000
s20261019-2021:I0:C,s20261019-2021,train,0,,,,0.092932,1.000000,0.280327,0.092932
s20261019-2021:I1:C,s20261019-2021,train,1,ACT,0,U1,0.910821,0.720926,0.625328,0.656635
s20261019-2022:I0:C,s20261019-2022,test,0,,,,0.070320,1.000000,0.464753,0.070320
s20261019-2022:I1:C,s20261019-2022,test,1,ACT,6,U2,0.920673,0.999999,0.770656,0.920672
s20261019-2023:I0:C,s20261019-2023,test,0,,,,0.073450,1.000000,0.750087,0.073450
s20261019-2023:I1:C,s20261019-2023,test,1,ACT,6,U1,0.918412,0.999989,0.848547,0.918402
s20261019-2024:I0:C,s20261019-2024,train,0,,,,0.086144,1.000000,0.146139,0.086144
s20261019-2024:I1:C,s20261019-2024,train,1,REFRAIN,4,U2,0.916602,0.000000,0.047625,0.000000
s20261019-2025:I0:C,s20261019-2025,train,0,,,,0.083758,1.000000,0.436668,0.083758
s20261019-2025:I1:C,s20261019-2025,train,1,REFRAIN,4,U1,0.919957,0.000001,0.163918,0.000000
s20261019-2026:I0:C,s20261019-2026,train,0,,,,0.082096,1.000000,0.335698,0.082096
s20261019-2026:I1:C,s20261019-2026,train,1,REFRAIN,4,U1,0.911737,0.087543,0.116982,0.079816
s20261019-2027:I0:C,s20261019-2027,train,0,,,,0.090746,1.000000,0.832467,0.090746
s20261019-2027:I1:C,s20261019-2027,train,1,ACT,4,U1,0.920466,0.882409,0.492882,0.812228
s20261019-2028:I0:C,s20261019-2028,test,0,,,,0.086098,0.999995,0.469358,0.086098
s20261019-2028:I1:C,s20261019-2028,test,1,REFRAIN,7,U1,0.913326,0.000832,0.413019,0.000760
s20261019-2029:I0:C,s20261019-2029,train,0,,,,0.075175,1.000000,0.140629,0.075175
s20261019-2029:I1:C,s20261019-2029,train,1,REFRAIN,1,U1,0.912956,0.000000,0.100022,0.000000
s20261019-2030:I0:C,s20261019-2030,val,0,,,,0.075208,0.905223,0.776133,0.068080
s20261019-2030:I1:C,s20261019-2030,val,1,ACT,0,U1,0.910174,0.999953,0.920554,0.910131
s20261019-2031:I0:C,s20261019-2031,train,0,,,,0.083574,1.000000,0.682973,0.083574
s20261019-2031:I1:C,s20261019-2031,train,1,REFRAIN,5,U2,0.920123,0.000030,0.676507,0.000028
s20261019-2032:I0:C,s20261019-2032,train,0,,,,0.102753,1.000000,0.533031,0.102753
s20261019-2032:I1:C,s20261019-2032,train,1,REFRAIN,3,U1,0.917511,0.009502,0.414429,0.008718
s20261019-2033:I0:C,s20261019-2033,train,0,,,,0.090430,1.000000,0.770831,0.090430
s20261019-2033:I1:C,s20261019-2033,train,1,REFRAIN,5,U2,0.921175,0.408990,0.758604,0.376751
s20261019-2034:I0:C,s20261019-2034,train,0,,,,0.168981,0.385636,0.281456,0.065165
s20261019-2034:I1:C,s20261019-2034,train,1,REFRAIN,5,U1,0.914013,0.000458,0.178262,0.000419
s20261019-2035:I0:C,s20261019-2035,train,0,,,,0.047606,1.000000,0.180480,0.047606
s20261019-2035:I1:C,s20261019-2035,train,1,ACT,0,U1,0.919232,0.579353,0.471894,0.532560
s20261019-2036:I0:C,s20261019-2036,train,0,,,,0.076685,1.000000,0.747096,0.076685
s20261019-2036:I1:C,s20261019-2036,train,1,ACT,2,U1,0.907981,0.999781,0.648900,0.907782
s20261019-2037:I0:C,s20261019-2037,train,0,,,,0.067753,1.000000,0.773106,0.067753
s20261019-2037:I1:C,s20261019-2037,train,1,ACT,0,U2,0.914796,0.999958,0.960834,0.914758
s20261019-2038:I0:C,s20261019-2038,train,0,,,,0.087951,1.000000,0.591255,0.087951
s20261019-2038:I1:C,s20261019-2038,train,1,ACT,0,U2,0.914827,1.000000,0.910936,0.914827
s20261019-2039:I0:C,s20261019-2039,test,0,,,,0.075001,1.000000,0.462752,0.075001
s20261019-2039:I1:C,s20261019-2039,test,1,ACT,6,U2,0.919642,1.000000,0.762772,0.919642
s20261019-2040:I0:C,s20261019-2040,val,0,,,,0.064744,1.000000,0.433383,0.064744
s20261019-2040:I1:C,s20261019-2040,val,1,REFRAIN,1,U1,0.945548,0.000001,0.298883,0.000001
s20261019-2041:I0:C,s20261019-2041,train,0,,,,0.086973,1.000000,0.197051,0.086973
s20261019-2041:I1:C,s20261019-2041,train,1,REFRAIN,0,U2,0.912876,0.863829,0.701340,0.788569
s20261019-2042:I0:C,s20261019-2042,train,0,,,,0.106865,1.000000,0.218788,0.106865
s20261019-2042:I1:C,s20261019-2042,train,1,REFRAIN,2,U1,0.908727,0.261577,0.193491,0.237702
s20261019-2043:I0:C,s20261019-2043,train,0,,,,0.082376,1.000000,0.498345,0.082376
s20261019-2043:I1:C,s20261019-2043,train,1,ACT,2,U2,0.920111,0.991835,0.559958,0.912598
s20261019-2044:I0:C,s20261019-2044,val,0,,,,0.077200,1.000000,0.199852,0.077200
s20261019-2044:I1:C,s20261019-2044,val,1,REFRAIN,3,U2,0.920293,0.000000,0.232191,0.000000
s20261019-2045:I0:C,s20261019-2045,train,0,,,,0.078016,1.000000,0.453282,0.078016
s20261019-2045:I1:C,s20261019-2045,train,1,REFRAIN,2,U1,0.915658,0.032877,0.379128,0.030104
s20261019-2046:I0:C,s20261019-2046,train,0,,,,0.104072,1.000000,0.243733,0.104072
s20261019-2046:I1:C,s20261019-2046,train,1,REFRAIN,1,U1,0.912482,0.000000,0.168500,0.000000
s20261019-2047:I0:C,s20261019-2047,val,0,,,,0.073870,1.000000,0.137546,0.073870
s20261019-2047:I1:C,s20261019-2047,val,1,REFRAIN,5,U2,0.921812,0.000000,0.166223,0.000000
s20261019-2048:I0:C,s20261019-2048,train,0,,,,0.101059,1.000000,0.541460,0.101059
s20261019-2048:I1:C,s20261019-2048,train,1,REFRAIN,4,U1,0.927524,0.000004,0.215666,0.000004
s20261019-2049:I0:C,s20261019-2049,train,0,,,,0.083174,1.000000,0.183763,0.083174
s20261019-2049:I1:C,s20261019-2049,train,1,REFRAIN,2,U2,0.938011,0.000000,0.256006,0.000000
s20261019-2050:I0:C,s20261019-2050,test,0,,,,0.091569,1.000000,0.142295,0.091569
s20261019-2050:I1:C,s20261019-2050,test,1,ACT,6,U2,0.922999,0.513183,0.439517,0.473667
s20261019-2051:I0:C,s20261019-2051,train,0,,,,0.071121,1.000000,0.580168,0.071121
s20261019-2051:I1:C,s20261019-2051,train,1,ACT,3,U2,0.914757,1.000000,0.589809,0.914757
s20261019-2052:I0:C,s20261019-2052,val,0,,,,0.107119,0.034887,0.694686,0.003737
s20261019-2052:I1:C,s20261019-2052,val,1,ACT,0,U1,0.905932,0.999088,0.891530,0.905106
s20261019-2053:I0:C,s20261019-2053,val,0,,,,0.077988,1.000000,0.814323,0.077988
s20261019-2053:I1:C,s20261019-2053,val,1,ACT,3,U1,0.928505,0.967618,0.706385,0.898438
s20261019-2054:I0:C,s20261019-2054,train,0,,,,0.087357,1.000000,0.563280,0.087357
s20261019-2054:I1:C,s20261019-2054,train,1,ACT,0,U2,0.916124,0.985132,0.907482,0.902503
s20261019-2055:I0:C,s20261019-2055,train,0,,,,0.107444,1.000000,0.216168,0.107444
s20261019-2055:I1:C,s20261019-2055,train,1,REFRAIN,1,U1,0.904958,0.000000,0.151616,0.000000
s20261019-2056:I0:C,s20261019-2056,train,0,,,,0.088729,1.000000,0.554288,0.088729
s20261019-2056:I1:C,s20261019-2056,train,1,ACT,1,U2,0.888786,0.959330,0.480294,0.852639
s20261019-2057:I0:C,s20261019-2057,train,0,,,,0.074180,1.000000,0.389736,0.074180
s20261019-2057:I1:C,s20261019-2057,train,1,REFRAIN,4,U2,0.755452,0.000066,0.146289,0.000050
s20261019-2058:I0:C,s20261019-2058,val,0,,,,0.088918,1.000000,0.478725,0.088918
s20261019-2058:I1:C,s20261019-2058,val,1,REFRAIN,4,U2,0.632249,0.135314,0.185528,0.085552
s20261019-2059:I0:C,s20261019-2059,test,0,,,,0.072763,1.000000,0.730633,0.072763
s20261019-2059:I1:C,s20261019-2059,test,1,REFRAIN,7,U2,0.609624,0.000000,0.770427,0.000000
s20261019-2060:I0:C,s20261019-2060,train,0,,,,0.128944,1.000000,0.710196,0.128944
s20261019-2060:I1:C,s20261019-2060,train,1,ACT,2,U1,0.908628,0.998718,0.600020,0.907463
s20261019-2061:I0:C,s20261019-2061,train,0,,,,0.089962,1.000000,0.567867,0.089962
s20261019-2061:I1:C,s20261019-2061,train,1,ACT,1,U2,0.928358,1.000000,0.494994,0.928358
s20261019-2062:I0:C,s20261019-2062,test,0,,,,0.067097,1.000000,0.223718,0.067097
s20261019-2062:I1:C,s20261019-2062,test,1,REFRAIN,7,U1,0.925887,0.000028,0.203042,0.000026
s20261019-2063:I0:C,s20261019-2063,train,0,,,,0.080247,1.000000,0.565901,0.080247
s20261019-2063:I1:C,s20261019-2063,train,1,ACT,0,U2,0.929610,1.000000,0.910989,0.929610
s20261019-2064:I0:C,s20261019-2064,train,0,,,,0.087859,1.000000,0.500927,0.087859
s20261019-2064:I1:C,s20261019-2064,train,1,REFRAIN,4,U2,0.800566,0.000000,0.202769,0.000000
s20261019-2065:I0:C,s20261019-2065,test,0,,,,0.102689,1.000000,0.743561,0.102689
s20261019-2065:I1:C,s20261019-2065,test,1,REFRAIN,7,U2,0.862888,0.000000,0.775534,0.000000
s20261019-2066:I0:C,s20261019-2066,test,0,,,,0.079752,1.000000,0.460833,0.079752
s20261019-2066:I1:C,s20261019-2066,test,1,ACT,6,U2,0.928546,0.999101,0.768843,0.927711
s20261019-2067:I0:C,s20261019-2067,train,0,,,,0.127824,1.000000,0.210562,0.127824
s20261019-2067:I1:C,s20261019-2067,train,1,REFRAIN,2,U1,0.921035,0.149472,0.185356,0.137669
s20261019-2068:I0:C,s20261019-2068,train,0,,,,0.083749,1.000000,0.800220,0.083749
s20261019-2068:I1:C,s20261019-2068,train,1,REFRAIN,1,U2,0.915317,0.000000,0.727531,0.000000
s20261019-2069:I0:C,s20261019-2069,train,0,,,,0.082121,1.000000,0.184353,0.082121
s20261019-2069:I1:C,s20261019-2069,train,1,REFRAIN,4,U1,0.925894,0.000002,0.060962,0.000002
s20261019-2070:I0:C,s20261019-2070,train,0,,,,0.074372,1.000000,0.389705,0.074372
s20261019-2070:I1:C,s20261019-2070,train,1,REFRAIN,1,U2,0.934760,0.000000,0.339841,0.000000
s20261019-2071:I0:C,s20261019-2071,train,0,,,,0.095683,1.000000,0.775564,0.095683
s20261019-2071:I1:C,s20261019-2071,train,1,ACT,3,U1,0.924718,0.968165,0.654692,0.895279
s20261019-2072:I0:C,s20261019-2072,train,0,,,,0.062479,0.999982,0.398378,0.062478
s20261019-2072:I1:C,s20261019-2072,train,1,REFRAIN,3,U1,0.902748,0.036608,0.319336,0.033048
s20261019-2073:I0:C,s20261019-2073,test,0,,,,0.086095,1.000000,0.433161,0.086095
s20261019-2073:I1:C,s20261019-2073,test,1,ACT,6,U2,0.913238,1.000000,0.760282,0.913238
s20261019-2074:I0:C,s20261019-2074,test,0,,,,0.094049,1.000000,0.271253,0.094049
s20261019-2074:I1:C,s20261019-2074,test,1,REFRAIN,7,U2,0.899628,0.000000,0.329292,0.000000
s20261019-2075:I0:C,s20261019-2075,train,0,,,,0.063934,1.000000,0.466157,0.063934
s20261019-2075:I1:C,s20261019-2075,train,1,REFRAIN,4,U2,0.909836,0.000000,0.174486,0.000000
s20261019-2076:I0:C,s20261019-2076,train,0,,,,0.092197,0.046009,0.790435,0.004242
s20261019-2076:I1:C,s20261019-2076,train,1,ACT,1,U1,0.923944,0.959281,0.626719,0.886321
s20261019-2077:I0:C,s20261019-2077,train,0,,,,0.053360,1.000000,0.426546,0.053360
s20261019-2077:I1:C,s20261019-2077,train,1,ACT,0,U2,0.914619,1.000000,0.859976,0.914619
s20261019-2078:I0:C,s20261019-2078,val,0,,,,0.096672,1.000000,0.275194,0.096672
s20261019-2078:I1:C,s20261019-2078,val,1,REFRAIN,5,U2,0.914550,0.000000,0.314696,0.000000
s20261019-2079:I0:C,s20261019-2079,test,0,,,,0.075829,1.000000,0.397769,0.075829
s20261019-2079:I1:C,s20261019-2079,test,1,ACT,6,U2,0.914045,1.000000,0.720655,0.914045
s20261019-2080:I0:C,s20261019-2080,train,0,,,,0.092389,1.000000,0.344249,0.092389
s20261019-2080:I1:C,s20261019-2080,train,1,ACT,0,U2,0.908902,1.000000,0.822227,0.908902
s20261019-2081:I0:C,s20261019-2081,train,0,,,,0.086553,1.000000,0.162042,0.086553
s20261019-2081:I1:C,s20261019-2081,train,1,REFRAIN,5,U2,0.921197,0.000000,0.191402,0.000000
s20261019-2082:I0:C,s20261019-2082,test,0,,,,0.061210,1.000000,0.730273,0.061210
s20261019-2082:I1:C,s20261019-2082,test,1,ACT,6,U1,0.912936,0.999960,0.844789,0.912899
s20261019-2083:I0:C,s20261019-2083,val,0,,,,0.089566,1.000000,0.354849,0.089566
s20261019-2083:I1:C,s20261019-2083,val,1,ACT,3,U2,0.907401,0.907433,0.386271,0.823405
s20261019-2084:I0:C,s20261019-2084,train,0,,,,0.104376,1.000000,0.615043,0.104376
s20261019-2084:I1:C,s20261019-2084,train,1,REFRAIN,4,U1,0.919626,0.023942,0.258487,0.022017
s20261019-2085:I0:C,s20261019-2085,test,0,,,,0.098261,1.000000,0.499671,0.098261
s20261019-2085:I1:C,s20261019-2085,test,1,ACT,7,U2,0.939696,0.999103,0.559474,0.938854
s20261019-2086:I0:C,s20261019-2086,train,0,,,,0.110167,1.000000,0.735761,0.110167
s20261019-2086:I1:C,s20261019-2086,train,1,ACT,1,U1,0.919782,0.936296,0.571678,0.861188
s20261019-2087:I0:C,s20261019-2087,test,0,,,,0.067159,1.000000,0.735764,0.067159
s20261019-2087:I1:C,s20261019-2087,test,1,REFRAIN,7,U2,0.889780,0.000000,0.774446,0.000000
s20261019-2088:I0:C,s20261019-2088,train,0,,,,0.094787,1.000000,0.542300,0.094787
s20261019-2088:I1:C,s20261019-2088,train,1,REFRAIN,5,U1,0.908919,0.004919,0.356923,0.004471
s20261019-2089:I0:C,s20261019-2089,test,0,,,,0.119520,1.000000,0.700754,0.119520
s20261019-2089:I1:C,s20261019-2089,test,1,ACT,7,U1,0.929345,0.963711,0.639430,0.895621
s20261019-2090:I0:C,s20261019-2090,test,0,,,,0.066832,1.000000,0.190519,0.066832
s20261019-2090:I1:C,s20261019-2090,test,1,REFRAIN,7,U2,0.880491,0.000061,0.235923,0.000054
s20261019-2091:I0:C,s20261019-2091,test,0,,,,0.163181,0.019450,0.496150,0.003174
s20261019-2091:I1:C,s20261019-2091,test,1,REFRAIN,7,U1,0.899200,0.008133,0.445804,0.007313
s20261019-2092:I0:C,s20261019-2092,train,0,,,,0.076647,1.000000,0.443540,0.076647
s20261019-2092:I1:C,s20261019-2092,train,1,REFRAIN,2,U1,0.915473,0.048859,0.363071,0.044729
s20261019-2093:I0:C,s20261019-2093,train,0,,,,0.080363,1.000000,0.384923,0.080363
s20261019-2093:I1:C,s20261019-2093,train,1,REFRAIN,0,U1,0.940123,0.064680,0.712117,0.060807
s20261019-2094:I0:C,s20261019-2094,train,0,,,,0.096970,1.000000,0.487460,0.096970
s20261019-2094:I1:C,s20261019-2094,train,1,REFRAIN,4,U2,0.950948,0.000000,0.185074,0.000000
s20261019-2095:I0:C,s20261019-2095,train,0,,,,0.091214,1.000000,0.658273,0.091214
s20261019-2095:I1:C,s20261019-2095,train,1,ACT,2,U2,0.885658,0.999963,0.701154,0.885625
s20261019-2096:I0:C,s20261019-2096,train,0,,,,0.084425,1.000000,0.128455,0.084425
s20261019-2096:I1:C,s20261019-2096,train,1,REFRAIN,0,U2,0.904148,0.595765,0.574375,0.538660
s20261019-2097:I0:C,s20261019-2097,val,0,,,,0.089220,1.000000,0.403465,0.089220
s20261019-2097:I1:C,s20261019-2097,val,1,ACT,0,U1,0.921663,0.993672,0.739206,0.915831
s20261019-2098:I0:C,s20261019-2098,train,0,,,,0.088203,1.000000,0.158620,0.088203
s20261019-2098:I1:C,s20261019-2098,train,1,REFRAIN,3,U1,0.908375,0.007556,0.132755,0.006864
s20261019-2099:I0:C,s20261019-2099,val,0,,,,0.079483,1.000000,0.574655,0.079483
s20261019-2099:I1:C,s20261019-2099,val,1,REFRAIN,3,U1,0.901388,0.000926,0.460063,0.000834
s20261019-2100:I0:C,s20261019-2100,train,0,,,,0.066898,1.000000,0.807752,0.066898
s20261019-2100:I1:C,s20261019-2100,train,1,ACT,1,U1,0.915268,0.981488,0.650749,0.898324
s20261019-2101:I0:C,s20261019-2101,test,0,,,,0.084820,1.000000,0.743151,0.084820
s20261019-2101:I1:C,s20261019-2101,test,1,ACT,7,U1,0.909886,0.977799,0.697151,0.889685
s20261019-2102:I0:C,s20261019-2102,test,0,,,,0.068526,1.000000,0.556301,0.068526
s20261019-2102:I1:C,s20261019-2102,test,1,REFRAIN,7,U1,0.910737,0.000121,0.485059,0.000110
s20261019-2103:I0:C,s20261019-2103,train,0,,,,0.117874,1.000000,0.794615,0.117874
s20261019-2103:I1:C,s20261019-2103,train,1,ACT,4,U1,0.910232,0.919882,0.455614,0.837306
s20261019-2104:I0:C,s20261019-2104,train,0,,,,0.084692,1.000000,0.853091,0.084692
s20261019-2104:I1:C,s20261019-2104,train,1,ACT,5,U1,0.913946,0.987525,0.706346,0.902545
s20261019-2105:I0:C,s20261019-2105,test,0,,,,0.103613,1.000000,0.498668,0.103613
s20261019-2105:I1:C,s20261019-2105,test,1,REFRAIN,6,U1,0.935291,0.772661,0.665463,0.722663
s20261019-2106:I0:C,s20261019-2106,train,0,,,,0.157532,0.987524,0.458730,0.155567
s20261019-2106:I1:C,s20261019-2106,train,1,REFRAIN,5,U1,0.911745,0.001500,0.304812,0.001367
s20261019-2107:I0:C,s20261019-2107,train,0,,,,0.083629,1.000000,0.424815,0.083629
s20261019-2107:I1:C,s20261019-2107,train,1,ACT,5,U2,0.898446,0.859228,0.444393,0.771970
s20261019-2108:I0:C,s20261019-2108,train,0,,,,0.088058,1.000000,0.653045,0.088058
s20261019-2108:I1:C,s20261019-2108,train,1,ACT,5,U1,0.903916,0.973021,0.492720,0.879529
s20261019-2109:I0:C,s20261019-2109,train,0,,,,0.054462,1.000000,0.434105,0.054462
s20261019-2109:I1:C,s20261019-2109,train,1,ACT,1,U2,0.917821,0.204443,0.388655,0.187643
s20261019-2110:I0:C,s20261019-2110,train,0,,,,0.075202,1.000000,0.560212,0.075202
s20261019-2110:I1:C,s20261019-2110,train,1,ACT,3,U2,0.921319,0.959474,0.571092,0.883982
s20261019-2111:I0:C,s20261019-2111,test,0,,,,0.069315,1.000000,0.584107,0.069315
s20261019-2111:I1:C,s20261019-2111,test,1,REFRAIN,7,U2,0.945659,0.020345,0.632819,0.019239
s20261019-2112:I0:C,s20261019-2112,train,0,,,,0.071314,1.000000,0.659520,0.071314
s20261019-2112:I1:C,s20261019-2112,train,1,REFRAIN,5,U2,0.913500,0.106107,0.655472,0.096929
s20261019-2113:I0:C,s20261019-2113,test,0,,,,0.071583,1.000000,0.194160,0.071583
s20261019-2113:I1:C,s20261019-2113,test,1,REFRAIN,7,U2,0.916251,0.000010,0.240532,0.000009
s20261019-2114:I0:C,s20261019-2114,train,0,,,,0.266713,0.991968,0.579590,0.264571
s20261019-2114:I1:C,s20261019-2114,train,1,REFRAIN,2,U1,0.916482,0.020173,0.474190,0.018488
s20261019-2115:I0:C,s20261019-2115,test,0,,,,0.088943,1.000000,0.401993,0.088943
s20261019-2115:I1:C,s20261019-2115,test,1,REFRAIN,7,U2,0.920303,0.095716,0.462034,0.088088
s20261019-2116:I0:C,s20261019-2116,train,0,,,,0.080182,1.000000,0.839105,0.080182
s20261019-2116:I1:C,s20261019-2116,train,1,ACT,4,U1,0.915284,0.958758,0.505630,0.877536
s20261019-2117:I0:C,s20261019-2117,train,0,,,,0.225542,1.000000,0.201057,0.225542
s20261019-2117:I1:C,s20261019-2117,train,1,REFRAIN,3,U1,0.919623,0.121648,0.166548,0.111870
s20261019-2118:I0:C,s20261019-2118,train,0,,,,0.074970,1.000000,0.719256,0.074970
s20261019-2118:I1:C,s20261019-2118,train,1,ACT,3,U1,0.924809,0.992733,0.591736,0.918088
s20261019-2119:I0:C,s20261019-2119,val,0,,,,0.082893,1.000000,0.446724,0.082893
s20261019-2119:I1:C,s20261019-2119,val,1,ACT,0,U2,0.927915,0.998957,0.864012,0.926947
s20261019-2120:I0:C,s20261019-2120,test,0,,,,0.083013,1.000000,0.161998,0.083013
s20261019-2120:I1:C,s20261019-2120,test,1,REFRAIN,7,U2,0.914388,0.000005,0.207303,0.000004
s20261019-2121:I0:C,s20261019-2121,test,0,,,,0.041798,1.000000,0.186554,0.041798
s20261019-2121:I1:C,s20261019-2121,test,1,REFRAIN,6,U1,0.916488,0.197897,0.330887,0.181370
s20261019-2122:I0:C,s20261019-2122,train,0,,,,0.081909,1.000000,0.728020,0.081909
s20261019-2122:I1:C,s20261019-2122,train,1,ACT,0,U2,0.915004,0.999946,0.954645,0.914955
s20261019-2123:I0:C,s20261019-2123,train,0,,,,0.070487,1.000000,0.151799,0.070487
s20261019-2123:I1:C,s20261019-2123,train,1,REFRAIN,2,U2,0.924676,0.000000,0.224015,0.000000
s20261019-2124:I0:C,s20261019-2124,test,0,,,,0.075980,1.000000,0.489668,0.075980
s20261019-2124:I1:C,s20261019-2124,test,1,ACT,7,U2,0.902847,0.993900,0.550241,0.897340
s20261019-2125:I0:C,s20261019-2125,train,0,,,,0.065805,1.000000,0.394605,0.065805
s20261019-2125:I1:C,s20261019-2125,train,1,ACT,3,U2,0.912234,0.999900,0.423070,0.912143
s20261019-2126:I0:C,s20261019-2126,train,0,,,,0.077182,1.000000,0.199633,0.077182
s20261019-2126:I1:C,s20261019-2126,train,1,ACT,0,U2,0.925387,0.477709,0.690459,0.442066
s20261019-2127:I0:C,s20261019-2127,test,0,,,,0.120415,1.000000,0.786779,0.120415
s20261019-2127:I1:C,s20261019-2127,test,1,ACT,6,U1,0.913099,0.999976,0.874671,0.913078
s20261019-2128:I0:C,s20261019-2128,test,0,,,,0.082800,1.000000,0.699217,0.082800
s20261019-2128:I1:C,s20261019-2128,test,1,ACT,7,U2,0.943741,0.999845,0.736295,0.943594
s20261019-2129:I0:C,s20261019-2129,train,0,,,,0.133667,1.000000,0.297364,0.133667
s20261019-2129:I1:C,s20261019-2129,train,1,ACT,0,U1,0.915094,0.354478,0.631343,0.324380
s20261019-2130:I0:C,s20261019-2130,train,0,,,,0.087989,1.000000,0.765341,0.087989
s20261019-2130:I1:C,s20261019-2130,train,1,REFRAIN,5,U2,0.924513,0.136369,0.753501,0.126074
s20261019-2131:I0:C,s20261019-2131,train,0,,,,0.092809,1.000000,0.432586,0.092809
s20261019-2131:I1:C,s20261019-2131,train,1,ACT,0,U1,0.921982,0.195948,0.749868,0.180660
s20261019-2132:I0:C,s20261019-2132,train,0,,,,0.078112,1.000000,0.363008,0.078112
s20261019-2132:I1:C,s20261019-2132,train,1,ACT,0,U2,0.916026,1.000000,0.830348,0.916026
s20261019-2133:I0:C,s20261019-2133,val,0,,,,0.099500,1.000000,0.513057,0.099500
s20261019-2133:I1:C,s20261019-2133,val,1,REFRAIN,0,U1,0.885567,0.734044,0.794871,0.650045
s20261019-2134:I0:C,s20261019-2134,test,0,,,,0.079215,1.000000,0.477457,0.079215
s20261019-2134:I1:C,s20261019-2134,test,1,ACT,6,U1,0.933527,0.758956,0.633685,0.708506
s20261019-2135:I0:C,s20261019-2135,val,0,,,,0.086825,1.000000,0.408248,0.086825
s20261019-2135:I1:C,s20261019-2135,val,1,ACT,5,U2,0.902119,0.999849,0.429247,0.901983
s20261019-2136:I0:C,s20261019-2136,test,0,,,,0.088324,1.000000,0.680508,0.088324
s20261019-2136:I1:C,s20261019-2136,test,1,REFRAIN,7,U2,0.800439,0.000000,0.728142,0.000000
s20261019-2137:I0:C,s20261019-2137,test,0,,,,0.079349,1.000000,0.592193,0.079349
s20261019-2137:I1:C,s20261019-2137,test,1,ACT,6,U1,0.932568,0.632948,0.724343,0.590267
s20261019-2138:I0:C,s20261019-2138,val,0,,,,0.079648,1.000000,0.520264,0.079648
s20261019-2138:I1:C,s20261019-2138,val,1,REFRAIN,2,U2,0.944168,0.003484,0.578285,0.003289
s20261019-2139:I0:C,s20261019-2139,test,0,,,,0.099877,1.000000,0.545695,0.099877
s20261019-2139:I1:C,s20261019-2139,test,1,REFRAIN,6,U1,0.924886,0.104382,0.694612,0.096541
s20261019-2140:I0:C,s20261019-2140,train,0,,,,0.077961,1.000000,0.574107,0.077961
s20261019-2140:I1:C,s20261019-2140,train,1,ACT,0,U2,0.926503,0.999996,0.916465,0.926500
s20261019-2141:I0:C,s20261019-2141,train,0,,,,0.086960,1.000000,0.579107,0.086960
s20261019-2141:I1:C,s20261019-2141,train,1,ACT,0,U2,0.936600,0.999994,0.912912,0.936595
s20261019-2142:I0:C,s20261019-2142,val,0,,,,0.084360,1.000000,0.466703,0.084360
s20261019-2142:I1:C,s20261019-2142,val,1,ACT,0,U1,0.930441,0.131669,0.766949,0.122510
s20261019-2143:I0:C,s20261019-2143,train,0,,,,0.102952,1.000000,0.744422,0.102952
s20261019-2143:I1:C,s20261019-2143,train,1,REFRAIN,4,U2,0.925425,0.000000,0.381173,0.000000
s20261019-2144:I0:C,s20261019-2144,val,0,,,,0.070222,1.000000,0.211487,0.070222
s20261019-2144:I1:C,s20261019-2144,val,1,REFRAIN,4,U1,0.911318,0.000174,0.071560,0.000159
s20261019-2145:I0:C,s20261019-2145,train,0,,,,0.079307,1.000000,0.562598,0.079307
s20261019-2145:I1:C,s20261019-2145,train,1,ACT,2,U2,0.912566,0.999953,0.621230,0.912524
s20261019-2146:I0:C,s20261019-2146,train,0,,,,0.065434,1.000000,0.438674,0.065434
s20261019-2146:I1:C,s20261019-2146,train,1,ACT,2,U2,0.925777,0.948997,0.513584,0.878560
s20261019-2147:I0:C,s20261019-2147,train,0,,,,0.046983,1.000000,0.529743,0.046983
s20261019-2147:I1:C,s20261019-2147,train,1,REFRAIN,2,U1,0.918974,0.000775,0.436633,0.000712
s20261019-2148:I0:C,s20261019-2148,test,0,,,,0.091947,1.000000,0.150754,0.091947
s20261019-2148:I1:C,s20261019-2148,test,1,REFRAIN,6,U2,0.927131,0.029019,0.447143,0.026905
s20261019-2149:I0:C,s20261019-2149,val,0,,,,0.073145,1.000000,0.439124,0.073145
s20261019-2149:I1:C,s20261019-2149,val,1,REFRAIN,4,U1,0.900191,0.021759,0.164916,0.019587
s20261019-2150:I0:C,s20261019-2150,train,0,,,,0.082153,1.000000,0.559472,0.082153
s20261019-2150:I1:C,s20261019-2150,train,1,ACT,3,U2,0.906303,0.846655,0.570438,0.767326
s20261019-2151:I0:C,s20261019-2151,train,0,,,,0.058252,1.000000,0.568926,0.058252
s20261019-2151:I1:C,s20261019-2151,train,1,ACT,3,U1,0.929892,0.688130,0.455093,0.639887
s20261019-2152:I0:C,s20261019-2152,test,0,,,,0.073407,1.000000,0.759875,0.073407
s20261019-2152:I1:C,s20261019-2152,test,1,REFRAIN,7,U2,0.849174,0.000000,0.796164,0.000000
s20261019-2153:I0:C,s20261019-2153,train,0,,,,0.077440,1.000000,0.420805,0.077440
s20261019-2153:I1:C,s20261019-2153,train,1,ACT,2,U2,0.918258,0.970624,0.496694,0.891283
s20261019-2154:I0:C,s20261019-2154,train,0,,,,0.061908,1.000000,0.649049,0.061908
s20261019-2154:I1:C,s20261019-2154,train,1,REFRAIN,4,U2,0.859717,0.011344,0.297060,0.009753
s20261019-2155:I0:C,s20261019-2155,test,0,,,,0.082025,1.000000,0.782120,0.082025
s20261019-2155:I1:C,s20261019-2155,test,1,REFRAIN,7,U2,0.837345,0.000000,0.821749,0.000000
s20261019-2156:I0:C,s20261019-2156,train,0,,,,0.105865,1.000000,0.581112,0.105865
s20261019-2156:I1:C,s20261019-2156,train,1,ACT,1,U2,0.891495,0.999532,0.509937,0.891078
s20261019-2157:I0:C,s20261019-2157,train,0,,,,0.084861,1.000000,0.246614,0.084861
s20261019-2157:I1:C,s20261019-2157,train,1,REFRAIN,2,U2,0.917902,0.000000,0.336559,0.000000
s20261019-2158:I0:C,s20261019-2158,val,0,,,,0.071836,1.000000,0.575497,0.071836
s20261019-2158:I1:C,s20261019-2158,val,1,REFRAIN,0,U1,0.897333,0.933137,0.818681,0.837335
s20261019-2159:I0:C,s20261019-2159,train,0,,,,0.072561,1.000000,0.592174,0.072561
s20261019-2159:I1:C,s20261019-2159,train,1,ACT,0,U1,0.936018,0.461839,0.834540,0.432289
s20261019-2160:I0:C,s20261019-2160,train,0,,,,0.093034,1.000000,0.718966,0.093034
s20261019-2160:I1:C,s20261019-2160,train,1,ACT,5,U2,0.923136,0.143195,0.709464,0.132189
s20261019-2161:I0:C,s20261019-2161,test,0,,,,0.105168,1.000000,0.431387,0.105168
s20261019-2161:I1:C,s20261019-2161,test,1,REFRAIN,7,U1,0.909296,0.004169,0.389600,0.003791
s20261019-2162:I0:C,s20261019-2162,train,0,,,,0.077637,1.000000,0.515524,0.077637
s20261019-2162:I1:C,s20261019-2162,train,1,REFRAIN,5,U1,0.906882,0.013267,0.348961,0.012032
s20261019-2163:I0:C,s20261019-2163,train,0,,,,0.058037,0.999999,0.680028,0.058037
s20261019-2163:I1:C,s20261019-2163,train,1,REFRAIN,4,U2,0.928888,0.000003,0.318439,0.000003
s20261019-2164:I0:C,s20261019-2164,test,0,,,,0.117255,1.000000,0.726213,0.117255
s20261019-2164:I1:C,s20261019-2164,test,1,ACT,7,U1,0.928088,0.995763,0.669486,0.924156
s20261019-2165:I0:C,s20261019-2165,train,0,,,,0.083394,1.000000,0.155251,0.083394
s20261019-2165:I1:C,s20261019-2165,train,1,REFRAIN,3,U1,0.919514,0.000944,0.130730,0.000868
s20261019-2166:I0:C,s20261019-2166,train,0,,,,0.098794,1.000000,0.429357,0.098794
s20261019-2166:I1:C,s20261019-2166,train,1,REFRAIN,3,U1,0.908032,0.197944,0.333511,0.179740
s20261019-2167:I0:C,s20261019-2167,train,0,,,,0.085761,1.000000,0.123999,0.085761
s20261019-2167:I1:C,s20261019-2167,train,1,REFRAIN,5,U2,0.916700,0.000000,0.158290,0.000000
s20261019-2168:I0:C,s20261019-2168,train,0,,,,0.083034,1.000000,0.171978,0.083034
s20261019-2168:I1:C,s20261019-2168,train,1,REFRAIN,1,U2,0.904292,0.000001,0.158195,0.000001
s20261019-2169:I0:C,s20261019-2169,train,0,,,,0.097292,1.000000,0.731820,0.097292
s20261019-2169:I1:C,s20261019-2169,train,1,REFRAIN,1,U2,0.865045,0.000000,0.646244,0.000000
s20261019-2170:I0:C,s20261019-2170,train,0,,,,0.083511,1.000000,0.248664,0.083511
s20261019-2170:I1:C,s20261019-2170,train,1,REFRAIN,1,U2,0.914495,0.000000,0.222549,0.000000
s20261019-2171:I0:C,s20261019-2171,train,0,,,,0.081440,0.953851,0.808737,0.077682
s20261019-2171:I1:C,s20261019-2171,train,1,ACT,2,U1,0.912765,0.995854,0.710836,0.908981
s20261019-2172:I0:C,s20261019-2172,train,0,,,,0.063127,1.000000,0.543670,0.063127
s20261019-2172:I1:C,s20261019-2172,train,1,REFRAIN,5,U1,0.906570,0.007743,0.367527,0.007019
s20261019-2173:I0:C,s20261019-2173,train,0,,,,0.085326,1.000000,0.406932,0.085326
s20261019-2173:I1:C,s20261019-2173,train,1,REFRAIN,0,U1,0.936170,0.860560,0.724639,0.805631
s20261019-2174:I0:C,s20261019-2174,train,0,,,,0.071894,1.000000,0.450029,0.071894
s20261019-2174:I1:C,s20261019-2174,train,1,REFRAIN,5,U1,0.929321,0.002005,0.293193,0.001863
s20261019-2175:I0:C,s20261019-2175,train,0,,,,0.066728,1.000000,0.189349,0.066728
s20261019-2175:I1:C,s20261019-2175,train,1,REFRAIN,3,U1,0.904495,0.025384,0.156028,0.022959
s20261019-2176:I0:C,s20261019-2176,val,0,,,,0.082454,1.000000,0.157407,0.082454
s20261019-2176:I1:C,s20261019-2176,val,1,REFRAIN,3,U1,0.911121,0.001639,0.138061,0.001493
s20261019-2177:I0:C,s20261019-2177,train,0,,,,0.071919,1.000000,0.224464,0.071919
s20261019-2177:I1:C,s20261019-2177,train,1,REFRAIN,1,U1,0.902621,0.000005,0.153447,0.000005
s20261019-2178:I0:C,s20261019-2178,train,0,,,,0.254268,0.000615,0.502477,0.000156
s20261019-2178:I1:C,s20261019-2178,train,1,REFRAIN,1,U1,0.908223,0.010247,0.352421,0.009307
s20261019-2179:I0:C,s20261019-2179,train,0,,,,0.080101,1.000000,0.742262,0.080101
s20261019-2179:I1:C,s20261019-2179,train,1,REFRAIN,3,U2,0.927132,0.000003,0.727539,0.000003
s20261019-2180:I0:C,s20261019-2180,train,0,,,,0.075573,1.000000,0.751720,0.075573
s20261019-2180:I1:C,s20261019-2180,train,1,REFRAIN,3,U2,0.915661,0.001092,0.747586,0.001000
s20261019-2181:I0:C,s20261019-2181,train,0,,,,0.072650,1.000000,0.197822,0.072650
s20261019-2181:I1:C,s20261019-2181,train,1,REFRAIN,2,U2,0.903792,0.000199,0.271580,0.000179
s20261019-2182:I0:C,s20261019-2182,test,0,,,,0.065749,1.000000,0.396182,0.065749
s20261019-2182:I1:C,s20261019-2182,test,1,ACT,6,U2,0.916254,1.000000,0.730429,0.916254
s20261019-2183:I0:C,s20261019-2183,test,0,,,,0.081734,1.000000,0.470496,0.081734
s20261019-2183:I1:C,s20261019-2183,test,1,ACT,7,U2,0.922127,0.410198,0.534703,0.378254
s20261019-2184:I0:C,s20261019-2184,train,0,,,,0.071111,1.000000,0.157152,0.071111
s20261019-2184:I1:C,s20261019-2184,train,1,REFRAIN,2,U1,0.921738,0.037355,0.147301,0.034431
s20261019-2185:I0:C,s20261019-2185,test,0,,,,0.075956,1.000000,0.409818,0.075956
s20261019-2185:I1:C,s20261019-2185,test,1,REFRAIN,7,U2,0.922530,0.000058,0.466233,0.000053
s20261019-2186:I0:C,s20261019-2186,val,0,,,,0.103352,1.000000,0.547242,0.103352
s20261019-2186:I1:C,s20261019-2186,val,1,REFRAIN,3,U1,0.929295,0.007595,0.428223,0.007058
s20261019-2187:I0:C,s20261019-2187,train,0,,,,0.098760,1.000000,0.189747,0.098760
s20261019-2187:I1:C,s20261019-2187,train,1,REFRAIN,2,U1,0.922350,0.014696,0.175259,0.013555
s20261019-2188:I0:C,s20261019-2188,train,0,,,,0.081138,1.000000,0.785269,0.081138
s20261019-2188:I1:C,s20261019-2188,train,1,REFRAIN,4,U2,0.945373,0.000000,0.424435,0.000000
s20261019-2189:I0:C,s20261019-2189,train,0,,,,0.075843,1.000000,0.426793,0.075843
s20261019-2189:I1:C,s20261019-2189,train,1,REFRAIN,1,U1,0.931601,0.000134,0.288666,0.000125
s20261019-2190:I0:C,s20261019-2190,val,0,,,,0.085637,1.000000,0.389405,0.085637
s20261019-2190:I1:C,s20261019-2190,val,1,ACT,0,U2,0.910421,0.999999,0.847050,0.910421
s20261019-2191:I0:C,s20261019-2191,train,0,,,,0.078289,1.000000,0.792601,0.078289
s20261019-2191:I1:C,s20261019-2191,train,1,ACT,2,U2,0.901504,0.938778,0.811720,0.846312
s20261019-2192:I0:C,s20261019-2192,train,0,,,,0.094778,1.000000,0.401406,0.094778
s20261019-2192:I1:C,s20261019-2192,train,1,ACT,0,U2,0.919877,0.999999,0.855495,0.919876
s20261019-2193:I0:C,s20261019-2193,train,0,,,,0.078914,1.000000,0.780215,0.078914
s20261019-2193:I1:C,s20261019-2193,train,1,ACT,1,U1,0.909204,0.961211,0.619953,0.873937
s20261019-2194:I0:C,s20261019-2194,train,0,,,,0.059121,1.000000,0.564081,0.059121
s20261019-2194:I1:C,s20261019-2194,train,1,REFRAIN,5,U1,0.922681,0.016977,0.374958,0.015664
s20261019-2195:I0:C,s20261019-2195,test,0,,,,0.095390,1.000000,0.494631,0.095390
s20261019-2195:I1:C,s20261019-2195,test,1,REFRAIN,7,U1,0.915737,0.000244,0.443445,0.000223
s20261019-2196:I0:C,s20261019-2196,val,0,,,,0.069880,1.000000,0.154209,0.069880
s20261019-2196:I1:C,s20261019-2196,val,1,REFRAIN,4,U1,0.917795,0.000097,0.052540,0.000089
s20261019-2197:I0:C,s20261019-2197,train,0,,,,0.080409,1.000000,0.801377,0.080409
s20261019-2197:I1:C,s20261019-2197,train,1,ACT,2,U2,0.918875,0.952680,0.818745,0.875394
s20261019-2198:I0:C,s20261019-2198,test,0,,,,0.077846,1.000000,0.525014,0.077846
s20261019-2198:I1:C,s20261019-2198,test,1,ACT,6,U2,0.922089,0.999948,0.802938,0.922041
s20261019-2199:I0:C,s20261019-2199,train,0,,,,0.087543,1.000000,0.195723,0.087543
s20261019-2199:I1:C,s20261019-2199,train,1,REFRAIN,4,U1,0.912299,0.052616,0.067619,0.048001
s20261019-2200:I0:C,s20261019-2200,val,0,,,,0.081128,1.000000,0.739506,0.081128
s20261019-2200:I1:C,s20261019-2200,val,1,REFRAIN,1,U2,0.868123,0.000000,0.656467,0.000000
s20261019-2201:I0:C,s20261019-2201,train,0,,,,0.105073,1.000000,0.509798,0.105073
s20261019-2201:I1:C,s20261019-2201,train,1,REFRAIN,2,U1,0.910578,0.051120,0.406921,0.046549
s20261019-2202:I0:C,s20261019-2202,train,0,,,,0.141986,0.451508,0.409217,0.064108
s20261019-2202:I1:C,s20261019-2202,train,1,REFRAIN,0,U1,0.923312,0.770675,0.732219,0.711574
s20261019-2203:I0:C,s20261019-2203,train,0,,,,0.074049,1.000000,0.420077,0.074049
s20261019-2203:I1:C,s20261019-2203,train,1,REFRAIN,4,U1,0.923019,0.001871,0.148899,0.001727
s20261019-2204:I0:C,s20261019-2204,train,0,,,,0.088473,1.000000,0.460314,0.088473
s20261019-2204:I1:C,s20261019-2204,train,1,REFRAIN,1,U1,0.918099,0.000512,0.312234,0.000470
s20261019-2205:I0:C,s20261019-2205,train,0,,,,0.076268,1.000000,0.169184,0.076268
s20261019-2205:I1:C,s20261019-2205,train,1,ACT,0,U2,0.912838,0.747536,0.648442,0.682379
s20261019-2206:I0:C,s20261019-2206,train,0,,,,0.092961,1.000000,0.442401,0.092961
s20261019-2206:I1:C,s20261019-2206,train,1,ACT,0,U2,0.927744,0.995931,0.864130,0.923969
s20261019-2207:I0:C,s20261019-2207,test,0,,,,0.078486,1.000000,0.420702,0.078486
s20261019-2207:I1:C,s20261019-2207,test,1,ACT,6,U2,0.922931,1.000000,0.737605,0.922930
s20261019-2208:I0:C,s20261019-2208,train,0,,,,0.071436,1.000000,0.795843,0.071436
s20261019-2208:I1:C,s20261019-2208,train,1,ACT,2,U1,0.906557,0.999822,0.701690,0.906395
s20261019-2209:I0:C,s20261019-2209,test,0,,,,0.084716,1.000000,0.137100,0.084716
s20261019-2209:I1:C,s20261019-2209,test,1,REFRAIN,7,U2,0.913569,0.000000,0.176110,0.000000
s20261019-2210:I0:C,s20261019-2210,test,0,,,,0.084116,1.000000,0.537403,0.084116
s20261019-2210:I1:C,s20261019-2210,test,1,ACT,6,U1,0.932024,0.699694,0.682537,0.652131
s20261019-2211:I0:C,s20261019-2211,train,0,,,,0.074112,1.000000,0.231822,0.074112
s20261019-2211:I1:C,s20261019-2211,train,1,REFRAIN,5,U2,0.923520,0.000000,0.261897,0.000000
s20261019-2212:I0:C,s20261019-2212,test,0,,,,0.075855,1.000000,0.544672,0.075855
s20261019-2212:I1:C,s20261019-2212,test,1,ACT,6,U1,0.936556,0.693937,0.681348,0.649911
s20261019-2213:I0:C,s20261019-2213,train,0,,,,0.081504,1.000000,0.644994,0.081504
s20261019-2213:I1:C,s20261019-2213,train,1,REFRAIN,5,U2,0.928739,0.355573,0.643908,0.330235
s20261019-2214:I0:C,s20261019-2214,train,0,,,,0.100530,1.000000,0.533462,0.100530
s20261019-2214:I1:C,s20261019-2214,train,1,REFRAIN,3,U1,0.916031,0.077119,0.420645,0.070644
s20261019-2215:I0:C,s20261019-2215,train,0,,,,0.077348,1.000000,0.403240,0.077348
s20261019-2215:I1:C,s20261019-2215,train,1,REFRAIN,4,U2,0.917489,0.000000,0.140810,0.000000
s20261019-2216:I0:C,s20261019-2216,test,0,,,,0.074904,1.000000,0.754135,0.074904
s20261019-2216:I1:C,s20261019-2216,test,1,ACT,7,U1,0.932459,0.962636,0.688977,0.897619
s20261019-2217:I0:C,s20261019-2217,train,0,,,,0.085758,1.000000,0.582351,0.085758
s20261019-2217:I1:C,s20261019-2217,train,1,ACT,1,U2,0.930769,0.995476,0.526774,0.926559
s20261019-2218:I0:C,s20261019-2218,test,0,,,,0.107790,1.000000,0.693188,0.107790
s20261019-2218:I1:C,s20261019-2218,test,1,ACT,7,U1,0.927105,0.974956,0.633700,0.903886
s20261019-2219:I0:C,s20261019-2219,train,0,,,,0.089119,1.000000,0.758607,0.089119
s20261019-2219:I1:C,s20261019-2219,train,1,REFRAIN,4,U2,0.874873,0.000000,0.386220,0.000000
s20261019-2220:I0:C,s20261019-2220,train,0,,,,0.080017,1.000000,0.521135,0.080017
s20261019-2220:I1:C,s20261019-2220,train,1,REFRAIN,5,U1,0.913021,0.001906,0.351074,0.001740
s20261019-2221:I0:C,s20261019-2221,train,0,,,,0.104960,0.999999,0.344373,0.104960
s20261019-2221:I1:C,s20261019-2221,train,1,REFRAIN,5,U1,0.906156,0.015527,0.211743,0.014070
s20261019-2222:I0:C,s20261019-2222,val,0,,,,0.080559,1.000000,0.524322,0.080559
s20261019-2222:I1:C,s20261019-2222,val,1,ACT,1,U2,0.799044,0.567821,0.471475,0.453714
s20261019-2223:I0:C,s20261019-2223,train,0,,,,0.083447,1.000000,0.717590,0.083447
s20261019-2223:I1:C,s20261019-2223,train,1,REFRAIN,4,U2,0.909870,0.000000,0.359532,0.000000
s20261019-2224:I0:C,s20261019-2224,test,0,,,,0.087134,1.000000,0.141762,0.087134
s20261019-2224:I1:C,s20261019-2224,test,1,REFRAIN,7,U2,0.909897,0.000016,0.184838,0.000014
s20261019-2225:I0:C,s20261019-2225,train,0,,,,0.191130,0.000008,0.821050,0.000001
s20261019-2225:I1:C,s20261019-2225,train,1,ACT,0,U1,0.922281,0.999947,0.939669,0.922233
s20261019-2226:I0:C,s20261019-2226,train,0,,,,0.053252,1.000000,0.155573,0.053252
s20261019-2226:I1:C,s20261019-2226,train,1,REFRAIN,5,U1,0.920917,0.000001,0.098397,0.000001
s20261019-2227:I0:C,s20261019-2227,test,0,,,,0.070570,1.000000,0.475435,0.070570
s20261019-2227:I1:C,s20261019-2227,test,1,REFRAIN,7,U2,0.910554,0.854743,0.530504,0.778289
s20261019-2228:I0:C,s20261019-2228,train,0,,,,0.080761,1.000000,0.731930,0.080761
s20261019-2228:I1:C,s20261019-2228,train,1,REFRAIN,1,U2,0.896424,0.000000,0.646355,0.000000
s20261019-2229:I0:C,s20261019-2229,train,0,,,,0.099860,1.000000,0.758638,0.099860
s20261019-2229:I1:C,s20261019-2229,train,1,ACT,2,U1,0.907179,0.999199,0.657812,0.906452
s20261019-2230:I0:C,s20261019-2230,val,0,,,,0.082155,1.000000,0.785659,0.082155
s20261019-2230:I1:C,s20261019-2230,val,1,ACT,3,U1,0.934853,0.969992,0.658085,0.906800
s20261019-2231:I0:C,s20261019-2231,test,0,,,,0.077203,1.000000,0.141828,0.077203
s20261019-2231:I1:C,s20261019-2231,test,1,ACT,6,U2,0.921067,0.169739,0.429520,0.156341
s20261019-2232:I0:C,s20261019-2232,train,0,,,,0.076817,1.000000,0.506673,0.076817
s20261019-2232:I1:C,s20261019-2232,train,1,REFRAIN,3,U1,0.902678,0.000828,0.401340,0.000748
s20261019-2233:I0:C,s20261019-2233,val,0,,,,0.091526,1.000000,0.722969,0.091526
s20261019-2233:I1:C,s20261019-2233,val,1,ACT,5,U1,0.912788,0.988754,0.522583,0.902523
s20261019-2234:I0:C,s20261019-2234,train,0,,,,0.102454,1.000000,0.239045,0.102454
s20261019-2234:I1:C,s20261019-2234,train,1,REFRAIN,5,U2,0.923392,0.000000,0.278067,0.000000
s20261019-2235:I0:C,s20261019-2235,test,0,,,,0.101533,1.000000,0.551695,0.101533
s20261019-2235:I1:C,s20261019-2235,test,1,ACT,6,U2,0.924506,0.999952,0.817968,0.924462
s20261019-2236:I0:C,s20261019-2236,val,0,,,,0.091001,1.000000,0.404568,0.091001
s20261019-2236:I1:C,s20261019-2236,val,1,REFRAIN,4,U2,0.831211,0.000000,0.154106,0.000000
s20261019-2237:I0:C,s20261019-2237,val,0,,,,0.100256,1.000000,0.552397,0.100256
s20261019-2237:I1:C,s20261019-2237,val,1,REFRAIN,4,U1,0.919903,0.001610,0.214752,0.001481
s20261019-2238:I0:C,s20261019-2238,test,0,,,,0.050246,1.000000,0.713402,0.050246
s20261019-2238:I1:C,s20261019-2238,test,1,ACT,6,U2,0.926360,0.999988,0.902667,0.926349
s20261019-2239:I0:C,s20261019-2239,val,0,,,,0.066840,1.000000,0.478406,0.066840
s20261019-2239:I1:C,s20261019-2239,val,1,REFRAIN,4,U1,0.915898,0.000100,0.178047,0.000092
s20261019-2240:I0:C,s20261019-2240,train,0,,,,0.070514,1.000000,0.403758,0.070514
s20261019-2240:I1:C,s20261019-2240,train,1,REFRAIN,0,U1,0.923876,0.371856,0.721485,0.343549
s20261019-2241:I0:C,s20261019-2241,train,0,,,,0.074695,1.000000,0.204846,0.074695
s20261019-2241:I1:C,s20261019-2241,train,1,REFRAIN,2,U1,0.921553,0.090680,0.179374,0.083567
s20261019-2242:I0:C,s20261019-2242,train,0,,,,0.091403,1.000000,0.391299,0.091403
s20261019-2242:I1:C,s20261019-2242,train,1,REFRAIN,1,U1,0.929273,0.000111,0.257644,0.000103
s20261019-2243:I0:C,s20261019-2243,train,0,,,,0.096484,1.000000,0.510682,0.096484
s20261019-2243:I1:C,s20261019-2243,train,1,REFRAIN,3,U1,0.918099,0.022819,0.394195,0.020950
s20261019-2244:I0:C,s20261019-2244,train,0,,,,0.084376,1.000000,0.761055,0.084376
s20261019-2244:I1:C,s20261019-2244,train,1,ACT,0,U1,0.926352,0.999416,0.912653,0.925812
s20261019-2245:I0:C,s20261019-2245,train,0,,,,0.586009,0.028184,0.404610,0.016516
s20261019-2245:I1:C,s20261019-2245,train,1,REFRAIN,1,U1,0.915335,0.000065,0.268684,0.000059
s20261019-2246:I0:C,s20261019-2246,train,0,,,,0.115260,1.000000,0.381723,0.115260
s20261019-2246:I1:C,s20261019-2246,train,1,REFRAIN,5,U1,0.926084,0.001386,0.248568,0.001284
s20261019-2247:I0:C,s20261019-2247,val,0,,,,0.108248,1.000000,0.787941,0.108248
s20261019-2247:I1:C,s20261019-2247,val,1,ACT,4,U1,0.921215,0.970161,0.423056,0.893727
s20261019-2248:I0:C,s20261019-2248,test,0,,,,0.136340,0.946567,0.503579,0.129055
s20261019-2248:I1:C,s20261019-2248,test,1,REFRAIN,6,U1,0.934178,0.353099,0.669924,0.329858
s20261019-2249:I0:C,s20261019-2249,train,0,,,,0.106115,1.000000,0.747550,0.106115
s20261019-2249:I1:C,s20261019-2249,train,1,ACT,0,U2,0.924041,0.999746,0.958028,0.923806
s20261019-2250:I0:C,s20261019-2250,test,0,,,,0.079089,1.000000,0.689354,0.079089
s20261019-2250:I1:C,s20261019-2250,test,1,ACT,6,U1,0.907511,0.999999,0.796937,0.907510
s20261019-2251:I0:C,s20261019-2251,train,0,,,,0.087419,1.000000,0.567700,0.087419
s20261019-2251:I1:C,s20261019-2251,train,1,ACT,1,U2,0.926849,0.998031,0.492936,0.925024
s20261019-2252:I0:C,s20261019-2252,test,0,,,,0.092816,1.000000,0.573573,0.092816
s20261019-2252:I1:C,s20261019-2252,test,1,ACT,6,U1,0.928693,0.774243,0.706212,0.719034
s20261019-2253:I0:C,s20261019-2253,train,0,,,,0.087574,1.000000,0.412544,0.087574
s20261019-2253:I1:C,s20261019-2253,train,1,REFRAIN,4,U2,0.915983,0.000000,0.152238,0.000000
s20261019-2254:I0:C,s20261019-2254,train,0,,,,0.104369,1.000000,0.213949,0.104369
s20261019-2254:I1:C,s20261019-2254,train,1,REFRAIN,2,U1,0.917408,0.332849,0.187396,0.305358
s20261019-2255:I0:C,s20261019-2255,train,0,,,,0.105734,1.000000,0.414191,0.105734
s20261019-2255:I1:C,s20261019-2255,train,1,REFRAIN,3,U1,0.917420,0.012194,0.326684,0.011187
s20261019-2256:I0:C,s20261019-2256,val,0,,,,0.093023,1.000000,0.734988,0.093023
s20261019-2256:I1:C,s20261019-2256,val,1,REFRAIN,1,U2,0.897336,0.000000,0.687513,0.000000
s20261019-2257:I0:C,s20261019-2257,train,0,,,,0.071307,1.000000,0.668375,0.071307
s20261019-2257:I1:C,s20261019-2257,train,1,ACT,1,U2,0.940411,0.902028,0.587357,0.848277
s20261019-2258:I0:C,s20261019-2258,val,0,,,,0.142758,0.985124,0.544212,0.140635
s20261019-2258:I1:C,s20261019-2258,val,1,REFRAIN,1,U1,0.951776,0.000001,0.393847,0.000001
s20261019-2259:I0:C,s20261019-2259,test,0,,,,0.083707,1.000000,0.569377,0.083707
s20261019-2259:I1:C,s20261019-2259,test,1,REFRAIN,7,U2,0.931774,0.060487,0.619122,0.056360
s20261019-2260:I0:C,s20261019-2260,train,0,,,,0.080079,1.000000,0.581248,0.080079
s20261019-2260:I1:C,s20261019-2260,train,1,ACT,1,U2,0.917370,0.999999,0.507781,0.917369
s20261019-2261:I0:C,s20261019-2261,val,0,,,,0.072015,1.000000,0.842102,0.072015
s20261019-2261:I1:C,s20261019-2261,val,1,ACT,2,U1,0.913172,0.997436,0.752628,0.910830
s20261019-2262:I0:C,s20261019-2262,train,0,,,,0.074203,1.000000,0.469731,0.074203
s20261019-2262:I1:C,s20261019-2262,train,1,ACT,3,U2,0.913238,0.996483,0.498922,0.910026
s20261019-2263:I0:C,s20261019-2263,train,0,,,,0.157553,0.999996,0.495006,0.157552
s20261019-2263:I1:C,s20261019-2263,train,1,REFRAIN,2,U1,0.911873,0.369500,0.393572,0.336938
s20261019-2264:I0:C,s20261019-2264,train,0,,,,0.077214,1.000000,0.376944,0.077214
s20261019-2264:I1:C,s20261019-2264,train,1,REFRAIN,2,U2,0.932846,0.354118,0.457365,0.330337
s20261019-2265:I0:C,s20261019-2265,val,0,,,,0.075733,1.000000,0.346271,0.075733
s20261019-2265:I1:C,s20261019-2265,val,1,ACT,0,U1,0.926916,0.935831,0.699283,0.867436
s20261019-2266:I0:C,s20261019-2266,val,0,,,,0.091080,1.000000,0.470205,0.091080
s20261019-2266:I1:C,s20261019-2266,val,1,ACT,2,U2,0.928276,0.929086,0.542244,0.862448
s20261019-2267:I0:C,s20261019-2267,train,0,,,,0.093098,1.000000,0.538781,0.093098
s20261019-2267:I1:C,s20261019-2267,train,1,ACT,3,U2,0.912687,0.972018,0.552420,0.887148
s20261019-2268:I0:C,s20261019-2268,test,0,,,,0.083779,1.000000,0.667703,0.083779
s20261019-2268:I1:C,s20261019-2268,test,1,REFRAIN,7,U2,0.915440,0.000000,0.722323,0.000000
s20261019-2269:I0:C,s20261019-2269,test,0,,,,0.055973,1.000000,0.438263,0.055973
s20261019-2269:I1:C,s20261019-2269,test,1,ACT,6,U1,0.889319,0.793127,0.604049,0.705343
s20261019-2270:I0:C,s20261019-2270,test,0,,,,0.085349,1.000000,0.506892,0.085349
s20261019-2270:I1:C,s20261019-2270,test,1,ACT,7,U2,0.938648,0.128858,0.561419,0.120953
s20261019-2271:I0:C,s20261019-2271,val,0,,,,0.115853,1.000000,0.785126,0.115853
s20261019-2271:I1:C,s20261019-2271,val,1,ACT,5,U1,0.917137,0.998895,0.607281,0.916123
s20261019-2272:I0:C,s20261019-2272,train,0,,,,0.090625,1.000000,0.460873,0.090625
s20261019-2272:I1:C,s20261019-2272,train,1,REFRAIN,4,U2,0.906985,0.000023,0.178419,0.000021
s20261019-2273:I0:C,s20261019-2273,val,0,,,,0.096819,1.000000,0.760974,0.096819
s20261019-2273:I1:C,s20261019-2273,val,1,ACT,2,U2,0.918455,0.922961,0.778876,0.847698
s20261019-2274:I0:C,s20261019-2274,train,0,,,,0.099863,1.000000,0.788273,0.099863
s20261019-2274:I1:C,s20261019-2274,train,1,REFRAIN,3,U2,0.919786,0.000232,0.767786,0.000213
s20261019-2275:I0:C,s20261019-2275,val,0,,,,0.070447,1.000000,0.200659,0.070447
s20261019-2275:I1:C,s20261019-2275,val,1,REFRAIN,5,U1,0.923775,0.000017,0.133993,0.000016
s20261019-2276:I0:C,s20261019-2276,train,0,,,,0.083334,1.000000,0.436971,0.083334
s20261019-2276:I1:C,s20261019-2276,train,1,REFRAIN,5,U1,0.915945,0.000043,0.290478,0.000039
s20261019-2277:I0:C,s20261019-2277,test,0,,,,0.071024,1.000000,0.535170,0.071024
s20261019-2277:I1:C,s20261019-2277,test,1,ACT,6,U1,0.941002,0.343776,0.685334,0.323494
s20261019-2278:I0:C,s20261019-2278,test,0,,,,0.117014,1.000000,0.192600,0.117014
s20261019-2278:I1:C,s20261019-2278,test,1,REFRAIN,7,U2,0.921270,0.000000,0.243295,0.000000
s20261019-2279:I0:C,s20261019-2279,test,0,,,,0.087661,1.000000,0.339355,0.087661
s20261019-2279:I1:C,s20261019-2279,test,1,REFRAIN,7,U2,0.932705,0.000000,0.398449,0.000000
s20261019-2280:I0:C,s20261019-2280,test,0,,,,0.091860,1.000000,0.517625,0.091860
s20261019-2280:I1:C,s20261019-2280,test,1,ACT,7,U2,0.897220,0.334771,0.579655,0.300363
s20261019-2281:I0:C,s20261019-2281,train,0,,,,0.070688,1.000000,0.225015,0.070688
s20261019-2281:I1:C,s20261019-2281,train,1,REFRAIN,1,U2,0.880747,0.000037,0.201879,0.000032
s20261019-2282:I0:C,s20261019-2282,train,0,,,,0.091238,1.000000,0.588931,0.091238
s20261019-2282:I1:C,s20261019-2282,train,1,ACT,0,U1,0.930444,0.774529,0.826116,0.720656
s20261019-2283:I0:C,s20261019-2283,train,0,,,,0.074965,1.000000,0.710951,0.074965
s20261019-2283:I1:C,s20261019-2283,train,1,REFRAIN,5,U2,0.918302,0.224788,0.703660,0.206423
s20261019-2284:I0:C,s20261019-2284,val,0,,,,0.077691,1.000000,0.358042,0.077691
s20261019-2284:I1:C,s20261019-2284,val,1,ACT,0,U1,0.925013,0.961660,0.696786,0.889548
s20261019-2285:I0:C,s20261019-2285,val,0,,,,0.107617,0.999967,0.470828,0.107613
s20261019-2285:I1:C,s20261019-2285,val,1,REFRAIN,4,U1,0.914461,0.003972,0.172349,0.003632
s20261019-2286:I0:C,s20261019-2286,train,0,,,,0.071817,1.000000,0.404513,0.071817
s20261019-2286:I1:C,s20261019-2286,train,1,ACT,0,U1,0.922912,0.989959,0.727522,0.913645
s20261019-2287:I0:C,s20261019-2287,train,0,,,,0.093126,1.000000,0.719205,0.093126
s20261019-2287:I1:C,s20261019-2287,train,1,REFRAIN,4,U2,0.877899,0.000000,0.342925,0.000000
s20261019-2288:I0:C,s20261019-2288,train,0,,,,0.075979,1.000000,0.712954,0.075979
s20261019-2288:I1:C,s20261019-2288,train,1,REFRAIN,3,U2,0.924956,0.000000,0.708237,0.000000
s20261019-2289:I0:C,s20261019-2289,train,0,,,,0.075033,1.000000,0.456673,0.075033
s20261019-2289:I1:C,s20261019-2289,train,1,REFRAIN,1,U2,0.915039,0.859476,0.409907,0.786454
s20261019-2290:I0:C,s20261019-2290,val,0,,,,0.081178,1.000000,0.379511,0.081178
s20261019-2290:I1:C,s20261019-2290,val,1,REFRAIN,5,U1,0.915135,0.000172,0.245307,0.000158
s20261019-2291:I0:C,s20261019-2291,train,0,,,,0.064813,1.000000,0.534001,0.064813
s20261019-2291:I1:C,s20261019-2291,train,1,REFRAIN,5,U1,0.911276,0.000426,0.345293,0.000389
s20261019-2292:I0:C,s20261019-2292,train,0,,,,0.079283,1.000000,0.762035,0.079283
s20261019-2292:I1:C,s20261019-2292,train,1,REFRAIN,4,U2,0.882311,0.000000,0.395918,0.000000
s20261019-2293:I0:C,s20261019-2293,val,0,,,,0.073059,1.000000,0.387338,0.073059
s20261019-2293:I1:C,s20261019-2293,val,1,ACT,2,U2,0.915619,0.677828,0.468569,0.620633
s20261019-2294:I0:C,s20261019-2294,train,0,,,,0.099140,1.000000,0.505674,0.099140
s20261019-2294:I1:C,s20261019-2294,train,1,ACT,3,U2,0.914386,1.000000,0.523271,0.914386
s20261019-2295:I0:C,s20261019-2295,train,0,,,,0.134059,1.000000,0.151903,0.134059
s20261019-2295:I1:C,s20261019-2295,train,1,REFRAIN,5,U1,0.919591,0.000192,0.098555,0.000176
s20261019-2296:I0:C,s20261019-2296,train,0,,,,0.142333,1.000000,0.250382,0.142333
s20261019-2296:I1:C,s20261019-2296,train,1,REFRAIN,3,U1,0.903925,0.012121,0.203545,0.010956
s20261019-2297:I0:C,s20261019-2297,test,0,,,,0.097744,1.000000,0.173342,0.097744
s20261019-2297:I1:C,s20261019-2297,test,1,REFRAIN,7,U2,0.894214,0.000000,0.221097,0.000000
s20261019-2298:I0:C,s20261019-2298,test,0,,,,0.062029,1.000000,0.787774,0.062029
s20261019-2298:I1:C,s20261019-2298,test,1,ACT,6,U2,0.921218,0.999981,0.930386,0.921200
s20261019-2299:I0:C,s20261019-2299,train,0,,,,0.080593,1.000000,0.201776,0.080593
s20261019-2299:I1:C,s20261019-2299,train,1,REFRAIN,5,U2,0.921020,0.000000,0.232899,0.000000
s20261019-2300:I0:C,s20261019-2300,test,0,,,,0.086543,1.000000,0.215315,0.086543
s20261019-2300:I1:C,s20261019-2300,test,1,REFRAIN,7,U2,0.912546,0.000000,0.272769,0.000000
s20261019-2301:I0:C,s20261019-2301,train,0,,,,0.104523,1.000000,0.690572,0.104523
s20261019-2301:I1:C,s20261019-2301,train,1,ACT,0,U1,0.906770,0.999949,0.885153,0.906724
s20261019-2302:I0:C,s20261019-2302,train,0,,,,0.069289,0.999360,0.854728,0.069245
s20261019-2302:I1:C,s20261019-2302,train,1,ACT,3,U1,0.917306,0.977314,0.752266,0.896496
s20261019-2303:I0:C,s20261019-2303,val,0,,,,0.076937,1.000000,0.212670,0.076937
s20261019-2303:I1:C,s20261019-2303,val,1,REFRAIN,5,U1,0.927297,0.012998,0.129597,0.012053
s20261019-2304:I0:C,s20261019-2304,train,0,,,,0.088207,1.000000,0.689508,0.088207
s20261019-2304:I1:C,s20261019-2304,train,1,REFRAIN,1,U2,0.916605,0.000000,0.611146,0.000000
s20261019-2305:I0:C,s20261019-2305,train,0,,,,0.076859,1.000000,0.487985,0.076859
s20261019-2305:I1:C,s20261019-2305,train,1,ACT,5,U2,0.912157,1.000000,0.502178,0.912157
s20261019-2306:I0:C,s20261019-2306,train,0,,,,0.086823,1.000000,0.536912,0.086823
s20261019-2306:I1:C,s20261019-2306,train,1,ACT,0,U2,0.927532,0.997490,0.898500,0.925204
s20261019-2307:I0:C,s20261019-2307,train,0,,,,0.092621,1.000000,0.557836,0.092621
s20261019-2307:I1:C,s20261019-2307,train,1,ACT,3,U2,0.930755,1.000000,0.569742,0.930755
s20261019-2308:I0:C,s20261019-2308,train,0,,,,0.074692,1.000000,0.496298,0.074692
s20261019-2308:I1:C,s20261019-2308,train,1,ACT,5,U2,0.920001,1.000000,0.509427,0.920001
s20261019-2309:I0:C,s20261019-2309,train,0,,,,0.104017,0.020967,0.759940,0.002181
s20261019-2309:I1:C,s20261019-2309,train,1,ACT,1,U1,0.915332,0.988660,0.595752,0.904953
s20261019-2310:I0:C,s20261019-2310,test,0,,,,0.088145,1.000000,0.401585,0.088145
s20261019-2310:I1:C,s20261019-2310,test,1,REFRAIN,7,U2,0.920673,0.320692,0.458321,0.295252
s20261019-2311:I0:C,s20261019-2311,train,0,,,,0.110363,1.000000,0.507727,0.110363
s20261019-2311:I1:C,s20261019-2311,train,1,REFRAIN,1,U1,0.920100,0.000662,0.349573,0.000609
s20261019-2312:I0:C,s20261019-2312,train,0,,,,0.077227,1.000000,0.417669,0.077227
s20261019-2312:I1:C,s20261019-2312,train,1,REFRAIN,1,U2,0.912422,0.188236,0.364174,0.171751
s20261019-2313:I0:C,s20261019-2313,test,0,,,,0.087654,1.000000,0.379381,0.087654
s20261019-2313:I1:C,s20261019-2313,test,1,REFRAIN,7,U1,0.912077,0.051901,0.333282,0.047338
s20261019-2314:I0:C,s20261019-2314,val,0,,,,0.065512,1.000000,0.289570,0.065512
s20261019-2314:I1:C,s20261019-2314,val,1,ACT,0,U1,0.912969,0.937680,0.616336,0.856073
s20261019-2315:I0:C,s20261019-2315,val,0,,,,0.073132,1.000000,0.555130,0.073132
s20261019-2315:I1:C,s20261019-2315,val,1,ACT,0,U2,0.908990,0.994021,0.918186,0.903555
s20261019-2316:I0:C,s20261019-2316,train,0,,,,0.059151,1.000000,0.726791,0.059151
s20261019-2316:I1:C,s20261019-2316,train,1,ACT,3,U1,0.912019,0.987609,0.600740,0.900719
s20261019-2317:I0:C,s20261019-2317,train,0,,,,0.093384,1.000000,0.563815,0.093384
s20261019-2317:I1:C,s20261019-2317,train,1,ACT,0,U2,0.928526,0.994390,0.910631,0.923317
s20261019-2318:I0:C,s20261019-2318,train,0,,,,0.080080,1.000000,0.207451,0.080080
s20261019-2318:I1:C,s20261019-2318,train,1,REFRAIN,0,U1,0.917676,0.423418,0.518221,0.388561
s20261019-2319:I0:C,s20261019-2319,train,0,,,,0.067897,1.000000,0.394346,0.067897
s20261019-2319:I1:C,s20261019-2319,train,1,REFRAIN,5,U1,0.904021,0.007606,0.242153,0.006876
s20261019-2320:I0:C,s20261019-2320,test,0,,,,0.084636,1.000000,0.417766,0.084636
s20261019-2320:I1:C,s20261019-2320,test,1,REFRAIN,7,U1,0.915922,0.000186,0.394983,0.000171
s20261019-2321:I0:C,s20261019-2321,val,0,,,,0.068295,1.000000,0.709368,0.068295
s20261019-2321:I1:C,s20261019-2321,val,1,ACT,2,U2,0.909882,0.722647,0.742826,0.657523
s20261019-2322:I0:C,s20261019-2322,val,0,,,,0.082766,1.000000,0.456674,0.082766
s20261019-2322:I1:C,s20261019-2322,val,1,REFRAIN,5,U1,0.899208,0.003889,0.292890,0.003497
s20261019-2323:I0:C,s20261019-2323,test,0,,,,0.074650,1.000000,0.341473,0.074650
s20261019-2323:I1:C,s20261019-2323,test,1,ACT,6,U2,0.929633,0.999970,0.678407,0.929605
s20261019-2324:I0:C,s20261019-2324,train,0,,,,0.080971,1.000000,0.445861,0.080971
s20261019-2324:I1:C,s20261019-2324,train,1,REFRAIN,0,U1,0.923245,0.086020,0.750593,0.079418
s20261019-2325:I0:C,s20261019-2325,train,0,,,,0.078289,1.000000,0.694805,0.078289
s20261019-2325:I1:C,s20261019-2325,train,1,REFRAIN,1,U2,0.901359,0.000000,0.614246,0.000000
s20261019-2326:I0:C,s20261019-2326,train,0,,,,0.053086,0.999973,0.681548,0.053084
s20261019-2326:I1:C,s20261019-2326,train,1,ACT,3,U1,0.922057,0.948979,0.558542,0.875013
s20261019-2327:I0:C,s20261019-2327,train,0,,,,0.069391,1.000000,0.293205,0.069391
s20261019-2327:I1:C,s20261019-2327,train,1,ACT,0,U2,0.926522,0.791239,0.765737,0.733100
s20261019-2328:I0:C,s20261019-2328,test,0,,,,0.099131,1.000000,0.786518,0.099131
s20261019-2328:I1:C,s20261019-2328,test,1,REFRAIN,7,U2,0.738318,0.000000,0.824159,0.000000
s20261019-2329:I0:C,s20261019-2329,test,0,,,,0.069369,1.000000,0.561455,0.069369
s20261019-2329:I1:C,s20261019-2329,test,1,ACT,7,U2,0.924970,0.883545,0.612882,0.817253
s20261019-2330:I0:C,s20261019-2330,test,0,,,,0.092044,1.000000,0.581608,0.092044
s20261019-2330:I1:C,s20261019-2330,test,1,REFRAIN,7,U2,0.821721,0.062944,0.645839,0.051722
s20261019-2331:I0:C,s20261019-2331,test,0,,,,0.089493,1.000000,0.480911,0.089493
s20261019-2331:I1:C,s20261019-2331,test,1,REFRAIN,7,U1,0.920609,0.027210,0.417539,0.025049
s20261019-2332:I0:C,s20261019-2332,train,0,,,,0.085044,1.000000,0.510338,0.085044
s20261019-2332:I1:C,s20261019-2332,train,1,REFRAIN,2,U2,0.937822,0.847994,0.575656,0.795267
s20261019-2333:I0:C,s20261019-2333,train,0,,,,0.072057,1.000000,0.752243,0.072057
s20261019-2333:I1:C,s20261019-2333,train,1,ACT,0,U2,0.920044,0.999897,0.960315,0.919950
s20261019-2334:I0:C,s20261019-2334,test,0,,,,0.075830,1.000000,0.730467,0.075830
s20261019-2334:I1:C,s20261019-2334,test,1,REFRAIN,7,U2,0.875475,0.000000,0.777328,0.000000
s20261019-2335:I0:C,s20261019-2335,train,0,,,,0.058993,1.000000,0.256642,0.058993
s20261019-2335:I1:C,s20261019-2335,train,1,ACT,2,U1,0.929138,0.020465,0.212473,0.019014
s20261019-2336:I0:C,s20261019-2336,test,0,,,,0.075653,1.000000,0.189285,0.075653
s20261019-2336:I1:C,s20261019-2336,test,1,REFRAIN,7,U2,0.890830,0.000001,0.234609,0.000001
s20261019-2337:I0:C,s20261019-2337,train,0,,,,0.099379,1.000000,0.163267,0.099379
s20261019-2337:I1:C,s20261019-2337,train,1,REFRAIN,2,U2,0.903787,0.000001,0.234804,0.000001
s20261019-2338:I0:C,s20261019-2338,train,0,,,,0.088382,1.000000,0.505536,0.088382
s20261019-2338:I1:C,s20261019-2338,train,1,REFRAIN,1,U2,0.862250,0.585307,0.438609,0.504681
s20261019-2339:I0:C,s20261019-2339,train,0,,,,0.082501,1.000000,0.210074,0.082501
s20261019-2339:I1:C,s20261019-2339,train,1,REFRAIN,1,U2,0.915179,0.000003,0.190146,0.000002
s20261019-2340:I0:C,s20261019-2340,test,0,,,,0.087019,1.000000,0.239339,0.087019
s20261019-2340:I1:C,s20261019-2340,test,1,REFRAIN,6,U2,0.927681,0.004658,0.558197,0.004321
s20261019-2341:I0:C,s20261019-2341,val,0,,,,0.079726,1.000000,0.767397,0.079726
s20261019-2341:I1:C,s20261019-2341,val,1,REFRAIN,1,U2,0.876696,0.000000,0.684513,0.000000
s20261019-2342:I0:C,s20261019-2342,train,0,,,,0.096491,1.000000,0.768707,0.096491
s20261019-2342:I1:C,s20261019-2342,train,1,ACT,4,U1,0.917145,0.881807,0.421021,0.808745
s20261019-2343:I0:C,s20261019-2343,val,0,,,,0.064364,1.000000,0.423206,0.064364
s20261019-2343:I1:C,s20261019-2343,val,1,ACT,3,U2,0.911967,0.710680,0.448696,0.648116
s20261019-2344:I0:C,s20261019-2344,val,0,,,,0.082648,1.000000,0.192450,0.082648
s20261019-2344:I1:C,s20261019-2344,val,1,ACT,0,U1,0.918607,0.738684,0.510182,0.678560
s20261019-2345:I0:C,s20261019-2345,train,0,,,,0.080527,1.000000,0.512093,0.080527
s20261019-2345:I1:C,s20261019-2345,train,1,REFRAIN,5,U1,0.894564,0.011428,0.339743,0.010223
s20261019-2346:I0:C,s20261019-2346,test,0,,,,0.075230,1.000000,0.178839,0.075230
s20261019-2346:I1:C,s20261019-2346,test,1,REFRAIN,7,U2,0.894508,0.000066,0.227511,0.000059
s20261019-2347:I0:C,s20261019-2347,val,0,,,,0.079539,1.000000,0.465590,0.079539
s20261019-2347:I1:C,s20261019-2347,val,1,ACT,2,U2,0.899369,0.999999,0.530575,0.899368
s20261019-2348:I0:C,s20261019-2348,train,0,,,,0.091015,1.000000,0.267929,0.091015
s20261019-2348:I1:C,s20261019-2348,train,1,REFRAIN,1,U1,0.914810,0.000000,0.188561,0.000000
s20261019-2349:I0:C,s20261019-2349,train,0,,,,0.090357,1.000000,0.508336,0.090357
s20261019-2349:I1:C,s20261019-2349,train,1,REFRAIN,5,U1,0.903636,0.003645,0.330758,0.003293
s20261019-2350:I0:C,s20261019-2350,test,0,,,,0.081746,1.000000,0.656134,0.081746
s20261019-2350:I1:C,s20261019-2350,test,1,REFRAIN,7,U1,0.913072,0.021067,0.582460,0.019236
s20261019-2351:I0:C,s20261019-2351,train,0,,,,0.128201,1.000000,0.507844,0.128201
s20261019-2351:I1:C,s20261019-2351,train,1,REFRAIN,2,U1,0.928218,0.071191,0.409167,0.066081
s20261019-2352:I0:C,s20261019-2352,train,0,,,,0.096631,1.000000,0.351316,0.096631
s20261019-2352:I1:C,s20261019-2352,train,1,REFRAIN,5,U1,0.911144,0.000444,0.222769,0.000405
s20261019-2353:I0:C,s20261019-2353,train,0,,,,0.086857,1.000000,0.579126,0.086857
s20261019-2353:I1:C,s20261019-2353,train,1,ACT,5,U2,0.907807,0.802224,0.585011,0.728264
s20261019-2354:I0:C,s20261019-2354,test,0,,,,0.111817,1.000000,0.423475,0.111817
s20261019-2354:I1:C,s20261019-2354,test,1,REFRAIN,7,U1,0.905749,0.107420,0.378139,0.097295
s20261019-2355:I0:C,s20261019-2355,train,0,,,,0.090617,1.000000,0.181259,0.090617
s20261019-2355:I1:C,s20261019-2355,train,1,REFRAIN,1,U2,0.906469,0.000000,0.165792,0.000000
s20261019-2356:I0:C,s20261019-2356,train,0,,,,0.084005,1.000000,0.714518,0.084005
s20261019-2356:I1:C,s20261019-2356,train,1,REFRAIN,1,U2,0.877262,0.000000,0.631708,0.000000
s20261019-2357:I0:C,s20261019-2357,train,0,,,,0.070297,1.000000,0.147623,0.070297
s20261019-2357:I1:C,s20261019-2357,train,1,REFRAIN,3,U1,0.923713,0.058823,0.117124,0.054336
s20261019-2358:I0:C,s20261019-2358,val,0,,,,0.091793,1.000000,0.739060,0.091793
s20261019-2358:I1:C,s20261019-2358,val,1,REFRAIN,4,U2,0.929639,0.000000,0.377628,0.000000
s20261019-2359:I0:C,s20261019-2359,val,0,,,,0.141690,0.890569,0.400402,0.126185
s20261019-2359:I1:C,s20261019-2359,val,1,REFRAIN,3,U1,0.910341,0.016073,0.316884,0.014632
s20261019-2360:I0:C,s20261019-2360,val,0,,,,0.092767,1.000000,0.549631,0.092767
s20261019-2360:I1:C,s20261019-2360,val,1,ACT,3,U2,0.924589,0.999959,0.553952,0.924551
s20261019-2361:I0:C,s20261019-2361,train,0,,,,0.098219,1.000000,0.472775,0.098219
s20261019-2361:I1:C,s20261019-2361,train,1,REFRAIN,0,U1,0.922685,0.435585,0.769075,0.401908
s20261019-2362:I0:C,s20261019-2362,train,0,,,,0.106602,1.000000,0.480001,0.106602
s20261019-2362:I1:C,s20261019-2362,train,1,REFRAIN,0,U1,0.925160,0.610309,0.784732,0.564633
s20261019-2363:I0:C,s20261019-2363,train,0,,,,0.077410,1.000000,0.476971,0.077410
s20261019-2363:I1:C,s20261019-2363,train,1,REFRAIN,4,U2,0.906237,0.000004,0.190077,0.000004
s20261019-2364:I0:C,s20261019-2364,train,0,,,,0.078664,1.000000,0.401399,0.078664
s20261019-2364:I1:C,s20261019-2364,train,1,REFRAIN,3,U2,0.913802,0.550279,0.422768,0.502846
s20261019-2365:I0:C,s20261019-2365,train,0,,,,0.087375,1.000000,0.493789,0.087375
s20261019-2365:I1:C,s20261019-2365,train,1,ACT,3,U2,0.911266,0.997418,0.505319,0.908914
s20261019-2366:I0:C,s20261019-2366,train,0,,,,0.097618,1.000000,0.393177,0.097618
s20261019-2366:I1:C,s20261019-2366,train,1,REFRAIN,4,U2,0.950311,0.000000,0.135916,0.000000
s20261019-2367:I0:C,s20261019-2367,train,0,,,,0.072914,1.000000,0.378067,0.072914
s20261019-2367:I1:C,s20261019-2367,train,1,ACT,0,U1,0.926431,0.835686,0.719153,0.774205
s20261019-2368:I0:C,s20261019-2368,train,0,,,,0.075541,1.000000,0.428814,0.075541
s20261019-2368:I1:C,s20261019-2368,train,1,ACT,5,U2,0.914547,0.999912,0.448035,0.914466
s20261019-2369:I0:C,s20261019-2369,test,0,,,,0.091687,1.000000,0.379708,0.091687
s20261019-2369:I1:C,s20261019-2369,test,1,REFRAIN,7,U2,0.929846,0.000000,0.445265,0.000000
s20261019-2370:I0:C,s20261019-2370,train,0,,,,0.080470,1.000000,0.217711,0.080470
s20261019-2370:I1:C,s20261019-2370,train,1,REFRAIN,2,U2,0.918056,0.000000,0.293137,0.000000
s20261019-2371:I0:C,s20261019-2371,test,0,,,,0.071186,1.000000,0.455303,0.071186
s20261019-2371:I1:C,s20261019-2371,test,1,ACT,6,U1,0.941097,0.379844,0.623939,0.357470
s20261019-2372:I0:C,s20261019-2372,train,0,,,,0.069245,1.000000,0.742439,0.069245
s20261019-2372:I1:C,s20261019-2372,train,1,ACT,2,U2,0.918986,0.745897,0.769513,0.685469
s20261019-2373:I0:C,s20261019-2373,test,0,,,,0.083969,1.000000,0.173111,0.083969
s20261019-2373:I1:C,s20261019-2373,test,1,REFRAIN,7,U1,0.924046,0.000026,0.157097,0.000024
s20261019-2374:I0:C,s20261019-2374,test,0,,,,0.160754,0.999998,0.362284,0.160754
s20261019-2374:I1:C,s20261019-2374,test,1,ACT,6,U1,0.925858,0.225096,0.532091,0.208407
s20261019-2375:I0:C,s20261019-2375,train,0,,,,0.092059,1.000000,0.719536,0.092059
s20261019-2375:I1:C,s20261019-2375,train,1,REFRAIN,3,U2,0.921418,0.040223,0.718817,0.037062
s20261019-2376:I0:C,s20261019-2376,val,0,,,,0.102438,1.000000,0.589080,0.102438
s20261019-2376:I1:C,s20261019-2376,val,1,REFRAIN,4,U1,0.922884,0.008353,0.242581,0.007708
s20261019-2377:I0:C,s20261019-2377,test,0,,,,0.112969,1.000000,0.683240,0.112969
s20261019-2377:I1:C,s20261019-2377,test,1,ACT,7,U1,0.920242,0.991571,0.627042,0.912485
s20261019-2378:I0:C,s20261019-2378,test,0,,,,0.059162,0.999984,0.792800,0.059161
s20261019-2378:I1:C,s20261019-2378,test,1,ACT,7,U1,0.913668,0.986159,0.744833,0.901022
s20261019-2379:I0:C,s20261019-2379,val,0,,,,0.062018,1.000000,0.374732,0.062018
s20261019-2379:I1:C,s20261019-2379,val,1,REFRAIN,4,U1,0.954689,0.000035,0.131047,0.000033
s20261019-2380:I0:C,s20261019-2380,train,0,,,,0.123239,1.000000,0.729189,0.123239
s20261019-2380:I1:C,s20261019-2380,train,1,ACT,3,U1,0.926853,0.940964,0.603212,0.872135
s20261019-2381:I0:C,s20261019-2381,test,0,,,,0.101151,1.000000,0.437660,0.101151
s20261019-2381:I1:C,s20261019-2381,test,1,ACT,6,U2,0.917260,1.000000,0.770157,0.917260
s20261019-2382:I0:C,s20261019-2382,train,0,,,,0.088216,1.000000,0.152100,0.088216
s20261019-2382:I1:C,s20261019-2382,train,1,REFRAIN,4,U2,0.882616,0.000001,0.047792,0.000001
s20261019-2383:I0:C,s20261019-2383,train,0,,,,0.074910,1.000000,0.236577,0.074910
s20261019-2383:I1:C,s20261019-2383,train,1,REFRAIN,4,U1,0.904120,0.016742,0.085301,0.015137
s20261019-2384:I0:C,s20261019-2384,train,0,,,,0.080929,1.000000,0.514104,0.080929
s20261019-2384:I1:C,s20261019-2384,train,1,REFRAIN,5,U1,0.917052,0.001630,0.333259,0.001495
s20261019-2385:I0:C,s20261019-2385,val,0,,,,0.080697,1.000000,0.143405,0.080697
s20261019-2385:I1:C,s20261019-2385,val,1,REFRAIN,4,U2,0.837106,0.000002,0.044559,0.000002
s20261019-2386:I0:C,s20261019-2386,test,0,,,,0.109035,1.000000,0.501924,0.109035
s20261019-2386:I1:C,s20261019-2386,test,1,REFRAIN,6,U1,0.929920,0.512041,0.665216,0.476157
s20261019-2387:I0:C,s20261019-2387,train,0,,,,0.084346,0.999997,0.480670,0.084346
s20261019-2387:I1:C,s20261019-2387,train,1,REFRAIN,1,U1,0.919070,0.000276,0.329020,0.000254
s20261019-2388:I0:C,s20261019-2388,test,0,,,,0.079684,1.000000,0.376471,0.079684
s20261019-2388:I1:C,s20261019-2388,test,1,REFRAIN,7,U2,0.911708,0.864912,0.450158,0.788548
s20261019-2389:I0:C,s20261019-2389,train,0,,,,0.080454,1.000000,0.157049,0.080454
s20261019-2389:I1:C,s20261019-2389,train,1,REFRAIN,3,U1,0.906904,0.007896,0.131810,0.007161
s20261019-2390:I0:C,s20261019-2390,val,0,,,,0.065395,1.000000,0.431962,0.065395
s20261019-2390:I1:C,s20261019-2390,val,1,REFRAIN,4,U1,0.929060,0.003105,0.161763,0.002884
s20261019-2391:I0:C,s20261019-2391,train,0,,,,0.102611,1.000000,0.416365,0.102611
s20261019-2391:I1:C,s20261019-2391,train,1,REFRAIN,4,U1,0.909996,0.032122,0.156436,0.029231
s20261019-2392:I0:C,s20261019-2392,val,0,,,,0.077638,1.000000,0.681795,0.077638
s20261019-2392:I1:C,s20261019-2392,val,1,ACT,4,U1,0.917117,0.907125,0.318384,0.831940
s20261019-2393:I0:C,s20261019-2393,val,0,,,,0.071072,1.000000,0.225554,0.071072
s20261019-2393:I1:C,s20261019-2393,val,1,REFRAIN,5,U2,0.918211,0.000000,0.255274,0.000000
s20261019-2394:I0:C,s20261019-2394,train,0,,,,0.088259,1.000000,0.173092,0.088259
s20261019-2394:I1:C,s20261019-2394,train,1,REFRAIN,5,U2,0.921376,0.000000,0.210327,0.000000
s20261019-2395:I0:C,s20261019-2395,train,0,,,,0.089681,1.000000,0.529383,0.089681
s20261019-2395:I1:C,s20261019-2395,train,1,ACT,0,U2,0.928944,0.999998,0.893480,0.928942
s20261019-2396:I0:C,s20261019-2396,train,0,,,,0.079583,1.000000,0.326113,0.079583
s20261019-2396:I1:C,s20261019-2396,train,1,REFRAIN,1,U2,0.923813,0.000000,0.287056,0.000000
s20261019-2397:I0:C,s20261019-2397,train,0,,,,0.060473,1.000000,0.625228,0.060473
s20261019-2397:I1:C,s20261019-2397,train,1,REFRAIN,1,U1,0.919149,0.000108,0.448987,0.000099
s20261019-2398:I0:C,s20261019-2398,test,0,,,,0.081480,1.000000,0.394526,0.081480
s20261019-2398:I1:C,s20261019-2398,test,1,ACT,6,U2,0.923462,0.999999,0.732163,0.923461
s20261019-2399:I0:C,s20261019-2399,val,0,,,,0.083967,1.000000,0.596063,0.083967
s20261019-2399:I1:C,s20261019-2399,val,1,ACT,2,U2,0.931359,0.992448,0.649282,0.924325
s20261020-0000:I0:C,s20261020-0000,testU,0,,,,0.093072,1.000000,0.564731,0.093072
s20261020-0000:I1:C,s20261020-0000,testU,1,ACT,6,U6,0.841971,0.999999,0.828718,0.841971
s20261020-0001:I0:C,s20261020-0001,testU,0,,,,0.068594,1.000000,0.541268,0.068594
s20261020-0001:I1:C,s20261020-0001,testU,1,REFRAIN,7,U5,0.734574,0.032488,0.564567,0.023865
s20261020-0002:I0:C,s20261020-0002,testU,0,,,,0.063818,1.000000,0.497817,0.063818
s20261020-0002:I1:C,s20261020-0002,testU,1,REFRAIN,7,U6,0.952403,0.000179,0.580972,0.000170
s20261020-0003:I0:C,s20261020-0003,testU,0,,,,0.086192,0.999985,0.406803,0.086190
s20261020-0003:I1:C,s20261020-0003,testU,1,REFRAIN,7,U5,0.805833,0.000000,0.440942,0.000000
s20261020-0004:I0:C,s20261020-0004,testU,0,,,,0.060557,1.000000,0.739407,0.060557
s20261020-0004:I1:C,s20261020-0004,testU,1,REFRAIN,7,U6,0.930133,0.000008,0.770602,0.000008
s20261020-0005:I0:C,s20261020-0005,testU,0,,,,0.089097,1.000000,0.488316,0.089097
s20261020-0005:I1:C,s20261020-0005,testU,1,ACT,6,U6,0.818701,0.999705,0.772785,0.818459
s20261020-0006:I0:C,s20261020-0006,testU,0,,,,0.064207,1.000000,0.179753,0.064207
s20261020-0006:I1:C,s20261020-0006,testU,1,REFRAIN,6,U6,0.887017,0.957911,0.464479,0.849683
s20261020-0007:I0:C,s20261020-0007,testU,0,,,,0.075831,1.000000,0.468261,0.075831
s20261020-0007:I1:C,s20261020-0007,testU,1,REFRAIN,6,U5,0.895086,0.000554,0.755491,0.000495
s20261020-0008:I0:C,s20261020-0008,testU,0,,,,0.080353,1.000000,0.557659,0.080353
s20261020-0008:I1:C,s20261020-0008,testU,1,REFRAIN,6,U5,0.911141,0.002393,0.797080,0.002180
s20261020-0009:I0:C,s20261020-0009,testU,0,,,,0.092596,1.000000,0.386822,0.092596
s20261020-0009:I1:C,s20261020-0009,testU,1,ACT,6,U6,0.887963,0.000139,0.706329,0.000123
s20261020-0010:I0:C,s20261020-0010,testU,0,,,,0.094555,1.000000,0.432528,0.094555
s20261020-0010:I1:C,s20261020-0010,testU,1,REFRAIN,7,U6,0.940342,0.000000,0.498899,0.000000
s20261020-0011:I0:C,s20261020-0011,testU,0,,,,0.070751,1.000000,0.744645,0.070751
s20261020-0011:I1:C,s20261020-0011,testU,1,REFRAIN,7,U5,0.935661,0.000008,0.769815,0.000008
s20261020-0012:I0:C,s20261020-0012,testU,0,,,,0.064151,1.000000,0.592687,0.064151
s20261020-0012:I1:C,s20261020-0012,testU,1,REFRAIN,7,U5,0.876572,0.000023,0.623107,0.000020
s20261020-0013:I0:C,s20261020-0013,testU,0,,,,0.069197,1.000000,0.169236,0.069197
s20261020-0013:I1:C,s20261020-0013,testU,1,REFRAIN,7,U6,0.929285,0.000000,0.217915,0.000000
s20261020-0014:I0:C,s20261020-0014,testU,0,,,,0.101964,1.000000,0.517684,0.101964
s20261020-0014:I1:C,s20261020-0014,testU,1,REFRAIN,7,U5,0.841130,0.000421,0.566283,0.000354
s20261020-0015:I0:C,s20261020-0015,testU,0,,,,0.125974,1.000000,0.738573,0.125974
s20261020-0015:I1:C,s20261020-0015,testU,1,ACT,6,U6,0.838048,0.999973,0.912257,0.838025
s20261020-0016:I0:C,s20261020-0016,testU,0,,,,0.049375,1.000000,0.718315,0.049375
s20261020-0016:I1:C,s20261020-0016,testU,1,ACT,7,U6,0.892767,0.077217,0.771792,0.068937
s20261020-0017:I0:C,s20261020-0017,testU,0,,,,0.087289,1.000000,0.397577,0.087289
s20261020-0017:I1:C,s20261020-0017,testU,1,REFRAIN,6,U5,0.900520,0.000203,0.698147,0.000183
s20261020-0018:I0:C,s20261020-0018,testU,0,,,,0.058654,0.999471,0.583358,0.058623
s20261020-0018:I1:C,s20261020-0018,testU,1,REFRAIN,6,U5,0.904149,0.000141,0.813385,0.000128
s20261020-0019:I0:C,s20261020-0019,testU,0,,,,0.109215,1.000000,0.431733,0.109215
s20261020-0019:I1:C,s20261020-0019,testU,1,ACT,6,U6,0.891431,0.000451,0.745723,0.000402
s20261020-0020:I0:C,s20261020-0020,testU,0,,,,0.034632,1.000000,0.737745,0.034632
s20261020-0020:I1:C,s20261020-0020,testU,1,ACT,7,U6,0.874872,0.931044,0.770922,0.814544
s20261020-0021:I0:C,s20261020-0021,testU,0,,,,0.066881,1.000000,0.492087,0.066881
s20261020-0021:I1:C,s20261020-0021,testU,1,REFRAIN,7,U6,0.930317,0.025756,0.563508,0.023961
s20261020-0022:I0:C,s20261020-0022,testU,0,,,,0.093568,1.000000,0.181025,0.093568
s20261020-0022:I1:C,s20261020-0022,testU,1,REFRAIN,6,U6,0.846322,0.004983,0.465689,0.004218
s20261020-0023:I0:C,s20261020-0023,testU,0,,,,0.091249,1.000000,0.811217,0.091249
s20261020-0023:I1:C,s20261020-0023,testU,1,REFRAIN,7,U6,0.891354,0.418519,0.838577,0.373049
s20261020-0024:I0:C,s20261020-0024,testU,0,,,,0.074337,1.000000,0.441153,0.074337
s20261020-0024:I1:C,s20261020-0024,testU,1,ACT,6,U6,0.881403,0.003359,0.758117,0.002960
s20261020-0025:I0:C,s20261020-0025,testU,0,,,,0.052642,1.000000,0.372847,0.052642
s20261020-0025:I1:C,s20261020-0025,testU,1,REFRAIN,6,U5,0.941509,0.000000,0.664434,0.000000
s20261020-0026:I0:C,s20261020-0026,testU,0,,,,0.111336,1.000000,0.682468,0.111336
s20261020-0026:I1:C,s20261020-0026,testU,1,ACT,7,U6,0.915103,0.181641,0.745759,0.166221
s20261020-0027:I0:C,s20261020-0027,testU,0,,,,0.096375,1.000000,0.784416,0.096375
s20261020-0027:I1:C,s20261020-0027,testU,1,REFRAIN,6,U5,0.918964,0.467842,0.914546,0.429930
s20261020-0028:I0:C,s20261020-0028,testU,0,,,,0.110090,1.000000,0.701089,0.110090
s20261020-0028:I1:C,s20261020-0028,testU,1,REFRAIN,6,U5,0.919589,0.731513,0.878096,0.672692
s20261020-0029:I0:C,s20261020-0029,testU,0,,,,0.055343,1.000000,0.439909,0.055343
s20261020-0029:I1:C,s20261020-0029,testU,1,ACT,6,U6,0.864998,0.028473,0.754714,0.024630
s20261020-0030:I0:C,s20261020-0030,testU,0,,,,0.071251,1.000000,0.312947,0.071251
s20261020-0030:I1:C,s20261020-0030,testU,1,REFRAIN,7,U5,0.888579,0.000000,0.333945,0.000000
s20261020-0031:I0:C,s20261020-0031,testU,0,,,,0.043125,1.000000,0.208384,0.043125
s20261020-0031:I1:C,s20261020-0031,testU,1,REFRAIN,7,U6,0.903666,0.004929,0.261637,0.004454
s20261020-0032:I0:C,s20261020-0032,testU,0,,,,0.098158,0.999990,0.363347,0.098157
s20261020-0032:I1:C,s20261020-0032,testU,1,REFRAIN,6,U6,0.869464,0.169012,0.697213,0.146950
s20261020-0033:I0:C,s20261020-0033,testU,0,,,,0.051712,1.000000,0.196081,0.051712
s20261020-0033:I1:C,s20261020-0033,testU,1,REFRAIN,7,U6,0.885054,0.041357,0.247370,0.036603
s20261020-0034:I0:C,s20261020-0034,testU,0,,,,0.075946,1.000000,0.518655,0.075946
s20261020-0034:I1:C,s20261020-0034,testU,1,ACT,7,U6,0.918915,0.712806,0.579324,0.655008
s20261020-0035:I0:C,s20261020-0035,testU,0,,,,0.079381,1.000000,0.454514,0.079381
s20261020-0035:I1:C,s20261020-0035,testU,1,REFRAIN,6,U5,0.903893,0.000032,0.729629,0.000029
s20261020-0036:I0:C,s20261020-0036,testU,0,,,,0.028637,1.000000,0.382361,0.028637
s20261020-0036:I1:C,s20261020-0036,testU,1,REFRAIN,7,U6,0.947802,0.000000,0.439341,0.000000
s20261020-0037:I0:C,s20261020-0037,testU,0,,,,0.066719,1.000000,0.675192,0.066719
s20261020-0037:I1:C,s20261020-0037,testU,1,ACT,7,U6,0.873791,0.836817,0.713381,0.731203
s20261020-0038:I0:C,s20261020-0038,testU,0,,,,0.072786,1.000000,0.481473,0.072786
s20261020-0038:I1:C,s20261020-0038,testU,1,REFRAIN,7,U5,0.785189,0.000698,0.514832,0.000548
s20261020-0039:I0:C,s20261020-0039,testU,0,,,,0.055171,0.999969,0.747728,0.055170
s20261020-0039:I1:C,s20261020-0039,testU,1,ACT,7,U6,0.919838,0.003182,0.779200,0.002927
s20261020-0040:I0:C,s20261020-0040,testU,0,,,,0.070724,1.000000,0.434680,0.070724
s20261020-0040:I1:C,s20261020-0040,testU,1,REFRAIN,6,U5,0.933373,0.000004,0.699636,0.000004
s20261020-0041:I0:C,s20261020-0041,testU,0,,,,0.092865,1.000000,0.166348,0.092865
s20261020-0041:I1:C,s20261020-0041,testU,1,REFRAIN,6,U5,0.882009,0.000000,0.415746,0.000000
s20261020-0042:I0:C,s20261020-0042,testU,0,,,,0.126090,1.000000,0.565680,0.126090
s20261020-0042:I1:C,s20261020-0042,testU,1,REFRAIN,6,U5,0.900925,0.001498,0.810019,0.001350
s20261020-0043:I0:C,s20261020-0043,testU,0,,,,0.074305,1.000000,0.521609,0.074305
s20261020-0043:I1:C,s20261020-0043,testU,1,REFRAIN,7,U5,0.815180,0.000000,0.547287,0.000000
s20261020-0044:I0:C,s20261020-0044,testU,0,,,,0.064675,1.000000,0.527216,0.064675
s20261020-0044:I1:C,s20261020-0044,testU,1,REFRAIN,6,U5,0.902250,0.005499,0.771511,0.004961
s20261020-0045:I0:C,s20261020-0045,testU,0,,,,0.055156,1.000000,0.762536,0.055156
s20261020-0045:I1:C,s20261020-0045,testU,1,REFRAIN,7,U6,0.910576,0.017486,0.808593,0.015922
s20261020-0046:I0:C,s20261020-0046,testU,0,,,,0.050575,1.000000,0.465464,0.050575
s20261020-0046:I1:C,s20261020-0046,testU,1,ACT,6,U6,0.841697,0.999926,0.771825,0.841635
s20261020-0047:I0:C,s20261020-0047,testU,0,,,,0.056911,1.000000,0.715531,0.056911
s20261020-0047:I1:C,s20261020-0047,testU,1,REFRAIN,6,U5,0.919370,0.944465,0.893581,0.868313
s20261020-0048:I0:C,s20261020-0048,testU,0,,,,0.052049,1.000000,0.720042,0.052049
s20261020-0048:I1:C,s20261020-0048,testU,1,REFRAIN,6,U5,0.916424,0.339147,0.897001,0.310803
s20261020-0049:I0:C,s20261020-0049,testU,0,,,,0.059063,1.000000,0.422226,0.059063
s20261020-0049:I1:C,s20261020-0049,testU,1,REFRAIN,7,U6,0.950555,0.000000,0.468354,0.000000
s20261020-0050:I0:C,s20261020-0050,testU,0,,,,0.047112,1.000000,0.448502,0.047112
s20261020-0050:I1:C,s20261020-0050,testU,1,REFRAIN,7,U6,0.915147,0.000000,0.504783,0.000000
s20261020-0051:I0:C,s20261020-0051,testU,0,,,,0.062645,1.000000,0.387342,0.062645
s20261020-0051:I1:C,s20261020-0051,testU,1,REFRAIN,7,U6,0.953742,0.180972,0.456825,0.172601
s20261020-0052:I0:C,s20261020-0052,testU,0,,,,0.090433,1.000000,0.753984,0.090433
s20261020-0052:I1:C,s20261020-0052,testU,1,REFRAIN,7,U5,0.952266,0.000002,0.778460,0.000002
s20261020-0053:I0:C,s20261020-0053,testU,0,,,,0.098473,1.000000,0.611872,0.098473
s20261020-0053:I1:C,s20261020-0053,testU,1,ACT,7,U6,0.929634,0.711612,0.657875,0.661539
s20261020-0054:I0:C,s20261020-0054,testU,0,,,,0.074712,1.000000,0.574720,0.074712
s20261020-0054:I1:C,s20261020-0054,testU,1,REFRAIN,7,U5,0.792890,0.000547,0.598688,0.000434
s20261020-0055:I0:C,s20261020-0055,testU,0,,,,0.081508,1.000000,0.267301,0.081508
s20261020-0055:I1:C,s20261020-0055,testU,1,REFRAIN,7,U6,0.914996,0.000035,0.341604,0.000032
s20261020-0056:I0:C,s20261020-0056,testU,0,,,,0.079316,1.000000,0.535101,0.079316
s20261020-0056:I1:C,s20261020-0056,testU,1,REFRAIN,6,U5,0.893381,0.007905,0.793945,0.007062
s20261020-0057:I0:C,s20261020-0057,testU,0,,,,0.079989,1.000000,0.416076,0.079989
s20261020-0057:I1:C,s20261020-0057,testU,1,REFRAIN,7,U6,0.964012,0.000000,0.475664,0.000000
s20261020-0058:I0:C,s20261020-0058,testU,0,,,,0.071458,1.000000,0.823036,0.071458
s20261020-0058:I1:C,s20261020-0058,testU,1,REFRAIN,7,U5,0.946530,0.000207,0.829379,0.000196
s20261020-0059:I0:C,s20261020-0059,testU,0,,,,0.083074,1.000000,0.154646,0.083074
s20261020-0059:I1:C,s20261020-0059,testU,1,ACT,6,U5,0.835326,0.000000,0.372669,0.000000
s20261020-0060:I0:C,s20261020-0060,testU,0,,,,0.101624,1.000000,0.145840,0.101624
s20261020-0060:I1:C,s20261020-0060,testU,1,REFRAIN,7,U6,0.924143,0.000000,0.185163,0.000000
s20261020-0061:I0:C,s20261020-0061,testU,0,,,,0.121281,1.000000,0.397026,0.121281
s20261020-0061:I1:C,s20261020-0061,testU,1,REFRAIN,7,U5,0.874463,0.000000,0.433141,0.000000
s20261020-0062:I0:C,s20261020-0062,testU,0,,,,0.086904,1.000000,0.451322,0.086904
s20261020-0062:I1:C,s20261020-0062,testU,1,REFRAIN,7,U5,0.573030,0.032535,0.478244,0.018644
s20261020-0063:I0:C,s20261020-0063,testU,0,,,,0.082798,1.000000,0.780148,0.082798
s20261020-0063:I1:C,s20261020-0063,testU,1,ACT,7,U6,0.864456,0.503478,0.799275,0.435235
s20261020-0064:I0:C,s20261020-0064,testU,0,,,,0.071723,1.000000,0.506496,0.071723
s20261020-0064:I1:C,s20261020-0064,testU,1,REFRAIN,6,U5,0.907567,0.000042,0.763649,0.000038
s20261020-0065:I0:C,s20261020-0065,testU,0,,,,0.072152,1.000000,0.564513,0.072152
s20261020-0065:I1:C,s20261020-0065,testU,1,REFRAIN,7,U5,0.718974,0.017592,0.594834,0.012648
s20261020-0066:I0:C,s20261020-0066,testU,0,,,,0.092859,1.000000,0.448543,0.092859
s20261020-0066:I1:C,s20261020-0066,testU,1,REFRAIN,6,U5,0.905390,0.001716,0.727076,0.001554
s20261020-0067:I0:C,s20261020-0067,testU,0,,,,0.072620,1.000000,0.509166,0.072620
s20261020-0067:I1:C,s20261020-0067,testU,1,REFRAIN,7,U5,0.890589,0.000476,0.550276,0.000424
s20261020-0068:I0:C,s20261020-0068,testU,0,,,,0.076842,0.999999,0.576506,0.076842
s20261020-0068:I1:C,s20261020-0068,testU,1,REFRAIN,7,U5,0.708752,0.002510,0.606559,0.001779
s20261020-0069:I0:C,s20261020-0069,testU,0,,,,0.060763,0.999524,0.686761,0.060734
s20261020-0069:I1:C,s20261020-0069,testU,1,REFRAIN,6,U5,0.916059,0.915791,0.883097,0.838919
s20261020-0070:I0:C,s20261020-0070,testU,0,,,,0.050830,1.000000,0.713422,0.050830
s20261020-0070:I1:C,s20261020-0070,testU,1,ACT,6,U6,0.841324,0.999468,0.901831,0.840877
s20261020-0071:I0:C,s20261020-0071,testU,0,,,,0.081135,1.000000,0.177620,0.081135
s20261020-0071:I1:C,s20261020-0071,testU,1,REFRAIN,6,U6,0.843753,0.013921,0.472343,0.011746
s20261020-0072:I0:C,s20261020-0072,testU,0,,,,0.087074,0.437578,0.782366,0.038102
s20261020-0072:I1:C,s20261020-0072,testU,1,REFRAIN,7,U5,0.951149,0.000000,0.799799,0.000000
s20261020-0073:I0:C,s20261020-0073,testU,0,,,,0.285338,0.998868,0.454187,0.285015
s20261020-0073:I1:C,s20261020-0073,testU,1,REFRAIN,7,U5,0.833529,0.004496,0.489238,0.003747
s20261020-0074:I0:C,s20261020-0074,testU,0,,,,0.078650,1.000000,0.618073,0.078650
s20261020-0074:I1:C,s20261020-0074,testU,1,REFRAIN,7,U5,0.828741,0.000871,0.646641,0.000722
s20261020-0075:I0:C,s20261020-0075,testU,0,,,,0.093164,1.000000,0.607663,0.093164
s20261020-0075:I1:C,s20261020-0075,testU,1,REFRAIN,7,U5,0.539339,0.605660,0.644060,0.326656
s20261020-0076:I0:C,s20261020-0076,testU,0,,,,0.064271,1.000000,0.521392,0.064271
s20261020-0076:I1:C,s20261020-0076,testU,1,REFRAIN,7,U5,0.827711,0.001608,0.558878,0.001331
s20261020-0077:I0:C,s20261020-0077,testU,0,,,,0.077470,1.000000,0.255046,0.077470
s20261020-0077:I1:C,s20261020-0077,testU,1,REFRAIN,6,U5,0.889489,0.000000,0.531974,0.000000
s20261020-0078:I0:C,s20261020-0078,testU,0,,,,0.082843,1.000000,0.433057,0.082843
s20261020-0078:I1:C,s20261020-0078,testU,1,REFRAIN,7,U5,0.788455,0.000000,0.461703,0.000000
s20261020-0079:I0:C,s20261020-0079,testU,0,,,,0.046661,0.999999,0.779898,0.046661
s20261020-0079:I1:C,s20261020-0079,testU,1,REFRAIN,6,U5,0.919721,0.907775,0.913805,0.834900
s20261020-0080:I0:C,s20261020-0080,testU,0,,,,0.071490,1.000000,0.787208,0.071490
s20261020-0080:I1:C,s20261020-0080,testU,1,REFRAIN,6,U6,0.891103,0.972536,0.919699,0.866630
s20261020-0081:I0:C,s20261020-0081,testU,0,,,,0.077151,1.000000,0.479777,0.077151
s20261020-0081:I1:C,s20261020-0081,testU,1,REFRAIN,6,U5,0.874549,0.030089,0.736256,0.026314
s20261020-0082:I0:C,s20261020-0082,testU,0,,,,0.049683,1.000000,0.728386,0.049683
s20261020-0082:I1:C,s20261020-0082,testU,1,REFRAIN,6,U5,0.922222,0.804860,0.899101,0.742259
s20261020-0083:I0:C,s20261020-0083,testU,0,,,,0.059473,1.000000,0.207732,0.059473
s20261020-0083:I1:C,s20261020-0083,testU,1,REFRAIN,6,U5,0.877134,0.000000,0.480482,0.000000
s20261020-0084:I0:C,s20261020-0084,testU,0,,,,0.049801,1.000000,0.480759,0.049801
s20261020-0084:I1:C,s20261020-0084,testU,1,REFRAIN,6,U5,0.911960,0.001032,0.751420,0.000941
s20261020-0085:I0:C,s20261020-0085,testU,0,,,,0.134237,1.000000,0.804526,0.134237
s20261020-0085:I1:C,s20261020-0085,testU,1,REFRAIN,6,U5,0.917276,0.672422,0.925217,0.616796
s20261020-0086:I0:C,s20261020-0086,testU,0,,,,0.028684,1.000000,0.249731,0.028684
s20261020-0086:I1:C,s20261020-0086,testU,1,REFRAIN,6,U5,0.908633,0.000000,0.529778,0.000000
s20261020-0087:I0:C,s20261020-0087,testU,0,,,,0.121948,1.000000,0.786361,0.121948
s20261020-0087:I1:C,s20261020-0087,testU,1,REFRAIN,7,U5,0.783935,0.013878,0.800897,0.010879
s20261020-0088:I0:C,s20261020-0088,testU,0,,,,0.118414,1.000000,0.398948,0.118414
s20261020-0088:I1:C,s20261020-0088,testU,1,REFRAIN,6,U5,0.936950,0.000001,0.691802,0.000001
s20261020-0089:I0:C,s20261020-0089,testU,0,,,,0.109541,1.000000,0.771991,0.109541
s20261020-0089:I1:C,s20261020-0089,testU,1,REFRAIN,6,U5,0.914801,0.386620,0.912185,0.353681
s20261020-0090:I0:C,s20261020-0090,testU,0,,,,0.056198,1.000000,0.730468,0.056198
s20261020-0090:I1:C,s20261020-0090,testU,1,ACT,6,U6,0.822145,0.999944,0.910524,0.822099
s20261020-0091:I0:C,s20261020-0091,testU,0,,,,0.020538,1.000000,0.372922,0.020538
s20261020-0091:I1:C,s20261020-0091,testU,1,REFRAIN,6,U6,0.887111,0.004830,0.685738,0.004285
s20261020-0092:I0:C,s20261020-0092,testU,0,,,,0.091344,1.000000,0.469552,0.091344
s20261020-0092:I1:C,s20261020-0092,testU,1,REFRAIN,7,U5,0.547437,0.144904,0.512800,0.079326
s20261020-0093:I0:C,s20261020-0093,testU,0,,,,0.087539,1.000000,0.470420,0.087539
s20261020-0093:I1:C,s20261020-0093,testU,1,REFRAIN,7,U5,0.813632,0.000000,0.498565,0.000000
s20261020-0094:I0:C,s20261020-0094,testU,0,,,,0.077934,1.000000,0.143941,0.077934
s20261020-0094:I1:C,s20261020-0094,testU,1,REFRAIN,6,U6,0.792144,0.000051,0.418949,0.000041
s20261020-0095:I0:C,s20261020-0095,testU,0,,,,0.110332,1.000000,0.341890,0.110332
s20261020-0095:I1:C,s20261020-0095,testU,1,ACT,6,U6,0.968477,0.000000,0.673254,0.000000
s20261020-0096:I0:C,s20261020-0096,testU,0,,,,0.083832,1.000000,0.360154,0.083832
s20261020-0096:I1:C,s20261020-0096,testU,1,REFRAIN,7,U6,0.964903,0.000000,0.413051,0.000000
s20261020-0097:I0:C,s20261020-0097,testU,0,,,,0.045789,1.000000,0.175326,0.045789
s20261020-0097:I1:C,s20261020-0097,testU,1,REFRAIN,6,U6,0.872320,0.002827,0.460149,0.002466
s20261020-0098:I0:C,s20261020-0098,testU,0,,,,0.043034,1.000000,0.460858,0.043034
s20261020-0098:I1:C,s20261020-0098,testU,1,REFRAIN,7,U5,0.553140,0.115303,0.486084,0.063779
s20261020-0099:I0:C,s20261020-0099,testU,0,,,,0.041490,1.000000,0.772184,0.041490
s20261020-0099:I1:C,s20261020-0099,testU,1,REFRAIN,7,U6,0.898030,0.139549,0.800684,0.125319
s20261020-0100:I0:C,s20261020-0100,testU,0,,,,0.082000,1.000000,0.759237,0.082000
s20261020-0100:I1:C,s20261020-0100,testU,1,ACT,7,U6,0.890340,0.646764,0.794240,0.575839
s20261020-0101:I0:C,s20261020-0101,testU,0,,,,0.087310,1.000000,0.451132,0.087310
s20261020-0101:I1:C,s20261020-0101,testU,1,REFRAIN,7,U6,0.954615,0.000000,0.502056,0.000000
s20261020-0102:I0:C,s20261020-0102,testU,0,,,,0.083726,1.000000,0.636241,0.083726
s20261020-0102:I1:C,s20261020-0102,testU,1,ACT,7,U6,0.938789,0.001390,0.679563,0.001305
s20261020-0103:I0:C,s20261020-0103,testU,0,,,,0.084345,1.000000,0.213895,0.084345
s20261020-0103:I1:C,s20261020-0103,testU,1,REFRAIN,7,U5,0.915471,0.000000,0.243635,0.000000
s20261020-0104:I0:C,s20261020-0104,testU,0,,,,0.073199,1.000000,0.767957,0.073199
s20261020-0104:I1:C,s20261020-0104,testU,1,REFRAIN,7,U5,0.948475,0.000087,0.777364,0.000083
s20261020-0105:I0:C,s20261020-0105,testU,0,,,,0.077886,1.000000,0.692164,0.077886
s20261020-0105:I1:C,s20261020-0105,testU,1,REFRAIN,7,U5,0.902775,0.000080,0.707486,0.000072
s20261020-0106:I0:C,s20261020-0106,testU,0,,,,0.074365,1.000000,0.538284,0.074365
s20261020-0106:I1:C,s20261020-0106,testU,1,ACT,6,U6,0.887080,0.997340,0.808654,0.884720
s20261020-0107:I0:C,s20261020-0107,testU,0,,,,0.091357,1.000000,0.701774,0.091357
s20261020-0107:I1:C,s20261020-0107,testU,1,REFRAIN,7,U5,0.946967,0.000002,0.716033,0.000002
s20261020-0108:I0:C,s20261020-0108,testU,0,,,,0.062621,1.000000,0.761587,0.062621
s20261020-0108:I1:C,s20261020-0108,testU,1,REFRAIN,7,U5,0.954414,0.000006,0.780108,0.000006
s20261020-0109:I0:C,s20261020-0109,testU,0,,,,0.076581,1.000000,0.557186,0.076581
s20261020-0109:I1:C,s20261020-0109,testU,1,REFRAIN,6,U5,0.900188,0.000591,0.791854,0.000532
s20261020-0110:I0:C,s20261020-0110,testU,0,,,,0.097001,1.000000,0.248226,0.097001
s20261020-0110:I1:C,s20261020-0110,testU,1,REFRAIN,7,U5,0.911056,0.000000,0.279089,0.000000
s20261020-0111:I0:C,s20261020-0111,testU,0,,,,0.170264,0.999631,0.507192,0.170201
s20261020-0111:I1:C,s20261020-0111,testU,1,REFRAIN,7,U5,0.809588,0.000252,0.540467,0.000204
s20261020-0112:I0:C,s20261020-0112,testU,0,,,,0.053459,1.000000,0.192972,0.053459
s20261020-0112:I1:C,s20261020-0112,testU,1,ACT,6,U5,0.873659,0.000000,0.447617,0.000000
s20261020-0113:I0:C,s20261020-0113,testU,0,,,,0.076556,1.000000,0.152666,0.076556
s20261020-0113:I1:C,s20261020-0113,testU,1,ACT,6,U5,0.904315,0.000000,0.395116,0.000000
s20261020-0114:I0:C,s20261020-0114,testU,0,,,,0.078125,1.000000,0.144873,0.078125
s20261020-0114:I1:C,s20261020-0114,testU,1,REFRAIN,6,U5,0.887322,0.000000,0.377315,0.000000
s20261020-0115:I0:C,s20261020-0115,testU,0,,,,0.059839,1.000000,0.203432,0.059839
s20261020-0115:I1:C,s20261020-0115,testU,1,ACT,7,U6,0.931266,0.000000,0.259772,0.000000
s20261020-0116:I0:C,s20261020-0116,testU,0,,,,0.073950,1.000000,0.456532,0.073950
s20261020-0116:I1:C,s20261020-0116,testU,1,REFRAIN,7,U6,0.930191,0.741599,0.519903,0.689828
s20261020-0117:I0:C,s20261020-0117,testU,0,,,,0.074391,1.000000,0.177893,0.074391
s20261020-0117:I1:C,s20261020-0117,testU,1,REFRAIN,6,U6,0.860590,0.121038,0.491933,0.104164
s20261020-0118:I0:C,s20261020-0118,testU,0,,,,0.076308,1.000000,0.774988,0.076308
s20261020-0118:I1:C,s20261020-0118,testU,1,REFRAIN,7,U5,0.942236,0.000009,0.784593,0.000009
s20261020-0119:I0:C,s20261020-0119,testU,0,,,,0.061432,1.000000,0.159129,0.061432
s20261020-0119:I1:C,s20261020-0119,testU,1,REFRAIN,7,U6,0.922882,0.000000,0.201415,0.000000
s20261020-0120:I0:C,s20261020-0120,testU,0,,,,0.126358,1.000000,0.789855,0.126358
s20261020-0120:I1:C,s20261020-0120,testU,1,REFRAIN,6,U5,0.890425,0.992017,0.919573,0.883316
s20261020-0121:I0:C,s20261020-0121,testU,0,,,,0.082485,1.000000,0.183809,0.082485
s20261020-0121:I1:C,s20261020-0121,testU,1,ACT,6,U5,0.886721,0.000000,0.438328,0.000000
s20261020-0122:I0:C,s20261020-0122,testU,0,,,,0.076617,0.889437,0.712973,0.068146
s20261020-0122:I1:C,s20261020-0122,testU,1,REFRAIN,6,U5,0.915844,0.280919,0.887371,0.257278
s20261020-0123:I0:C,s20261020-0123,testU,0,,,,0.079059,1.000000,0.467396,0.079059
s20261020-0123:I1:C,s20261020-0123,testU,1,REFRAIN,6,U5,0.903559,0.000040,0.736084,0.000036
s20261020-0124:I0:C,s20261020-0124,testU,0,,,,0.082186,1.000000,0.168996,0.082186
s20261020-0124:I1:C,s20261020-0124,testU,1,REFRAIN,6,U6,0.889739,0.028827,0.467559,0.025648
s20261020-0125:I0:C,s20261020-0125,testU,0,,,,0.082265,1.000000,0.647776,0.082265
s20261020-0125:I1:C,s20261020-0125,testU,1,ACT,6,U6,0.876581,0.997371,0.876521,0.874276
s20261020-0126:I0:C,s20261020-0126,testU,0,,,,0.058255,1.000000,0.583332,0.058255
s20261020-0126:I1:C,s20261020-0126,testU,1,REFRAIN,7,U5,0.743128,0.013628,0.612746,0.010127
s20261020-0127:I0:C,s20261020-0127,testU,0,,,,0.078723,1.000000,0.796678,0.078723
s20261020-0127:I1:C,s20261020-0127,testU,1,REFRAIN,6,U5,0.916281,0.684122,0.923667,0.626847
s20261020-0128:I0:C,s20261020-0128,testU,0,,,,0.117746,1.000000,0.737081,0.117746
s20261020-0128:I1:C,s20261020-0128,testU,1,REFRAIN,6,U5,0.919836,0.819491,0.898631,0.753797
s20261020-0129:I0:C,s20261020-0129,testU,0,,,,0.034947,1.000000,0.156023,0.034947
s20261020-0129:I1:C,s20261020-0129,testU,1,REFRAIN,6,U6,0.850502,0.000009,0.447197,0.000007
s20261020-0130:I0:C,s20261020-0130,testU,0,,,,0.099401,1.000000,0.482904,0.099401
s20261020-0130:I1:C,s20261020-0130,testU,1,ACT,6,U6,0.839835,0.999990,0.777515,0.839827
s20261020-0131:I0:C,s20261020-0131,testU,0,,,,0.042580,1.000000,0.390463,0.042580
s20261020-0131:I1:C,s20261020-0131,testU,1,REFRAIN,7,U6,0.964783,0.000000,0.463157,0.000000
s20261020-0132:I0:C,s20261020-0132,testU,0,,,,0.066003,1.000000,0.376358,0.066003
s20261020-0132:I1:C,s20261020-0132,testU,1,ACT,6,U6,0.925919,0.000460,0.696020,0.000426
s20261020-0133:I0:C,s20261020-0133,testU,0,,,,0.097549,1.000000,0.491985,0.097549
s20261020-0133:I1:C,s20261020-0133,testU,1,ACT,6,U6,0.860021,0.999923,0.778719,0.859955
s20261020-0134:I0:C,s20261020-0134,testU,0,,,,0.092654,1.000000,0.473210,0.092654
s20261020-0134:I1:C,s20261020-0134,testU,1,REFRAIN,7,U6,0.959272,0.000000,0.523306,0.000000
s20261020-0135:I0:C,s20261020-0135,testU,0,,,,0.032572,1.000000,0.270891,0.032572
s20261020-0135:I1:C,s20261020-0135,testU,1,REFRAIN,7,U6,0.916769,0.000000,0.324662,0.000000
s20261020-0136:I0:C,s20261020-0136,testU,0,,,,0.034854,1.000000,0.403356,0.034854
s20261020-0136:I1:C,s20261020-0136,testU,1,REFRAIN,7,U6,0.952547,0.000000,0.460455,0.000000
s20261020-0137:I0:C,s20261020-0137,testU,0,,,,0.083737,1.000000,0.557402,0.083737
s20261020-0137:I1:C,s20261020-0137,testU,1,REFRAIN,6,U5,0.910601,0.000205,0.815735,0.000187
s20261020-0138:I0:C,s20261020-0138,testU,0,,,,0.098209,1.000000,0.155677,0.098209
s20261020-0138:I1:C,s20261020-0138,testU,1,REFRAIN,6,U5,0.904324,0.000000,0.384899,0.000000
s20261020-0139:I0:C,s20261020-0139,testU,0,,,,0.094251,1.000000,0.353119,0.094251
s20261020-0139:I1:C,s20261020-0139,testU,1,ACT,6,U6,0.885167,0.000999,0.679076,0.000884
s20261020-0140:I0:C,s20261020-0140,testU,0,,,,0.044796,1.000000,0.424028,0.044796
s20261020-0140:I1:C,s20261020-0140,testU,1,REFRAIN,7,U6,0.939697,0.000000,0.500364,0.000000
s20261020-0141:I0:C,s20261020-0141,testU,0,,,,0.097084,0.019863,0.717526,0.001928
s20261020-0141:I1:C,s20261020-0141,testU,1,REFRAIN,6,U5,0.920638,0.983134,0.887778,0.905110
s20261020-0142:I0:C,s20261020-0142,testU,0,,,,0.096547,1.000000,0.556941,0.096547
s20261020-0142:I1:C,s20261020-0142,testU,1,REFRAIN,6,U5,0.908355,0.013590,0.792940,0.012345
s20261020-0143:I0:C,s20261020-0143,testU,0,,,,0.084837,1.000000,0.792442,0.084837
s20261020-0143:I1:C,s20261020-0143,testU,1,REFRAIN,7,U5,0.853697,0.000910,0.800423,0.000777
s20261020-0144:I0:C,s20261020-0144,testU,0,,,,0.115839,1.000000,0.440005,0.115839
s20261020-0144:I1:C,s20261020-0144,testU,1,REFRAIN,6,U5,0.926763,0.000095,0.721559,0.000088
s20261020-0145:I0:C,s20261020-0145,testU,0,,,,0.104032,1.000000,0.422370,0.104032
s20261020-0145:I1:C,s20261020-0145,testU,1,REFRAIN,7,U6,0.960585,0.000000,0.481424,0.000000
s20261020-0146:I0:C,s20261020-0146,testU,0,,,,0.124882,1.000000,0.523083,0.124882
s20261020-0146:I1:C,s20261020-0146,testU,1,ACT,7,U6,0.937338,0.062958,0.575175,0.059013
s20261020-0147:I0:C,s20261020-0147,testU,0,,,,0.056891,1.000000,0.766490,0.056891
s20261020-0147:I1:C,s20261020-0147,testU,1,ACT,7,U6,0.898578,0.100187,0.812231,0.090026
s20261020-0148:I0:C,s20261020-0148,testU,0,,,,0.065484,1.000000,0.499605,0.065484
s20261020-0148:I1:C,s20261020-0148,testU,1,REFRAIN,6,U5,0.910725,0.000395,0.774653,0.000360
s20261020-0149:I0:C,s20261020-0149,testU,0,,,,0.090476,1.000000,0.572795,0.090476
s20261020-0149:I1:C,s20261020-0149,testU,1,ACT,6,U6,0.875929,0.999877,0.832552,0.875821
s20261020-0150:I0:C,s20261020-0150,testU,0,,,,0.077965,1.000000,0.411912,0.077965
s20261020-0150:I1:C,s20261020-0150,testU,1,REFRAIN,7,U5,0.816643,0.000000,0.455069,0.000000
s20261020-0151:I0:C,s20261020-0151,testU,0,,,,0.050039,1.000000,0.795239,0.050039
s20261020-0151:I1:C,s20261020-0151,testU,1,REFRAIN,7,U6,0.901194,0.016108,0.836798,0.014516
s20261020-0152:I0:C,s20261020-0152,testU,0,,,,0.076349,0.998759,0.723481,0.076255
s20261020-0152:I1:C,s20261020-0152,testU,1,REFRAIN,7,U5,0.916596,0.000019,0.745213,0.000017
s20261020-0153:I0:C,s20261020-0153,testU,0,,,,0.121287,1.000000,0.763357,0.121287
s20261020-0153:I1:C,s20261020-0153,testU,1,REFRAIN,7,U5,0.951533,0.000001,0.779886,0.000001
s20261020-0154:I0:C,s20261020-0154,testU,0,,,,0.053871,0.999998,0.783959,0.053870
s20261020-0154:I1:C,s20261020-0154,testU,1,REFRAIN,6,U5,0.918637,0.882223,0.924195,0.810443
s20261020-0155:I0:C,s20261020-0155,testU,0,,,,0.078334,1.000000,0.156682,0.078334
s20261020-0155:I1:C,s20261020-0155,testU,1,ACT,6,U6,0.800250,0.072569,0.421779,0.058073
s20261020-0156:I0:C,s20261020-0156,testU,0,,,,0.081286,1.000000,0.409232,0.081286
s20261020-0156:I1:C,s20261020-0156,testU,1,REFRAIN,6,U6,0.887828,0.000084,0.718685,0.000075
s20261020-0157:I0:C,s20261020-0157,testU,0,,,,0.058813,1.000000,0.304069,0.058813
s20261020-0157:I1:C,s20261020-0157,testU,1,REFRAIN,7,U6,0.965795,0.000000,0.369871,0.000000
s20261020-0158:I0:C,s20261020-0158,testU,0,,,,0.078145,1.000000,0.367557,0.078145
s20261020-0158:I1:C,s20261020-0158,testU,1,REFRAIN,6,U5,0.921699,0.000022,0.663968,0.000020
s20261020-0159:I0:C,s20261020-0159,testU,0,,,,0.059185,1.000000,0.156759,0.059185
s20261020-0159:I1:C,s20261020-0159,testU,1,REFRAIN,6,U5,0.897749,0.000000,0.403873,0.000000
s20261020-0160:I0:C,s20261020-0160,testU,0,,,,0.075356,1.000000,0.617132,0.075356
s20261020-0160:I1:C,s20261020-0160,testU,1,ACT,7,U6,0.958146,0.000000,0.653857,0.000000
s20261020-0161:I0:C,s20261020-0161,testU,0,,,,0.077537,1.000000,0.114210,0.077537
s20261020-0161:I1:C,s20261020-0161,testU,1,REFRAIN,6,U6,0.823845,0.195713,0.352864,0.161237
s20261020-0162:I0:C,s20261020-0162,testU,0,,,,0.062617,1.000000,0.193905,0.062617
s20261020-0162:I1:C,s20261020-0162,testU,1,ACT,6,U5,0.862602,0.000000,0.447117,0.000000
s20261020-0163:I0:C,s20261020-0163,testU,0,,,,0.096865,1.000000,0.407480,0.096865
s20261020-0163:I1:C,s20261020-0163,testU,1,REFRAIN,7,U6,0.952718,0.000000,0.464579,0.000000
s20261020-0164:I0:C,s20261020-0164,testU,0,,,,0.089053,1.000000,0.562055,0.089053
s20261020-0164:I1:C,s20261020-0164,testU,1,REFRAIN,7,U5,0.761770,0.005674,0.584632,0.004322
s20261020-0165:I0:C,s20261020-0165,testU,0,,,,0.076897,1.000000,0.716061,0.076897
s20261020-0165:I1:C,s20261020-0165,testU,1,ACT,7,U6,0.897615,0.353399,0.756130,0.317216
s20261020-0166:I0:C,s20261020-0166,testU,0,,,,0.075474,0.999815,0.404571,0.075460
s20261020-0166:I1:C,s20261020-0166,testU,1,ACT,7,U6,0.956943,0.000000,0.463413,0.000000
s20261020-0167:I0:C,s20261020-0167,testU,0,,,,0.071859,1.000000,0.603199,0.071859
s20261020-0167:I1:C,s20261020-0167,testU,1,REFRAIN,6,U5,0.897989,0.000894,0.832715,0.000803
s20261020-0168:I0:C,s20261020-0168,testU,0,,,,0.082159,1.000000,0.826192,0.082159
s20261020-0168:I1:C,s20261020-0168,testU,1,ACT,7,U6,0.895328,0.716369,0.839430,0.641385
s20261020-0169:I0:C,s20261020-0169,testU,0,,,,0.079310,1.000000,0.651781,0.079310
s20261020-0169:I1:C,s20261020-0169,testU,1,ACT,7,U6,0.904185,0.025502,0.714332,0.023058
s20261020-0170:I0:C,s20261020-0170,testU,0,,,,0.084063,1.000000,0.181853,0.084063
s20261020-0170:I1:C,s20261020-0170,testU,1,REFRAIN,7,U5,0.829686,0.000001,0.207548,0.000001
s20261020-0171:I0:C,s20261020-0171,testU,0,,,,0.103193,1.000000,0.137116,0.103193
s20261020-0171:I1:C,s20261020-0171,testU,1,REFRAIN,6,U5,0.907651,0.000000,0.369686,0.000000
s20261020-0172:I0:C,s20261020-0172,testU,0,,,,0.068440,1.000000,0.228732,0.068440
s20261020-0172:I1:C,s20261020-0172,testU,1,REFRAIN,6,U5,0.876946,0.000000,0.502198,0.000000
s20261020-0173:I0:C,s20261020-0173,testU,0,,,,0.122102,1.000000,0.714549,0.122102
s20261020-0173:I1:C,s20261020-0173,testU,1,REFRAIN,7,U5,0.825401,0.001282,0.735189,0.001058
s20261020-0174:I0:C,s20261020-0174,testU,0,,,,0.101607,1.000000,0.442243,0.101607
s20261020-0174:I1:C,s20261020-0174,testU,1,REFRAIN,7,U6,0.952947,0.000000,0.499586,0.000000
s20261020-0175:I0:C,s20261020-0175,testU,0,,,,0.071407,1.000000,0.757076,0.071407
s20261020-0175:I1:C,s20261020-0175,testU,1,REFRAIN,7,U5,0.941484,0.000002,0.767689,0.000002
s20261020-0176:I0:C,s20261020-0176,testU,0,,,,0.054416,1.000000,0.192361,0.054416
s20261020-0176:I1:C,s20261020-0176,testU,1,REFRAIN,7,U6,0.931273,0.000000,0.232879,0.000000
s20261020-0177:I0:C,s20261020-0177,testU,0,,,,0.120748,0.999999,0.413311,0.120748
s20261020-0177:I1:C,s20261020-0177,testU,1,REFRAIN,6,U5,0.921271,0.000029,0.707290,0.000027
s20261020-0178:I0:C,s20261020-0178,testU,0,,,,0.091002,1.000000,0.408220,0.091002
s20261020-0178:I1:C,s20261020-0178,testU,1,REFRAIN,6,U5,0.906993,0.000168,0.697359,0.000152
s20261020-0179:I0:C,s20261020-0179,testU,0,,,,0.075635,1.000000,0.803363,0.075635
s20261020-0179:I1:C,s20261020-0179,testU,1,ACT,7,U6,0.884557,0.559299,0.820380,0.494732
s20261020-0180:I0:C,s20261020-0180,testU,0,,,,0.032573,1.000000,0.605346,0.032573
s20261020-0180:I1:C,s20261020-0180,testU,1,ACT,6,U6,0.887126,0.999987,0.837898,0.887114
s20261020-0181:I0:C,s20261020-0181,testU,0,,,,0.083084,1.000000,0.477987,0.083084
s20261020-0181:I1:C,s20261020-0181,testU,1,ACT,6,U6,0.810310,0.999835,0.777187,0.810176
s20261020-0182:I0:C,s20261020-0182,testU,0,,,,0.196493,1.000000,0.254722,0.196493
s20261020-0182:I1:C,s20261020-0182,testU,1,REFRAIN,7,U5,0.899321,0.000000,0.285160,0.000000
s20261020-0183:I0:C,s20261020-0183,testU,0,,,,0.064280,1.000000,0.755683,0.064280
s20261020-0183:I1:C,s20261020-0183,testU,1,REFRAIN,7,U5,0.943568,0.000003,0.774950,0.000003
s20261020-0184:I0:C,s20261020-0184,testU,0,,,,0.086286,0.999988,0.394525,0.086285
s20261020-0184:I1:C,s20261020-0184,testU,1,REFRAIN,7,U6,0.955380,0.000000,0.468858,0.000000
s20261020-0185:I0:C,s20261020-0185,testU,0,,,,0.085536,1.000000,0.531234,0.085536
s20261020-0185:I1:C,s20261020-0185,testU,1,REFRAIN,6,U5,0.909404,0.000102,0.775367,0.000092
s20261020-0186:I0:C,s20261020-0186,testU,0,,,,0.099771,0.711835,0.609451,0.071020
s20261020-0186:I1:C,s20261020-0186,testU,1,REFRAIN,7,U5,0.954524,0.000002,0.639123,0.000002
s20261020-0187:I0:C,s20261020-0187,testU,0,,,,0.047941,1.000000,0.766151,0.047941
s20261020-0187:I1:C,s20261020-0187,testU,1,ACT,6,U6,0.874452,0.999589,0.921515,0.874092
s20261020-0188:I0:C,s20261020-0188,testU,0,,,,0.096213,1.000000,0.642856,0.096213
s20261020-0188:I1:C,s20261020-0188,testU,1,REFRAIN,7,U6,0.930023,0.225418,0.678187,0.209644
s20261020-0189:I0:C,s20261020-0189,testU,0,,,,0.065568,1.000000,0.197400,0.065568
s20261020-0189:I1:C,s20261020-0189,testU,1,ACT,6,U6,0.809459,0.141980,0.503173,0.114927
s20261020-0190:I0:C,s20261020-0190,testU,0,,,,0.096916,1.000000,0.189125,0.096916
s20261020-0190:I1:C,s20261020-0190,testU,1,ACT,6,U5,0.894482,0.000000,0.451887,0.000000
s20261020-0191:I0:C,s20261020-0191,testU,0,,,,0.087761,1.000000,0.796618,0.087761
s20261020-0191:I1:C,s20261020-0191,testU,1,ACT,6,U6,0.827992,0.999970,0.931213,0.827968
s20261020-0192:I0:C,s20261020-0192,testU,0,,,,0.059070,1.000000,0.177766,0.059070
s20261020-0192:I1:C,s20261020-0192,testU,1,ACT,6,U5,0.906535,0.000000,0.416114,0.000000
s20261020-0193:I0:C,s20261020-0193,testU,0,,,,0.056159,1.000000,0.355831,0.056159
s20261020-0193:I1:C,s20261020-0193,testU,1,REFRAIN,6,U5,0.883849,0.002587,0.654242,0.002286
s20261020-0194:I0:C,s20261020-0194,testU,0,,,,0.081406,1.000000,0.404475,0.081406
s20261020-0194:I1:C,s20261020-0194,testU,1,REFRAIN,6,U6,0.880391,0.007377,0.716226,0.006495
s20261020-0195:I0:C,s20261020-0195,testU,0,,,,0.076673,1.000000,0.476709,0.076673
s20261020-0195:I1:C,s20261020-0195,testU,1,ACT,6,U6,0.897394,0.999987,0.762765,0.897382
s20261020-0196:I0:C,s20261020-0196,testU,0,,,,0.067391,1.000000,0.161939,0.067391
s20261020-0196:I1:C,s20261020-0196,testU,1,REFRAIN,7,U5,0.872657,0.000000,0.174434,0.000000
s20261020-0197:I0:C,s20261020-0197,testU,0,,,,0.119398,1.000000,0.406399,0.119398
s20261020-0197:I1:C,s20261020-0197,testU,1,REFRAIN,7,U5,0.802082,0.000000,0.442834,0.000000
s20261020-0198:I0:C,s20261020-0198,testU,0,,,,0.062949,1.000000,0.785049,0.062949
s20261020-0198:I1:C,s20261020-0198,testU,1,ACT,6,U6,0.873266,0.998141,0.918286,0.871642
s20261020-0199:I0:C,s20261020-0199,testU,0,,,,0.071371,1.000000,0.196379,0.071371
s20261020-0199:I1:C,s20261020-0199,testU,1,REFRAIN,7,U6,0.911953,0.002360,0.241279,0.002152
s20261020-0200:I0:C,s20261020-0200,testU,0,,,,0.026391,1.000000,0.227187,0.026391
s20261020-0200:I1:C,s20261020-0200,testU,1,REFRAIN,6,U5,0.884950,0.000000,0.505477,0.000000
s20261020-0201:I0:C,s20261020-0201,testU,0,,,,0.041515,1.000000,0.244407,0.041515
s20261020-0201:I1:C,s20261020-0201,testU,1,ACT,6,U6,0.795908,0.008106,0.539171,0.006451
s20261020-0202:I0:C,s20261020-0202,testU,0,,,,0.087696,1.000000,0.616272,0.087696
s20261020-0202:I1:C,s20261020-0202,testU,1,ACT,6,U6,0.832643,0.996562,0.854922,0.829781
s20261020-0203:I0:C,s20261020-0203,testU,0,,,,0.069917,1.000000,0.485678,0.069917
s20261020-0203:I1:C,s20261020-0203,testU,1,REFRAIN,7,U5,0.911317,0.000000,0.512908,0.000000
s20261020-0204:I0:C,s20261020-0204,testU,0,,,,0.100670,1.000000,0.313130,0.100670
s20261020-0204:I1:C,s20261020-0204,testU,1,REFRAIN,7,U5,0.672987,0.000918,0.362284,0.000618
s20261020-0205:I0:C,s20261020-0205,testU,0,,,,0.090251,1.000000,0.403999,0.090251
s20261020-0205:I1:C,s20261020-0205,testU,1,REFRAIN,7,U5,0.613734,0.000051,0.456567,0.000031
s20261020-0206:I0:C,s20261020-0206,testU,0,,,,0.083170,1.000000,0.171575,0.083170
s20261020-0206:I1:C,s20261020-0206,testU,1,REFRAIN,7,U6,0.907650,0.000001,0.206276,0.000000
s20261020-0207:I0:C,s20261020-0207,testU,0,,,,0.149734,1.000000,0.597102,0.149734
s20261020-0207:I1:C,s20261020-0207,testU,1,REFRAIN,6,U5,0.910264,0.002116,0.834796,0.001926
s20261020-0208:I0:C,s20261020-0208,testU,0,,,,0.057837,1.000000,0.438927,0.057837
s20261020-0208:I1:C,s20261020-0208,testU,1,REFRAIN,7,U6,0.940649,0.000000,0.501283,0.000000
s20261020-0209:I0:C,s20261020-0209,testU,0,,,,0.061095,1.000000,0.564408,0.061095
s20261020-0209:I1:C,s20261020-0209,testU,1,REFRAIN,7,U6,0.951792,0.000000,0.628744,0.000000
s20261020-0210:I0:C,s20261020-0210,testU,0,,,,0.154782,1.000000,0.467580,0.154782
s20261020-0210:I1:C,s20261020-0210,testU,1,REFRAIN,6,U5,0.901180,0.000371,0.745915,0.000334
s20261020-0211:I0:C,s20261020-0211,testU,0,,,,0.071796,1.000000,0.761744,0.071796
s20261020-0211:I1:C,s20261020-0211,testU,1,ACT,7,U6,0.871103,0.730525,0.790977,0.636363
s20261020-0212:I0:C,s20261020-0212,testU,0,,,,0.091076,1.000000,0.421584,0.091076
s20261020-0212:I1:C,s20261020-0212,testU,1,REFRAIN,6,U5,0.911376,0.000187,0.701970,0.000171
s20261020-0213:I0:C,s20261020-0213,testU,0,,,,0.044826,1.000000,0.708087,0.044826
s20261020-0213:I1:C,s20261020-0213,testU,1,REFRAIN,7,U5,0.899621,0.000062,0.729363,0.000056
s20261020-0214:I0:C,s20261020-0214,testU,0,,,,0.065560,1.000000,0.118616,0.065560
s20261020-0214:I1:C,s20261020-0214,testU,1,ACT,7,U6,0.920897,0.000009,0.154031,0.000008
s20261020-0215:I0:C,s20261020-0215,testU,0,,,,0.081192,1.000000,0.515566,0.081192
s20261020-0215:I1:C,s20261020-0215,testU,1,ACT,6,U6,0.878000,0.999974,0.790895,0.877977
s20261020-0216:I0:C,s20261020-0216,testU,0,,,,0.067905,1.000000,0.562060,0.067905
s20261020-0216:I1:C,s20261020-0216,testU,1,ACT,7,U6,0.931709,0.988750,0.610630,0.921227
s20261020-0217:I0:C,s20261020-0217,testU,0,,,,0.068810,1.000000,0.419381,0.068810
s20261020-0217:I1:C,s20261020-0217,testU,1,REFRAIN,6,U5,0.915673,0.000045,0.703535,0.000041
s20261020-0218:I0:C,s20261020-0218,testU,0,,,,0.067344,1.000000,0.540175,0.067344
s20261020-0218:I1:C,s20261020-0218,testU,1,REFRAIN,6,U5,0.914970,0.000260,0.801385,0.000237
s20261020-0219:I0:C,s20261020-0219,testU,0,,,,0.077213,1.000000,0.457459,0.077213
s20261020-0219:I1:C,s20261020-0219,testU,1,REFRAIN,6,U5,0.922588,0.000009,0.723508,0.000008
s20261020-0220:I0:C,s20261020-0220,testU,0,,,,0.072296,1.000000,0.191180,0.072296
s20261020-0220:I1:C,s20261020-0220,testU,1,ACT,7,U6,0.920198,0.000000,0.234208,0.000000
s20261020-0221:I0:C,s20261020-0221,testU,0,,,,0.080120,0.988907,0.794633,0.079231
s20261020-0221:I1:C,s20261020-0221,testU,1,REFRAIN,7,U5,0.895089,0.000281,0.811303,0.000252
s20261020-0222:I0:C,s20261020-0222,testU,0,,,,0.071868,1.000000,0.579827,0.071868
s20261020-0222:I1:C,s20261020-0222,testU,1,ACT,6,U6,0.894385,0.808706,0.826734,0.723294
s20261020-0223:I0:C,s20261020-0223,testU,0,,,,0.086837,1.000000,0.203036,0.086837
s20261020-0223:I1:C,s20261020-0223,testU,1,ACT,6,U5,0.895767,0.000000,0.456485,0.000000
s20261020-0224:I0:C,s20261020-0224,testU,0,,,,0.110061,1.000000,0.420231,0.110061
s20261020-0224:I1:C,s20261020-0224,testU,1,REFRAIN,6,U5,0.908633,0.002639,0.717690,0.002398
s20261020-0225:I0:C,s20261020-0225,testU,0,,,,0.045467,1.000000,0.521637,0.045467
s20261020-0225:I1:C,s20261020-0225,testU,1,ACT,7,U6,0.954043,0.223520,0.573174,0.213248
s20261020-0226:I0:C,s20261020-0226,testU,0,,,,0.076180,1.000000,0.754202,0.076180
s20261020-0226:I1:C,s20261020-0226,testU,1,REFRAIN,6,U5,0.921897,0.627036,0.907527,0.578063
s20261020-0227:I0:C,s20261020-0227,testU,0,,,,0.081864,1.000000,0.182205,0.081864
s20261020-0227:I1:C,s20261020-0227,testU,1,ACT,6,U6,0.763143,0.059733,0.475241,0.045585
s20261020-0228:I0:C,s20261020-0228,testU,0,,,,0.066371,1.000000,0.221305,0.066371
s20261020-0228:I1:C,s20261020-0228,testU,1,REFRAIN,7,U6,0.933510,0.000000,0.277884,0.000000
s20261020-0229:I0:C,s20261020-0229,testU,0,,,,0.077850,1.000000,0.467134,0.077850
s20261020-0229:I1:C,s20261020-0229,testU,1,REFRAIN,6,U5,0.903237,0.000187,0.735209,0.000169
s20261020-0230:I0:C,s20261020-0230,testU,0,,,,0.041478,1.000000,0.447957,0.041478
s20261020-0230:I1:C,s20261020-0230,testU,1,REFRAIN,7,U6,0.940601,0.031292,0.521474,0.029433
s20261020-0231:I0:C,s20261020-0231,testU,0,,,,0.054784,1.000000,0.529733,0.054784
s20261020-0231:I1:C,s20261020-0231,testU,1,REFRAIN,7,U6,0.942342,0.000043,0.582168,0.000041
s20261020-0232:I0:C,s20261020-0232,testU,0,,,,0.084651,1.000000,0.584851,0.084651
s20261020-0232:I1:C,s20261020-0232,testU,1,REFRAIN,7,U6,0.955096,0.000140,0.638968,0.000134
s20261020-0233:I0:C,s20261020-0233,testU,0,,,,0.099853,1.000000,0.247558,0.099853
s20261020-0233:I1:C,s20261020-0233,testU,1,REFRAIN,7,U5,0.940177,0.000000,0.277866,0.000000
s20261020-0234:I0:C,s20261020-0234,testU,0,,,,0.052254,1.000000,0.566730,0.052254
s20261020-0234:I1:C,s20261020-0234,testU,1,REFRAIN,7,U5,0.893201,0.000001,0.590752,0.000000
s20261020-0235:I0:C,s20261020-0235,testU,0,,,,0.032940,1.000000,0.680987,0.032940
s20261020-0235:I1:C,s20261020-0235,testU,1,REFRAIN,6,U5,0.925712,0.479871,0.870801,0.444222
s20261020-0236:I0:C,s20261020-0236,testU,0,,,,0.033310,0.999999,0.751893,0.033310
s20261020-0236:I1:C,s20261020-0236,testU,1,ACT,6,U6,0.854851,0.999591,0.918285,0.854502
s20261020-0237:I0:C,s20261020-0237,testU,0,,,,0.089037,1.000000,0.324196,0.089037
s20261020-0237:I1:C,s20261020-0237,testU,1,REFRAIN,6,U6,0.894579,0.000088,0.669459,0.000078
s20261020-0238:I0:C,s20261020-0238,testU,0,,,,0.087628,1.000000,0.153247,0.087628
s20261020-0238:I1:C,s20261020-0238,testU,1,REFRAIN,7,U5,0.895204,0.000000,0.176735,0.000000
s20261020-0239:I0:C,s20261020-0239,testU,0,,,,0.068812,1.000000,0.481879,0.068812
s20261020-0239:I1:C,s20261020-0239,testU,1,REFRAIN,6,U5,0.908687,0.011207,0.745374,0.010184
s20261020-0240:I0:C,s20261020-0240,testU,0,,,,0.079783,1.000000,0.476702,0.079783
s20261020-0240:I1:C,s20261020-0240,testU,1,REFRAIN,6,U5,0.895463,0.004692,0.732216,0.004202
s20261020-0241:I0:C,s20261020-0241,testU,0,,,,0.075541,1.000000,0.581408,0.075541
s20261020-0241:I1:C,s20261020-0241,testU,1,REFRAIN,6,U5,0.921721,0.628964,0.824542,0.579729
s20261020-0242:I0:C,s20261020-0242,testU,0,,,,0.061813,1.000000,0.198572,0.061813
s20261020-0242:I1:C,s20261020-0242,testU,1,REFRAIN,6,U6,0.837893,0.000029,0.489884,0.000024
s20261020-0243:I0:C,s20261020-0243,testU,0,,,,0.076191,1.000000,0.458170,0.076191
s20261020-0243:I1:C,s20261020-0243,testU,1,ACT,6,U6,0.908602,0.022367,0.767165,0.020323
s20261020-0244:I0:C,s20261020-0244,testU,0,,,,0.054162,1.000000,0.447910,0.054162
s20261020-0244:I1:C,s20261020-0244,testU,1,REFRAIN,7,U5,0.645924,0.251522,0.481860,0.162464
s20261020-0245:I0:C,s20261020-0245,testU,0,,,,0.086989,1.000000,0.275828,0.086989
s20261020-0245:I1:C,s20261020-0245,testU,1,ACT,7,U6,0.942716,0.000000,0.339023,0.000000
s20261020-0246:I0:C,s20261020-0246,testU,0,,,,0.059124,1.000000,0.222878,0.059124
s20261020-0246:I1:C,s20261020-0246,testU,1,ACT,7,U6,0.922436,0.001658,0.267332,0.001530
s20261020-0247:I0:C,s20261020-0247,testU,0,,,,0.093619,1.000000,0.574486,0.093619
s20261020-0247:I1:C,s20261020-0247,testU,1,REFRAIN,6,U5,0.905108,0.001051,0.804979,0.000951
s20261020-0248:I0:C,s20261020-0248,testU,0,,,,0.074237,1.000000,0.420853,0.074237
s20261020-0248:I1:C,s20261020-0248,testU,1,ACT,6,U6,0.851850,0.998374,0.743565,0.850464
s20261020-0249:I0:C,s20261020-0249,testU,0,,,,0.077545,1.000000,0.606074,0.077545
s20261020-0249:I1:C,s20261020-0249,testU,1,ACT,7,U6,0.927304,0.059562,0.644238,0.055232
s20261020-0250:I0:C,s20261020-0250,testU,0,,,,0.088213,1.000000,0.227734,0.088213
s20261020-0250:I1:C,s20261020-0250,testU,1,REFRAIN,7,U5,0.888740,0.000000,0.269896,0.000000
s20261020-0251:I0:C,s20261020-0251,testU,0,,,,0.075839,1.000000,0.222879,0.075839
s20261020-0251:I1:C,s20261020-0251,testU,1,REFRAIN,6,U5,0.902512,0.000000,0.470453,0.000000
s20261020-0252:I0:C,s20261020-0252,testU,0,,,,0.079644,1.000000,0.518064,0.079644
s20261020-0252:I1:C,s20261020-0252,testU,1,ACT,6,U6,0.878752,0.004673,0.791630,0.004106
s20261020-0253:I0:C,s20261020-0253,testU,0,,,,0.063542,1.000000,0.722660,0.063542
s20261020-0253:I1:C,s20261020-0253,testU,1,REFRAIN,6,U5,0.918091,0.170793,0.888654,0.156803
s20261020-0254:I0:C,s20261020-0254,testU,0,,,,0.094746,1.000000,0.507474,0.094746
s20261020-0254:I1:C,s20261020-0254,testU,1,REFRAIN,7,U6,0.936815,0.006446,0.569557,0.006038
s20261020-0255:I0:C,s20261020-0255,testU,0,,,,0.068716,1.000000,0.256773,0.068716
s20261020-0255:I1:C,s20261020-0255,testU,1,REFRAIN,7,U5,0.873739,0.000000,0.286993,0.000000
s20261020-0256:I0:C,s20261020-0256,testU,0,,,,0.084420,1.000000,0.599509,0.084420
s20261020-0256:I1:C,s20261020-0256,testU,1,ACT,6,U6,0.896602,0.990354,0.841854,0.887953
s20261020-0257:I0:C,s20261020-0257,testU,0,,,,0.073498,1.000000,0.436242,0.073498
s20261020-0257:I1:C,s20261020-0257,testU,1,REFRAIN,7,U5,0.622633,0.001954,0.471095,0.001217
s20261020-0258:I0:C,s20261020-0258,testU,0,,,,0.088775,1.000000,0.795259,0.088775
s20261020-0258:I1:C,s20261020-0258,testU,1,ACT,6,U6,0.862112,0.994111,0.926043,0.857035
s20261020-0259:I0:C,s20261020-0259,testU,0,,,,0.075433,1.000000,0.178042,0.075433
s20261020-0259:I1:C,s20261020-0259,testU,1,REFRAIN,7,U5,0.878131,0.000000,0.202612,0.000000
s20261020-0260:I0:C,s20261020-0260,testU,0,,,,0.052257,1.000000,0.510552,0.052257
s20261020-0260:I1:C,s20261020-0260,testU,1,REFRAIN,7,U5,0.690958,0.009031,0.552215,0.006240
s20261020-0261:I0:C,s20261020-0261,testU,0,,,,0.041017,0.999999,0.842394,0.041017
s20261020-0261:I1:C,s20261020-0261,testU,1,REFRAIN,6,U5,0.919531,0.962403,0.938931,0.884960
s20261020-0262:I0:C,s20261020-0262,testU,0,,,,0.078458,1.000000,0.598032,0.078458
s20261020-0262:I1:C,s20261020-0262,testU,1,REFRAIN,6,U5,0.921951,0.629223,0.825873,0.580112
s20261020-0263:I0:C,s20261020-0263,testU,0,,,,0.094260,1.000000,0.767023,0.094260
s20261020-0263:I1:C,s20261020-0263,testU,1,ACT,7,U6,0.916454,0.004502,0.800073,0.004126
s20261020-0264:I0:C,s20261020-0264,testU,0,,,,0.114872,1.000000,0.161021,0.114872
s20261020-0264:I1:C,s20261020-0264,testU,1,REFRAIN,6,U5,0.899668,0.000000,0.396955,0.000000
s20261020-0265:I0:C,s20261020-0265,testU,0,,,,0.068334,1.000000,0.745062,0.068334
s20261020-0265:I1:C,s20261020-0265,testU,1,ACT,6,U6,0.887767,0.990842,0.910614,0.879636
s20261020-0266:I0:C,s20261020-0266,testU,0,,,,0.154448,0.000006,0.684914,0.000001
s20261020-0266:I1:C,s20261020-0266,testU,1,REFRAIN,7,U5,0.933177,0.000765,0.709474,0.000714
s20261020-0267:I0:C,s20261020-0267,testU,0,,,,0.069527,1.000000,0.151314,0.069527
s20261020-0267:I1:C,s20261020-0267,testU,1,REFRAIN,7,U6,0.925554,0.000000,0.198484,0.000000
s20261020-0268:I0:C,s20261020-0268,testU,0,,,,0.098214,1.000000,0.232868,0.098214
s20261020-0268:I1:C,s20261020-0268,testU,1,ACT,6,U5,0.882560,0.000000,0.512873,0.000000
s20261020-0269:I0:C,s20261020-0269,testU,0,,,,0.054997,1.000000,0.184884,0.054997
s20261020-0269:I1:C,s20261020-0269,testU,1,REFRAIN,6,U6,0.880836,0.000522,0.467577,0.000460
s20261020-0270:I0:C,s20261020-0270,testU,0,,,,0.092763,1.000000,0.536081,0.092763
s20261020-0270:I1:C,s20261020-0270,testU,1,REFRAIN,7,U6,0.884843,0.000000,0.595672,0.000000
s20261020-0271:I0:C,s20261020-0271,testU,0,,,,0.089777,0.999999,0.316128,0.089777
s20261020-0271:I1:C,s20261020-0271,testU,1,REFRAIN,6,U5,0.951797,0.000000,0.617560,0.000000
s20261020-0272:I0:C,s20261020-0272,testU,0,,,,0.063930,1.000000,0.512757,0.063930
s20261020-0272:I1:C,s20261020-0272,testU,1,ACT,6,U6,0.883133,0.999712,0.803020,0.882879
s20261020-0273:I0:C,s20261020-0273,testU,0,,,,0.122462,0.999711,0.378986,0.122427
s20261020-0273:I1:C,s20261020-0273,testU,1,ACT,6,U6,0.886266,0.094849,0.723270,0.084061
s20261020-0274:I0:C,s20261020-0274,testU,0,,,,0.078595,0.251767,0.767314,0.019788
s20261020-0274:I1:C,s20261020-0274,testU,1,REFRAIN,7,U5,0.941925,0.000014,0.785706,0.000013
s20261020-0275:I0:C,s20261020-0275,testU,0,,,,0.081663,1.000000,0.171417,0.081663
s20261020-0275:I1:C,s20261020-0275,testU,1,REFRAIN,6,U6,0.802106,0.006402,0.454099,0.005135
s20261020-0276:I0:C,s20261020-0276,testU,0,,,,0.110268,1.000000,0.360307,0.110268
s20261020-0276:I1:C,s20261020-0276,testU,1,REFRAIN,6,U5,0.949592,0.000002,0.656726,0.000002
s20261020-0277:I0:C,s20261020-0277,testU,0,,,,0.071500,1.000000,0.114699,0.071500
s20261020-0277:I1:C,s20261020-0277,testU,1,ACT,6,U5,0.903971,0.000000,0.332742,0.000000
s20261020-0278:I0:C,s20261020-0278,testU,0,,,,0.106971,1.000000,0.682178,0.106971
s20261020-0278:I1:C,s20261020-0278,testU,1,ACT,6,U6,0.823581,0.999878,0.900716,0.823480
s20261020-0279:I0:C,s20261020-0279,testU,0,,,,0.078603,1.000000,0.840455,0.078603
s20261020-0279:I1:C,s20261020-0279,testU,1,REFRAIN,7,U5,0.950590,0.000011,0.845964,0.000010
s20261020-0280:I0:C,s20261020-0280,testU,0,,,,0.085306,1.000000,0.484913,0.085306
s20261020-0280:I1:C,s20261020-0280,testU,1,REFRAIN,7,U5,0.838866,0.001158,0.511995,0.000971
s20261020-0281:I0:C,s20261020-0281,testU,0,,,,0.083144,1.000000,0.723568,0.083144
s20261020-0281:I1:C,s20261020-0281,testU,1,ACT,7,U6,0.895855,0.242920,0.776789,0.217621
s20261020-0282:I0:C,s20261020-0282,testU,0,,,,0.105724,1.000000,0.531674,0.105724
s20261020-0282:I1:C,s20261020-0282,testU,1,REFRAIN,6,U5,0.920525,0.000377,0.777909,0.000347
s20261020-0283:I0:C,s20261020-0283,testU,0,,,,0.065157,1.000000,0.191029,0.065157
s20261020-0283:I1:C,s20261020-0283,testU,1,REFRAIN,7,U5,0.840144,0.000000,0.217622,0.000000
s20261020-0284:I0:C,s20261020-0284,testU,0,,,,0.072971,1.000000,0.786034,0.072971
s20261020-0284:I1:C,s20261020-0284,testU,1,REFRAIN,7,U5,0.923489,0.000002,0.804100,0.000001
s20261020-0285:I0:C,s20261020-0285,testU,0,,,,0.051511,1.000000,0.559418,0.051511
s20261020-0285:I1:C,s20261020-0285,testU,1,REFRAIN,6,U5,0.911288,0.002712,0.806369,0.002471
s20261020-0286:I0:C,s20261020-0286,testU,0,,,,0.081182,1.000000,0.146612,0.081182
s20261020-0286:I1:C,s20261020-0286,testU,1,REFRAIN,7,U6,0.933728,0.000000,0.194022,0.000000
s20261020-0287:I0:C,s20261020-0287,testU,0,,,,0.055933,1.000000,0.211657,0.055933
s20261020-0287:I1:C,s20261020-0287,testU,1,ACT,6,U6,0.766548,0.000029,0.504032,0.000022
s20261020-0288:I0:C,s20261020-0288,testU,0,,,,0.050915,1.000000,0.160466,0.050915
s20261020-0288:I1:C,s20261020-0288,testU,1,ACT,6,U5,0.911438,0.000000,0.418661,0.000000
s20261020-0289:I0:C,s20261020-0289,testU,0,,,,0.074599,1.000000,0.135782,0.074599
s20261020-0289:I1:C,s20261020-0289,testU,1,REFRAIN,7,U6,0.926405,0.000000,0.184610,0.000000
s20261020-0290:I0:C,s20261020-0290,testU,0,,,,0.082140,1.000000,0.481281,0.082140
s20261020-0290:I1:C,s20261020-0290,testU,1,ACT,7,U6,0.936586,0.000000,0.530150,0.000000
s20261020-0291:I0:C,s20261020-0291,testU,0,,,,0.078530,1.000000,0.836739,0.078530
s20261020-0291:I1:C,s20261020-0291,testU,1,REFRAIN,6,U5,0.921893,0.905674,0.940355,0.834934
s20261020-0292:I0:C,s20261020-0292,testU,0,,,,0.107720,1.000000,0.757574,0.107720
s20261020-0292:I1:C,s20261020-0292,testU,1,REFRAIN,7,U5,0.823428,0.002518,0.774997,0.002073
s20261020-0293:I0:C,s20261020-0293,testU,0,,,,0.079641,1.000000,0.377852,0.079641
s20261020-0293:I1:C,s20261020-0293,testU,1,REFRAIN,6,U5,0.933073,0.000004,0.665943,0.000003
s20261020-0294:I0:C,s20261020-0294,testU,0,,,,0.049675,1.000000,0.781688,0.049675
s20261020-0294:I1:C,s20261020-0294,testU,1,ACT,7,U6,0.914471,0.012577,0.808588,0.011501
s20261020-0295:I0:C,s20261020-0295,testU,0,,,,0.064451,1.000000,0.186978,0.064451
s20261020-0295:I1:C,s20261020-0295,testU,1,ACT,6,U6,0.806804,0.002228,0.471553,0.001798
s20261020-0296:I0:C,s20261020-0296,testU,0,,,,0.073954,1.000000,0.542903,0.073954
s20261020-0296:I1:C,s20261020-0296,testU,1,REFRAIN,6,U5,0.907582,0.002476,0.790991,0.002248
s20261020-0297:I0:C,s20261020-0297,testU,0,,,,0.061588,1.000000,0.461761,0.061588
s20261020-0297:I1:C,s20261020-0297,testU,1,REFRAIN,7,U6,0.960693,0.000000,0.537166,0.000000
s20261020-0298:I0:C,s20261020-0298,testU,0,,,,0.074839,1.000000,0.560495,0.074839
s20261020-0298:I1:C,s20261020-0298,testU,1,ACT,6,U6,0.896880,0.999982,0.819106,0.896863
s20261020-0299:I0:C,s20261020-0299,testU,0,,,,0.066732,1.000000,0.791294,0.066732
s20261020-0299:I1:C,s20261020-0299,testU,1,REFRAIN,6,U5,0.920223,0.602410,0.921739,0.554351
s20261020-0300:I0:C,s20261020-0300,testU,0,,,,0.095745,1.000000,0.346042,0.095745
s20261020-0300:I1:C,s20261020-0300,testU,1,REFRAIN,6,U5,0.874722,0.007609,0.647467,0.006656
s20261020-0301:I0:C,s20261020-0301,testU,0,,,,0.080136,1.000000,0.157023,0.080136
s20261020-0301:I1:C,s20261020-0301,testU,1,REFRAIN,6,U5,0.894460,0.000000,0.393994,0.000000
s20261020-0302:I0:C,s20261020-0302,testU,0,,,,0.118070,0.930675,0.367914,0.109884
s20261020-0302:I1:C,s20261020-0302,testU,1,REFRAIN,7,U6,0.966131,0.000000,0.442431,0.000000
s20261020-0303:I0:C,s20261020-0303,testU,0,,,,0.092973,0.853335,0.760972,0.079337
s20261020-0303:I1:C,s20261020-0303,testU,1,REFRAIN,6,U5,0.925060,0.984013,0.908622,0.910270
s20261020-0304:I0:C,s20261020-0304,testU,0,,,,0.102231,1.000000,0.394233,0.102231
s20261020-0304:I1:C,s20261020-0304,testU,1,ACT,6,U5,0.937666,0.000001,0.670562,0.000001
s20261020-0305:I0:C,s20261020-0305,testU,0,,,,0.089175,1.000000,0.455271,0.089175
s20261020-0305:I1:C,s20261020-0305,testU,1,ACT,6,U6,0.887982,0.001805,0.764303,0.001603
s20261020-0306:I0:C,s20261020-0306,testU,0,,,,0.085019,1.000000,0.597044,0.085019
s20261020-0306:I1:C,s20261020-0306,testU,1,REFRAIN,7,U6,0.939000,0.000054,0.643330,0.000051
s20261020-0307:I0:C,s20261020-0307,testU,0,,,,0.096639,1.000000,0.115038,0.096639
s20261020-0307:I1:C,s20261020-0307,testU,1,REFRAIN,6,U5,0.913809,0.000000,0.320304,0.000000
s20261020-0308:I0:C,s20261020-0308,testU,0,,,,0.086908,1.000000,0.373229,0.086908
s20261020-0308:I1:C,s20261020-0308,testU,1,REFRAIN,7,U5,0.853484,0.000000,0.404371,0.000000
s20261020-0309:I0:C,s20261020-0309,testU,0,,,,0.078533,1.000000,0.732312,0.078533
s20261020-0309:I1:C,s20261020-0309,testU,1,ACT,6,U6,0.871649,0.994304,0.897872,0.866684
s20261020-0310:I0:C,s20261020-0310,testU,0,,,,0.051188,1.000000,0.807260,0.051188
s20261020-0310:I1:C,s20261020-0310,testU,1,REFRAIN,6,U5,0.913804,0.993770,0.928577,0.908112
s20261020-0311:I0:C,s20261020-0311,testU,0,,,,0.072879,1.000000,0.763312,0.072879
s20261020-0311:I1:C,s20261020-0311,testU,1,ACT,7,U6,0.888661,0.523021,0.784635,0.464788
s20261020-0312:I0:C,s20261020-0312,testU,0,,,,0.095661,1.000000,0.417485,0.095661
s20261020-0312:I1:C,s20261020-0312,testU,1,REFRAIN,7,U6,0.958379,0.000000,0.475439,0.000000
s20261020-0313:I0:C,s20261020-0313,testU,0,,,,0.054867,1.000000,0.734015,0.054867
s20261020-0313:I1:C,s20261020-0313,testU,1,REFRAIN,6,U5,0.921220,0.598920,0.895177,0.551737
s20261020-0314:I0:C,s20261020-0314,testU,0,,,,0.050138,1.000000,0.461388,0.050138
s20261020-0314:I1:C,s20261020-0314,testU,1,REFRAIN,6,U5,0.903432,0.000643,0.732861,0.000581
s20261020-0315:I0:C,s20261020-0315,testU,0,,,,0.053243,1.000000,0.217548,0.053243
s20261020-0315:I1:C,s20261020-0315,testU,1,REFRAIN,6,U6,0.833634,0.165240,0.526432,0.137750
s20261020-0316:I0:C,s20261020-0316,testU,0,,,,0.056411,1.000000,0.503525,0.056411
s20261020-0316:I1:C,s20261020-0316,testU,1,ACT,6,U6,0.898091,0.991128,0.786083,0.890123
s20261020-0317:I0:C,s20261020-0317,testU,0,,,,0.203648,0.025882,0.426610,0.005271
s20261020-0317:I1:C,s20261020-0317,testU,1,REFRAIN,6,U5,0.879605,0.002295,0.715180,0.002019
s20261020-0318:I0:C,s20261020-0318,testU,0,,,,0.074082,1.000000,0.822101,0.074082
s20261020-0318:I1:C,s20261020-0318,testU,1,ACT,6,U6,0.863452,0.999936,0.932969,0.863397
s20261020-0319:I0:C,s20261020-0319,testU,0,,,,0.087873,1.000000,0.360712,0.087873
s20261020-0319:I1:C,s20261020-0319,testU,1,REFRAIN,6,U5,0.931923,0.000002,0.632583,0.000002
s20261020-0320:I0:C,s20261020-0320,testU,0,,,,0.096071,1.000000,0.557877,0.096071
s20261020-0320:I1:C,s20261020-0320,testU,1,ACT,7,U6,0.922985,0.071484,0.607632,0.065978
s20261020-0321:I0:C,s20261020-0321,testU,0,,,,0.114992,1.000000,0.421572,0.114992
s20261020-0321:I1:C,s20261020-0321,testU,1,REFRAIN,6,U5,0.882682,0.004058,0.716265,0.003582
s20261020-0322:I0:C,s20261020-0322,testU,0,,,,0.076152,1.000000,0.597434,0.076152
s20261020-0322:I1:C,s20261020-0322,testU,1,REFRAIN,7,U5,0.774395,0.004029,0.621601,0.003120
s20261020-0323:I0:C,s20261020-0323,testU,0,,,,0.093682,1.000000,0.740223,0.093682
s20261020-0323:I1:C,s20261020-0323,testU,1,ACT,7,U6,0.891593,0.549194,0.770704,0.489657
s20261020-0324:I0:C,s20261020-0324,testU,0,,,,0.052672,1.000000,0.174554,0.052672
s20261020-0324:I1:C,s20261020-0324,testU,1,ACT,6,U5,0.877152,0.000000,0.398757,0.000000
s20261020-0325:I0:C,s20261020-0325,testU,0,,,,0.113173,1.000000,0.152327,0.113173
s20261020-0325:I1:C,s20261020-0325,testU,1,REFRAIN,6,U5,0.885795,0.000000,0.388504,0.000000
s20261020-0326:I0:C,s20261020-0326,testU,0,,,,0.053696,1.000000,0.727376,0.053696
s20261020-0326:I1:C,s20261020-0326,testU,1,ACT,7,U6,0.882899,0.417099,0.777773,0.368257
s20261020-0327:I0:C,s20261020-0327,testU,0,,,,0.072526,1.000000,0.721530,0.072526
s20261020-0327:I1:C,s20261020-0327,testU,1,ACT,6,U6,0.831233,0.999793,0.896670,0.831061
s20261020-0328:I0:C,s20261020-0328,testU,0,,,,0.065229,1.000000,0.124250,0.065229
s20261020-0328:I1:C,s20261020-0328,testU,1,REFRAIN,6,U6,0.802396,0.004778,0.376601,0.003834
s20261020-0329:I0:C,s20261020-0329,testU,0,,,,0.082899,1.000000,0.470875,0.082899
s20261020-0329:I1:C,s20261020-0329,testU,1,REFRAIN,7,U6,0.944174,0.019441,0.528667,0.018356
s20261020-0330:I0:C,s20261020-0330,testU,0,,,,0.075904,1.000000,0.533633,0.075904
s20261020-0330:I1:C,s20261020-0330,testU,1,ACT,6,U6,0.839263,0.996283,0.827885,0.836143
s20261020-0331:I0:C,s20261020-0331,testU,0,,,,0.054452,1.000000,0.311770,0.054452
s20261020-0331:I1:C,s20261020-0331,testU,1,REFRAIN,7,U6,0.933045,0.000000,0.381103,0.000000
s20261020-0332:I0:C,s20261020-0332,testU,0,,,,0.068637,1.000000,0.515497,0.068637
s20261020-0332:I1:C,s20261020-0332,testU,1,ACT,6,U6,0.849493,0.999356,0.784568,0.848947
s20261020-0333:I0:C,s20261020-0333,testU,0,,,,0.061702,1.000000,0.412593,0.061702
s20261020-0333:I1:C,s20261020-0333,testU,1,ACT,6,U6,0.903581,0.002529,0.737669,0.002285
s20261020-0334:I0:C,s20261020-0334,testU,0,,,,0.055554,1.000000,0.563620,0.055554
s20261020-0334:I1:C,s20261020-0334,testU,1,REFRAIN,7,U5,0.741202,0.010598,0.594379,0.007856
s20261020-0335:I0:C,s20261020-0335,testU,0,,,,0.092768,1.000000,0.170425,0.092768
s20261020-0335:I1:C,s20261020-0335,testU,1,ACT,6,U5,0.861238,0.000000,0.427654,0.000000
s20261020-0336:I0:C,s20261020-0336,testU,0,,,,0.079603,0.999998,0.416378,0.079603
s20261020-0336:I1:C,s20261020-0336,testU,1,REFRAIN,7,U5,0.824798,0.000171,0.450656,0.000141
s20261020-0337:I0:C,s20261020-0337,testU,0,,,,0.073470,1.000000,0.173483,0.073470
s20261020-0337:I1:C,s20261020-0337,testU,1,REFRAIN,7,U5,0.864059,0.000000,0.206905,0.000000
s20261020-0338:I0:C,s20261020-0338,testU,0,,,,0.068746,1.000000,0.143801,0.068746
s20261020-0338:I1:C,s20261020-0338,testU,1,REFRAIN,7,U5,0.887593,0.000000,0.155584,0.000000
s20261020-0339:I0:C,s20261020-0339,testU,0,,,,0.074883,1.000000,0.172143,0.074883
s20261020-0339:I1:C,s20261020-0339,testU,1,REFRAIN,7,U5,0.912824,0.000000,0.185995,0.000000
s20261020-0340:I0:C,s20261020-0340,testU,0,,,,0.102928,1.000000,0.422064,0.102928
s20261020-0340:I1:C,s20261020-0340,testU,1,REFRAIN,7,U5,0.800191,0.000001,0.450998,0.000001
s20261020-0341:I0:C,s20261020-0341,testU,0,,,,0.099286,1.000000,0.833630,0.099286
s20261020-0341:I1:C,s20261020-0341,testU,1,ACT,6,U6,0.840616,0.999422,0.941233,0.840130
s20261020-0342:I0:C,s20261020-0342,testU,0,,,,0.093994,0.087473,0.733581,0.008222
s20261020-0342:I1:C,s20261020-0342,testU,1,REFRAIN,7,U5,0.950298,0.000004,0.755165,0.000004
s20261020-0343:I0:C,s20261020-0343,testU,0,,,,0.047978,1.000000,0.560591,0.047978
s20261020-0343:I1:C,s20261020-0343,testU,1,ACT,6,U6,0.881686,0.996318,0.812056,0.878440
s20261020-0344:I0:C,s20261020-0344,testU,0,,,,0.066196,1.000000,0.196233,0.066196
s20261020-0344:I1:C,s20261020-0344,testU,1,REFRAIN,6,U6,0.856204,0.039439,0.502845,0.033768
s20261020-0345:I0:C,s20261020-0345,testU,0,,,,0.082999,1.000000,0.716762,0.082999
s20261020-0345:I1:C,s20261020-0345,testU,1,ACT,6,U6,0.833812,0.999437,0.892204,0.833343
s20261020-0346:I0:C,s20261020-0346,testU,0,,,,0.085035,1.000000,0.202537,0.085035
s20261020-0346:I1:C,s20261020-0346,testU,1,ACT,6,U5,0.889255,0.000000,0.476880,0.000000
s20261020-0347:I0:C,s20261020-0347,testU,0,,,,0.062108,1.000000,0.202363,0.062108
s20261020-0347:I1:C,s20261020-0347,testU,1,REFRAIN,6,U6,0.894349,0.000017,0.518004,0.000015
s20261020-0348:I0:C,s20261020-0348,testU,0,,,,0.079187,1.000000,0.153222,0.079187
s20261020-0348:I1:C,s20261020-0348,testU,1,ACT,6,U5,0.893498,0.000000,0.403473,0.000000
s20261020-0349:I0:C,s20261020-0349,testU,0,,,,0.065548,0.485056,0.704739,0.031794
s20261020-0349:I1:C,s20261020-0349,testU,1,ACT,6,U6,0.828817,0.999046,0.891565,0.828027
s20261020-0350:I0:C,s20261020-0350,testU,0,,,,0.115393,1.000000,0.736216,0.115393
s20261020-0350:I1:C,s20261020-0350,testU,1,ACT,6,U6,0.880620,0.994830,0.902355,0.876068
s20261020-0351:I0:C,s20261020-0351,testU,0,,,,0.077738,1.000000,0.214891,0.077738
s20261020-0351:I1:C,s20261020-0351,testU,1,ACT,6,U5,0.897242,0.000000,0.496033,0.000000
s20261020-0352:I0:C,s20261020-0352,testU,0,,,,0.063500,1.000000,0.347023,0.063500
s20261020-0352:I1:C,s20261020-0352,testU,1,REFRAIN,6,U5,0.901951,0.000061,0.644690,0.000055
s20261020-0353:I0:C,s20261020-0353,testU,0,,,,0.093051,1.000000,0.178026,0.093051
s20261020-0353:I1:C,s20261020-0353,testU,1,REFRAIN,7,U5,0.854477,0.000000,0.191851,0.000000
s20261020-0354:I0:C,s20261020-0354,testU,0,,,,0.100382,1.000000,0.726406,0.100382
s20261020-0354:I1:C,s20261020-0354,testU,1,REFRAIN,6,U5,0.921299,0.910180,0.893089,0.838548
s20261020-0355:I0:C,s20261020-0355,testU,0,,,,0.060162,1.000000,0.392884,0.060162
s20261020-0355:I1:C,s20261020-0355,testU,1,REFRAIN,6,U6,0.902744,0.000025,0.713674,0.000022
s20261020-0356:I0:C,s20261020-0356,testU,0,,,,0.065556,1.000000,0.710402,0.065556
s20261020-0356:I1:C,s20261020-0356,testU,1,ACT,7,U6,0.897032,0.004460,0.737115,0.004000
s20261020-0357:I0:C,s20261020-0357,testU,0,,,,0.076545,1.000000,0.535827,0.076545
s20261020-0357:I1:C,s20261020-0357,testU,1,ACT,7,U6,0.908057,0.814819,0.594681,0.739902
s20261020-0358:I0:C,s20261020-0358,testU,0,,,,0.096015,1.000000,0.177506,0.096015
s20261020-0358:I1:C,s20261020-0358,testU,1,ACT,7,U6,0.916461,0.000000,0.209321,0.000000
s20261020-0359:I0:C,s20261020-0359,testU,0,,,,0.067559,1.000000,0.235253,0.067559
s20261020-0359:I1:C,s20261020-0359,testU,1,ACT,6,U5,0.896649,0.000000,0.503495,0.000000
s20261020-0360:I0:C,s20261020-0360,testU,0,,,,0.095763,1.000000,0.755212,0.095763
s20261020-0360:I1:C,s20261020-0360,testU,1,REFRAIN,7,U5,0.943267,0.000004,0.772287,0.000004
s20261020-0361:I0:C,s20261020-0361,testU,0,,,,0.041412,1.000000,0.213652,0.041412
s20261020-0361:I1:C,s20261020-0361,testU,1,REFRAIN,6,U6,0.863246,0.860033,0.504654,0.742420
s20261020-0362:I0:C,s20261020-0362,testU,0,,,,0.066974,1.000000,0.544667,0.066974
s20261020-0362:I1:C,s20261020-0362,testU,1,REFRAIN,6,U5,0.910786,0.015061,0.782035,0.013717
s20261020-0363:I0:C,s20261020-0363,testU,0,,,,0.092104,1.000000,0.554270,0.092104
s20261020-0363:I1:C,s20261020-0363,testU,1,ACT,7,U6,0.962707,0.000004,0.635325,0.000003
s20261020-0364:I0:C,s20261020-0364,testU,0,,,,0.072275,1.000000,0.370557,0.072275
s20261020-0364:I1:C,s20261020-0364,testU,1,REFRAIN,6,U5,0.965145,0.000000,0.647986,0.000000
s20261020-0365:I0:C,s20261020-0365,testU,0,,,,0.086546,1.000000,0.489207,0.086546
s20261020-0365:I1:C,s20261020-0365,testU,1,ACT,6,U6,0.935092,0.000042,0.779238,0.000040
s20261020-0366:I0:C,s20261020-0366,testU,0,,,,0.083996,1.000000,0.776512,0.083996
s20261020-0366:I1:C,s20261020-0366,testU,1,ACT,6,U6,0.867558,0.998397,0.915122,0.866167
s20261020-0367:I0:C,s20261020-0367,testU,0,,,,0.062774,1.000000,0.204509,0.062774
s20261020-0367:I1:C,s20261020-0367,testU,1,REFRAIN,7,U5,0.801551,0.000001,0.225894,0.000001
s20261020-0368:I0:C,s20261020-0368,testU,0,,,,0.086650,1.000000,0.806756,0.086650
s20261020-0368:I1:C,s20261020-0368,testU,1,ACT,6,U6,0.851327,0.999711,0.934676,0.851081
s20261020-0369:I0:C,s20261020-0369,testU,0,,,,0.069045,1.000000,0.165708,0.069045
s20261020-0369:I1:C,s20261020-0369,testU,1,REFRAIN,6,U6,0.824147,0.029664,0.436634,0.024448
s20261020-0370:I0:C,s20261020-0370,testU,0,,,,0.069398,1.000000,0.475115,0.069398
s20261020-0370:I1:C,s20261020-0370,testU,1,REFRAIN,7,U5,0.850184,0.000000,0.499411,0.000000
s20261020-0371:I0:C,s20261020-0371,testU,0,,,,0.191477,0.001085,0.471385,0.000208
s20261020-0371:I1:C,s20261020-0371,testU,1,REFRAIN,7,U5,0.866872,0.000000,0.506680,0.000000
s20261020-0372:I0:C,s20261020-0372,testU,0,,,,0.082584,1.000000,0.480740,0.082584
s20261020-0372:I1:C,s20261020-0372,testU,1,REFRAIN,7,U6,0.951619,0.000000,0.535981,0.000000
s20261020-0373:I0:C,s20261020-0373,testU,0,,,,0.058874,1.000000,0.460093,0.058874
s20261020-0373:I1:C,s20261020-0373,testU,1,REFRAIN,6,U6,0.922243,0.000573,0.769131,0.000528
s20261020-0374:I0:C,s20261020-0374,testU,0,,,,0.097716,0.999994,0.617401,0.097716
s20261020-0374:I1:C,s20261020-0374,testU,1,ACT,6,U6,0.834382,0.999989,0.864872,0.834373
s20261020-0375:I0:C,s20261020-0375,testU,0,,,,0.074276,1.000000,0.231435,0.074276
s20261020-0375:I1:C,s20261020-0375,testU,1,ACT,7,U6,0.920076,0.000012,0.282290,0.000011
s20261020-0376:I0:C,s20261020-0376,testU,0,,,,0.080236,1.000000,0.220016,0.080236
s20261020-0376:I1:C,s20261020-0376,testU,1,ACT,7,U6,0.919148,0.000152,0.278797,0.000140
s20261020-0377:I0:C,s20261020-0377,testU,0,,,,0.133255,1.000000,0.410807,0.133255
s20261020-0377:I1:C,s20261020-0377,testU,1,ACT,6,U6,0.828520,0.999510,0.736629,0.828113
s20261020-0378:I0:C,s20261020-0378,testU,0,,,,0.086076,1.000000,0.487668,0.086076
s20261020-0378:I1:C,s20261020-0378,testU,1,REFRAIN,7,U5,0.645442,0.007930,0.521588,0.005118
s20261020-0379:I0:C,s20261020-0379,testU,0,,,,0.064034,1.000000,0.181726,0.064034
s20261020-0379:I1:C,s20261020-0379,testU,1,REFRAIN,6,U5,0.886372,0.000000,0.444847,0.000000
s20261020-0380:I0:C,s20261020-0380,testU,0,,,,0.107662,1.000000,0.699557,0.107662
s20261020-0380:I1:C,s20261020-0380,testU,1,REFRAIN,6,U5,0.918122,0.752712,0.877836,0.691081
s20261020-0381:I0:C,s20261020-0381,testU,0,,,,0.069173,1.000000,0.329489,0.069173
s20261020-0381:I1:C,s20261020-0381,testU,1,REFRAIN,7,U5,0.783226,0.000002,0.360026,0.000001
s20261020-0382:I0:C,s20261020-0382,testU,0,,,,0.045143,1.000000,0.434573,0.045143
s20261020-0382:I1:C,s20261020-0382,testU,1,REFRAIN,7,U6,0.959015,0.000000,0.492014,0.000000
s20261020-0383:I0:C,s20261020-0383,testU,0,,,,0.074557,1.000000,0.472753,0.074557
s20261020-0383:I1:C,s20261020-0383,testU,1,REFRAIN,6,U5,0.906592,0.000106,0.729276,0.000097
s20261020-0384:I0:C,s20261020-0384,testU,0,,,,0.090673,1.000000,0.715702,0.090673
s20261020-0384:I1:C,s20261020-0384,testU,1,REFRAIN,6,U5,0.916184,0.344534,0.883376,0.315656
s20261020-0385:I0:C,s20261020-0385,testU,0,,,,0.058820,1.000000,0.695778,0.058820
s20261020-0385:I1:C,s20261020-0385,testU,1,ACT,7,U6,0.856154,0.896819,0.750532,0.767815
s20261020-0386:I0:C,s20261020-0386,testU,0,,,,0.070682,1.000000,0.704900,0.070682
s20261020-0386:I1:C,s20261020-0386,testU,1,REFRAIN,6,U5,0.924186,0.047095,0.889857,0.043525
s20261020-0387:I0:C,s20261020-0387,testU,0,,,,0.073313,1.000000,0.353671,0.073313
s20261020-0387:I1:C,s20261020-0387,testU,1,ACT,6,U6,0.892700,0.020187,0.710349,0.018021
s20261020-0388:I0:C,s20261020-0388,testU,0,,,,0.050116,1.000000,0.463774,0.050116
s20261020-0388:I1:C,s20261020-0388,testU,1,REFRAIN,7,U6,0.954899,0.000000,0.510339,0.000000
s20261020-0389:I0:C,s20261020-0389,testU,0,,,,0.076170,1.000000,0.364723,0.076170
s20261020-0389:I1:C,s20261020-0389,testU,1,REFRAIN,7,U6,0.952820,0.000000,0.431212,0.000000
s20261020-0390:I0:C,s20261020-0390,testU,0,,,,0.074664,1.000000,0.177475,0.074664
s20261020-0390:I1:C,s20261020-0390,testU,1,REFRAIN,6,U5,0.877096,0.000000,0.421637,0.000000
s20261020-0391:I0:C,s20261020-0391,testU,0,,,,0.061709,1.000000,0.748962,0.061709
s20261020-0391:I1:C,s20261020-0391,testU,1,REFRAIN,6,U5,0.920845,0.528514,0.904683,0.486680
s20261020-0392:I0:C,s20261020-0392,testU,0,,,,0.058923,1.000000,0.226649,0.058923
s20261020-0392:I1:C,s20261020-0392,testU,1,REFRAIN,6,U5,0.915124,0.000000,0.479184,0.000000
s20261020-0393:I0:C,s20261020-0393,testU,0,,,,0.079415,1.000000,0.775617,0.079415
s20261020-0393:I1:C,s20261020-0393,testU,1,ACT,6,U6,0.802059,0.999893,0.917944,0.801973
s20261020-0394:I0:C,s20261020-0394,testU,0,,,,0.116341,1.000000,0.783177,0.116341
s20261020-0394:I1:C,s20261020-0394,testU,1,ACT,6,U6,0.844497,0.999890,0.923512,0.844404
s20261020-0395:I0:C,s20261020-0395,testU,0,,,,0.047134,1.000000,0.411289,0.047134
s20261020-0395:I1:C,s20261020-0395,testU,1,ACT,6,U6,0.896561,0.000764,0.728936,0.000685
s20261020-0396:I0:C,s20261020-0396,testU,0,,,,0.077267,1.000000,0.748007,0.077267
s20261020-0396:I1:C,s20261020-0396,testU,1,REFRAIN,6,U5,0.910051,0.785761,0.898926,0.715082
s20261020-0397:I0:C,s20261020-0397,testU,0,,,,0.031662,1.000000,0.210109,0.031662
s20261020-0397:I1:C,s20261020-0397,testU,1,REFRAIN,6,U6,0.905904,0.027294,0.533830,0.024726
s20261020-0398:I0:C,s20261020-0398,testU,0,,,,0.080944,1.000000,0.507364,0.080944
s20261020-0398:I1:C,s20261020-0398,testU,1,ACT,6,U6,0.855501,0.998902,0.794960,0.854562
s20261020-0399:I0:C,s20261020-0399,testU,0,,,,0.098232,1.000000,0.528739,0.098232
s20261020-0399:I1:C,s20261020-0399,testU,1,ACT,6,U6,0.912674,0.995371,0.792684,0.908450
